한국스팩10호|2022.01.25|2000~2000|2000|9000||-|한국투자증권
바이오에프디엔씨|2022.01.24|23000~29000|28000|29900|74.01:1|11.80%|DB금융투자
인카금융서비스|2022.01.24|23000~27000|18000|20235|13.69:1|4.19%|한국투자증권
나래나노텍|2022.01.17|17500~20500|17500|54250|102:1|0.97%|미래에셋증권
아셈스|2022.01.17|7000~8000|8000|14000|1618.26:1|7.71%|한국투자증권
스코넥엔터테인먼트|2022.01.13|9000~12000|13000|20036|1724.66:1|59.95%|신영증권
이지트로닉스|2022.01.13|19000~22000|22000|37620|1343.51:1|2.94%|NH투자증권
LG에너지솔루션|2022.01.11|257000~300000|300000|10922500|2023.37:1|77.38%|KB증권,대신증권,신한금융,미래에셋증권,신영증권,하나금융,하이투자
애드바이오텍|2022.01.06|7000~8000|7000|9520|102.15:1|-|대신증권
디비금융스팩10호|2022.01.06|2000~2000|2000|10000||-|DB금융투자
케이옥션|2022.01.06|17000~20000|20000|27200|1638.36:1|36.80%|신영증권
오토앤|2022.01.05|4200~4800|5300|12085|1713:1|8.34%|미래에셋증권,현대차증권
래몽래인|2021.12.15|11500~13000|15000|13800|1545.68:1|17.75%|IBK투자증권
하나금융스팩20호|2021.12.13|2000~2000|2000|6000||-|하나금융투자
NH스팩22호|2021.12.13|2000~2000|2000|12000||-|NH투자증권
하이스팩7호|2021.12.06|2000~2000|2000|10000||-|하이투자증권
교보스팩11호|2021.12.06|2000~2000|2000|8400||-|교보증권
케이티비네트워크|2021.11.29|5800~7200|5800|116000|50.19:1|6.94%|한국투자증권,NH투자증권,삼성증권,유진투자증권,하이투자증권,KB증권
툴젠|2021.11.25|100000~120000|70000|100000|29.54:1|0.10%|한국투자증권
대신밸런스스팩11호|2021.11.17|2000~2000|2000|13000||-|대신증권
신한서부티엔디리츠|2021.11.17|5000~5000|5000|134889|564.84:1|15.28%|한국투자증권,신한금융투자,하나금융투자
미래에셋글로벌리츠|2021.11.15|5000~5000|5000|75100|1019.58:1|17.34%|미래에셋증권,KB증권,NH투자증권
마인즈랩|2021.11.08|26000~30000|30000|15715|197.55:1|19.74%|NH투자증권,하나금융투자
알비더블유|2021.11.05|18700~21400|21400|23431|1719.61:1|15.98%|미래에셋증권
바이옵트로|2021.11.03|7500~8500|7500|7500|205.12:1|0.98%|한국투자증권
트윔|2021.11.02|17800~20400|22000|21716|1627.34:1:|9.20%|대신증권
지오엘리먼트|2021.10.28|7600~8700|10000|11757|1613.84:1|15.23%|NH투자증권
NH올원리츠|2021.10.28|5000~5000|5000|140500|628.2:1|17.07%|한국투자증권,NH투자증권,대신증권
비트나인|2021.10.25|8700~9700|11000|18017|1662.29:1|5.96%|하나금융투자
디어유|2021.10.25|18000~24000|26000|59400|2001.11:1|37.46%|한국투자증권
아이티아이즈|2021.10.25|12500~14300|14300|22212|1601.14:1|9.11%|신한금융투자
지니너스|2021.10.21|24700~32200|20000|49400|66.03:1|0.10%|대신증권,NH투자증권
카카오페이|2021.10.20|60000~90000|90000|1020000|1714.47:1|70.44%|삼성증권,대신증권,한국투자증권,신한금융투자
피코그램|2021.10.19|11000~12500|12500|11000|1472.19:1|12.96%|IBK투자증권
엔켐|2021.10.15|30000~35000|42000|67878|1647.40:1|64.45%|대신증권,신한금융투자
리파인|2021.10.14|21000~24000|21000|90930|64.19:1|3.22%|KB증권
지앤비에스엔지니어링|2021.10.14|14300~17400|17400|20377|1134.34:1|4.37%|삼성증권
아이패밀리에스씨|2021.10.12|39000~48000|25000|38142|63.10:1|-|삼성증권
차백신연구소|2021.10.05|11000~15000|11000|43450|206.23:1|1.93%|삼성증권
지아이텍|2021.10.05|11500~13100|14000|31050|2068.17:1|25.28%|미래에셋증권
NH스팩21호|2021.09.28|2000~2000|2000|12500||-|NH투자증권
씨유테크|2021.09.23|5100~5600|6000|26775|1565.03:1|22.76%|대신증권
아스플로|2021.09.16|19000~22000|25000|11970|2142.7:1|12.10%|미래에셋증권
원준|2021.09.15|52000~60000|65000|52249|1464.10:1|44.30%|NH투자증권
하나금융스팩19호|2021.09.15|2000~2000|2000|11000||-|하나금융투자
NH스팩20호|2021.09.14|2000~2000|2000|40000||-|NH투자증권
케이카|2021.09.13|34300~43200|25000|577278|40:1|-|NH투자증권,대신증권,삼성증권,하나금융투자
실리콘투|2021.09.09|23800~27200|27200|39365|1437.63:1|8.37%|삼성증권,미래에셋증권
프롬바이오|2021.09.09|21500~24500|18000|64500|85.71:1|1.45%|NH투자증권
신한스팩8호|2021.09.08|2000~2000|2000|12500||-|신한금융투자
바이오플러스|2021.09.08|28500~31500|31500|39900|1220.2:1|7.80%|키움증권
에스앤디|2021.09.07|30000~32000|28000|30690|173.11:1|0.01%|유진투자증권
현대중공업|2021.09.02|52000~60000|60000|936000|1835.87:1|53.09%|미래에셋,한국투자,하나금융,KB증권,삼성증권,대신증권,DB금융,신영증권
유진스팩7호|2021.08.26|2000~2000|2000|8000||-|유진증권
와이엠텍|2021.08.25|21000~25000|28000|12600|1696.19:1|31.59%|KB증권
에이비온|2021.08.24|14500~17000|17000|33060|139.36:1|4.30%|미래에셋증권,한화투자증권,유진투자증권
SK리츠|2021.08.23|5000~5000|5000|232551||-|한국투자증권,삼성증권,SK증권,하나금융투자
일진하이솔루스|2021.08.19|25700~34300|34300|279975|1471.01:1|61.52%|미래에셋증권,삼성증권,현대차증권,대신증권
IBKS스팩16호|2021.08.19|2000~2000|2000|100||-|IBK투자증권
바이젠셀|2021.08.06|42800~52700|52700|80741|1271.21:1|13.61%|대신증권,KB증권
브레인즈컴퍼니|2021.08.03|20000~22500|25000|12000|1428.8:1|8.92%|키움증권
롯데렌탈|2021.08.03|47000~59000|59000|677834|217.63:1|14.65%|NH투자증권,한국투자증권,KB증권,미래에셋증권,삼성증권,신한금융,키움증권,하나금융
딥노이드|2021.08.02|31500~42000|42000|9450|1179.07:1|7.29%|KB증권
아주스틸|2021.08.02|12700~15100|15100|88106|1776.9:1|16.33%|미래에셋증권
플래티어|2021.07.30|8500~10000|11000|15300|1631:1|18.29%|KB증권,하나금융투자
엠로|2021.07.29|20100~22600|22600|20423|685.60:1|6.97%|한국투자증권
한컴라이프케어|2021.07.29|10700~13700|13700|88834|418.99:1|3.27%|미래에셋증권
원티드랩|2021.07.26|28000~35000|35000|20440|1503.91:1|10.98%|한국투자증권
디앤디플랫폼리츠|2021.07.26|5000~5000|5000|175000||-|NH투자증권,신한금융투자,대신증권
에이치케이이노엔|2021.07.22|50000~59000|59000|505850|1871.36:1|13.49%|한국투자증권,삼성증권
한화플러스스팩2호|2021.07.21|2000~2000|2000|7500||-|한화투자증권
카카오뱅크|2021.07.20|33000~39000|39000|2159850|1732.83:1|45.28%|KB증권,한국투자증권,하나금융투자,현대차증권
크래프톤|2021.07.14|400000~498000|498000|3461692|243.15:1|22.05%|미래에셋증권,NH투자증권,삼성증권
에브리봇|2021.07.13|32600~36700|36700|36512|576.74:1|0.67%|NH투자증권
맥스트|2021.07.12|11000~13000|15000|11000|1587.01:1|39.13%|하나금융투자
큐라클|2021.07.07|20000~25000|25000|42666|1219.27:1|7.23%|삼성증권,NH투자증권
에스디바이오센서|2021.07.05|45000~52000|52000|559899|1143.76:1|12.45%|NH투자증권,한국투자증권,삼성증권,KB증권
오비고|2021.06.28|12400~14300|14300|27426|1123.74:1|7.68%|NH투자증권
아모센스|2021.06.10|12400~15200|12400|34470|116.79:1|2.57%|신한금융투자
삼성머스트스팩5호|2021.06.03|2000~2000|2000|8000||-|삼성증권
이노뎁|2021.06.03|14000~18000|18000|14700|1573.93:1|6.05%|하이투자증권
라온테크|2021.05.31|12800~15800|18000|6400|1526.2:1|8.90%|KB증권
엘비루셈|2021.05.26|12000~14000|14000|72000|1419.23:1|4.48%|한국투자증권,KB증권
에이디엠코리아|2021.05.17|2900~3300|3800|13050|1515.98:1|12.35%|하나금융투자
제주맥주|2021.05.10|2600~2900|3200|21741|1356.43:1|5.47%|대신증권
삼영에스앤씨|2021.05.06|7800~10000|11000|8619|1762.39:1|15.27%|미래에셋증권
삼성스팩4호|2021.05.06|2000~2000|2000|7400||-|삼성증권
진시스템|2021.05.06|16000~20000|20000|22800|934.07:1|1.50%|삼성증권
NH스팩19호|2021.05.06|2000~2000|2000|96000||-|NH투자증권
샘씨엔에스|2021.05.03|5000~5700|6500|60000|1537.67:1|26.07%|대신증권
씨앤씨인터내셔널|2021.04.28|35000~47500|47500|51800|1029.14:1|5.28%|NH투자증권,삼성증권,대신증권
에이치피오|2021.04.27|22200~25400|22200|88525|252.13:1|4.12%|대신증권,키움증권
하이스팩6호|2021.04.22|2000~2000|2000|8500||-|하이투자증권
SK아이이테크놀로지|2021.04.22|78000~105000|105000|1668|1882.88:1|63.20%|미래에셋증권,한국투자증권,SK증권,삼성증권,NH투자증권
쿠콘|2021.04.13|31000~40000|45000|49981|1594.61:1|30.90%|하나금융투자,삼성증권
해성티피씨|2021.04.06|9500~11500|13000|9500|1508.95:1|16.05%|한국투자증권
이삭엔지니어링|2021.04.06|9500~11500|11500|19950|1427.15:1|20.73%|신한금융투자
유진스팩6호|2021.03.23|2000~2000|2000|5600||-|유진증권
유안타스팩8호|2021.03.19|2000~2000|2000|12500||-|유안타증권
엔시스|2021.03.16|13000~16500|19000|29900|1467.73:1|21.73%|미래에셋증권
자이언트스텝|2021.03.09|9000~11000|11000|12600|1691.65:1|24.42%|한국투자증권
제노코|2021.03.09|27000~33000|36000|13230|1452.49:1|22.15%|DB금융투자
라이프시맨틱스|2021.03.08|9000~12500|12500|9000|1402.17:1|3.78%|한국투자증권
SK바이오사이언스|2021.03.04|49000~65000|65000|1124550|1275.47:1|59.92%|NH투자증권,한국투자증권,미래에셋증권,SK증권,삼성증권,하나금융투자
바이오다인|2021.03.02|22500~28700|30000|22500|1364.85:1|8.80%|대신증권
디비금융스팩9호|2021.03.02|2000~2000|2000|8000||-|DB금융투자
싸이버원|2021.02.24|7600~8300|9500|10343|1303.1:1|9.70%|키움증권
네오이뮨텍|2021.02.23|5400~6400|7500|81000|1374.09:1|25.54%|하나금융투자,미래에셋대우
프레스티지바이오로직스|2021.02.23|8700~12400|12400|63945|369.91:1|6.50%|미래에셋증권,유안타증권
나노씨엠에스|2021.02.22|14500~18500|20000|11600|1295.75:1|6.65%|키움증권
하나머스트스팩7호|2021.02.17|2000~2000|2000|7000||-|하나금융투자
IBKS스팩15호|2021.02.15|2000~2000|2000|6400||-|IBK투자증권
뷰노|2021.02.08|15000~19500|21000|27000|1457.21:1|23.80%|미래에셋대우,삼성증권
씨이랩|2021.02.08|23000~31000|35000|16900|1371.37:1|12.97%|아이비케이투자증권
오로스테크놀로지|2021.02.08|17000~21000|21000|32300|1260:1|37.12%|키움증권
유일에너테크|2021.02.04|11000~14000|16000|26567|1427.69:1|61.06%|신영증권
피엔에이치테크|2021.01.28|14000~17000|18000|9632|1454.47:1|9.58%|한국투자증권
하나금융스팩17호|2021.01.25|2000~2000|2000|12000||-|하나금융투자
아이퀘스트|2021.01.20|9200~10600|11000|18400|1504.02:1|18.70%|미래에셋대우
프레스티지바이오파마|2021.01.19|25000~32000|32000|383541|819.76:1|19.31%|삼성증권,KB증권
와이더플래닛|2021.01.18|12000~15000|16000|12000|1449.22:1|9.59%|한국투자증권
레인보우로보틱스|2021.01.18|7000~9000|10000|18550|1489.9:1|19.90%|미래에셋대우,대신증권
신한스팩7호|2021.01.18|2000~2000|2000|8000||-|신한금융투자
솔루엠|2021.01.14|13700~15500|17000|87680|1167.55:1|20.79%|미래에셋대우,케이비증권,하나금융투자,신한금융투자,삼성증권
모비릭스|2021.01.14|10500~14000|14000|18900|1407.53:1|5.73%|한국투자증권,KB증권,신영증권
핑거|2021.01.14|13000~15000|16000|16900|1453.12:1|12.64%|대신증권
씨앤투스성진|2021.01.12|26000~32000|32000|41600|1010.02:1|1.70%|미래에셋대우
선진뷰티사이언스|2021.01.12|10100~11500|11500|18533|1431:1|17.83%|신한금융투자,삼성증권
엔비티|2021.01.06|13200~17600|19000|10982|1425.3:1|10.70%|미래에셋대우
한국스팩9호|2021.01.06|2000~2000|2000|8000||-|한국투자증권
유안타스팩7호|2020.12.10|2000~2000|2000|8700||-|유안타증권
석경에이티|2020.12.10|8000~10000|10000|8000|1390.29:1|6.68%|한국투자증권
대신밸런스스팩9호|2020.12.09|2000~2000|2000|7000||-|대신증권
프리시젼바이오|2020.12.08|10500~12500|12500|15750|1231.23:1|1.62%|한국투자증권
지놈앤컴퍼니|2020.12.07|36000~40000|40000|72000|1163.49:1|9.08%|한국투자증권
엔에이치스팩18호|2020.12.07|2000~2000|2000|7000||-|NH투자증권
알체라|2020.12.03|8000~10000|10000|16000|1315.61:1|3.88%|신영증권,NH투자증권
에이치엠씨아이비스팩5호|2020.12.02|2000~2000|2000|10000||-|현대차증권
에프앤가이드|2020.12.02|5200~6500|7000|8456|1327.98:1|7.60%|신영증권,삼성증권
티엘비|2020.11.30|33200~38000|38000|33200|1318.82:1|6.10%|DB금융투자
인바이오|2020.11.25|5100~5800|5800|8313|1386.04:1|8.23%|한국투자증권
퀀타매트릭스|2020.11.25|19700~25500|25500|33627|185.56:1|4.60%|미래에셋대우
이에스알켄달스퀘어리츠|2020.11.25|5000~5000|5000|357295||-|한국투자증권,씨티증권,모간스탠리
명신산업|2020.11.24|4900~5800|6500|77071|1195.69:1|30.60%|미래에셋대우,현대차증권,하나금융투자,케이비증권
디비금융스팩8호|2020.11.24|2000~2000|2000|10000||-|DB금융투자
엔젠바이오|2020.11.23|10500~14000|14000|34216|1006.96:1|3.33%|삼성증권
앱코|2020.11.17|21400~24300|24300|53649|1141.02:1|3.64%|미래에셋대우
클리노믹스|2020.11.17|10900~13900|13900|21498|494.20:1|2.05%|대신증권
엔에프씨|2020.11.16|10200~13400|13400|20400|979.94:1|6.15%|삼성증권
포인트모바일|2020.11.16|13000~15000|15000|14233|1447.07:1|18.19%|하나금융투자
제일전기공업|2020.11.10|15000~17000|17000|43500|1196.21:1|8.86%|하나금융투자,한화투자증권
티앤엘|2020.11.09|34000~38000|36000|27200|338.91:1|0.41%|한국투자증권
하나기술|2020.11.09|31000~35000|35000|24800|1393.98:1|16.83%|하나금융투자
에이플러스에셋어드바이저|2020.11.05|10500~12300|7500|29379|3.66:1|25.40%|NH투자증권,IBK투자증권
고바이오랩|2020.11.03|18000~23000|15000|43200|64.33:1|0.03%|삼성증권,대신증권
네패스아크|2020.11.02|23400~26500|26500|54765|707.7:1|1.60%|미래에셋대우
교촌에프앤비|2020.10.28|10600~12300|12300|61480|999.44:1|3.90%|미래에셋대우
소룩스|2020.10.23|8000~10000|10000|15789|1135.7:1|0.80%|미래에셋대우
위드텍|2020.10.14|21000~25000|25000|22260|1336.49:1|23.53%|하나금융투자
센코|2020.10.13|10000~13000|13000|16120|848.37:1|2.20%|한국투자증권
바이브컴퍼니|2020.10.12|23000~28000|28000|14950|1221.45:1|7.96%|한국투자증권,신영증권
미코바이오메드|2020.10.06|12000~15000|15000|30000|159.15:1|0.02%|KB증권
하이브(구.빅히트)|2020.09.24|105000~135000|135000|748650|1117.25:1|43.85%|NH투자증권,한국투자증권,미래에셋대우,키움증권
피플바이오|2020.09.23|25000~30000|20000|12500|40.4:1|-|키움증권
넥스틴|2020.09.18|61500~75400|75400|19680|30.25:1|23.30%|케이비증권
원방테크|2020.09.08|43000~54300|54300|55156|406.8:1|3.20%|미래에셋대우
엔에이치스팩17호|2020.09.08|2000~2000|2000|12000||-|NH투자증권
비나텍|2020.09.07|27000~32000|33000|19800|1098.10:1|22.47%|대신증권
박셀바이오|2020.09.03|30000~35000|30000|29554|94.18:1|11.68%|하나금융투자
압타머사이언스|2020.09.02|20000~25000|25000|26000|830.32:1|3.27%|키움증권
비비씨|2020.09.02|27100~30700|30700|32520|977.5:1|3.90%|미래에셋대우
핌스|2020.09.02|15000~19000|19000|30000|1210.28:1|4.39%|DB금융투자
교보스팩10호|2020.08.31|2000~2000|2000|7500||-|교보증권
이오플로우|2020.08.27|18000~21000|19000|25200|150.87:1|14.83%|하나금융투자
카카오게임즈|2020.08.26|20000~24000|24000|320000|1478.53:1|58.59%|한국투자증권,삼성증권,KB증권
피엔케이피부임상연구센타|2020.08.25|16100~18300|18300|35951|1372.51:1|17.10%|미래에셋대우
미래에셋대우스팩5호|2020.08.10|2000~2000|2000|9400||-|미래에셋대우
아이디피|2020.08.06|8800~9800|9800|14080|894:1|7.40%|키움증권
셀레믹스|2020.08.03|16100~20000|20000|21252|1203.41:1|5.41%|대신증권
브랜드엑스코퍼레이션|2020.07.30|12400~15300|13000|47085|47.06:1|-|대신증권,삼성증권
미투젠|2020.07.30|21000~27000|27000|67183|1114.56:1|1.35%|미래에셋대우
코람코에너지플러스리츠|2020.07.28|5000~5000|5000|106600||-|NH투자증권,대신증권,신영증권,이베스트투자증권,한국투자증권
영림원소프트랩|2020.07.27|9500~11500|11500|16150|1269.3:1|4.30%|미래에셋대우
한국파마|2020.07.22|6500~8500|9000|21079|1296.86:1|-|미래에셋대우,SK증권
이루다|2020.07.20|7500~9000|9000|13500|1316.5:1|7.80%|미래에셋대우
와이팜|2020.07.16|9700~11000|11000|72054|407.01:1|8.01%|NH투자증권
제이알글로벌리츠|2020.07.16|5000~5000|5000|485000||-|KB증권,메리츠증권,대신증권
에이치엠씨아이비스팩4호|2020.07.15|2000~2000|2000|8000||-|현대차증권
이엔드디|2020.07.14|12350~14400|14400|28899|1168.72:1|8.99%|아이비케이투자증권
엠투아이|2020.07.09|15600~18900|15600|52026|61.70:1|1.60%|미래에셋대우
더네이쳐홀딩스|2020.07.08|45000~50000|46000|54000|97.21:1|8.46%|한국투자증권
제놀루션|2020.07.08|12000~14000|14000|9600|1161.09:1|21.36%|신영증권
미래에셋맵스리츠1호|2020.07.08|5000~5000|5000|72000||-|미래에셋대우,신한금융투자,SK증권
솔트룩스|2020.07.07|24000~30000|25000|18000|528.17:1|5.58%|한국투자증권
하나금융스팩16호|2020.07.07|2000~2000|2000|2800000||-|하나금융투자
티에스아이|2020.07.06|7500~9500|10000|500|1283.73:1|4.97%|한국투자증권
에이프로|2020.07.02|19000~21600|21600|25990|1090.80:1|10.46%|NH투자증권
IBKS스팩13호|2020.07.01|2000~2000|2000|9500||-|아이비케이투자증권
이지스레지던스리츠|2020.06.30|5000~5000|5000|89500||-|삼성증권,디비금융투자,유안타증권
소마젠|2020.06.22|11000~15000|11000|46200|69.46:1|-|신한금융투자
신도기연|2020.06.22|14000~16000|16000|18200|1272.90:1|14.51%|한국투자증권
위더스제약|2020.06.18|13900~15900|15900|22240|1033.41:1|17.36%|NH투자증권,삼성증권
SK바이오팜|2020.06.17|36000~49000|49000|704819|835.66:1|81.15%|NH투자증권,한국투자증권,SK증권,하나금융투자
마크로밀엠브레인|2020.06.15|5200~6400|6800|7280|1056.80:1|19.39%|NH투자증권
젠큐릭스|2020.06.10|22700~26100|22700|22700|77.03:1|-|미래에셋대우
이지스밸류플러스리츠|2020.06.10|5000~5000|5000|118500|87.09:1|8.70%|삼성증권,한화투자증권,신영증권
IBKS스팩14호|2020.06.08|2000~2000|2000|8000||-|아이비케이투자증권
엘이티|2020.06.04|6400~7800|7800|14060|1255.9:1|24.50%|미래에셋대우
엔에이치스팩16호|2020.06.03|2000~2000|2000|7500||-|NH투자증권
에스씨엠생명과학|2020.06.02|14000~17000|17000|25200|1032.17:1|7.70%|한국투자증권
드림씨아이에스|2020.05.07|13000~14900|14900|17612|926.11:1|6.82%|NH투자증권
이베스트스팩5호|2020.05.06|2000~2000|2000|-||-|이베스트투자증권
케이프이에스스팩4호|2020.03.09|2000~2000|2000|5000||-|케이프증권
엔피디|2020.02.25|5400~6300|5400|40770|307.50:1|8.78%|유안타증권
에스케이스팩6호|2020.02.25|2000~2000|2000|11000||-|SK증권
플레이디|2020.02.24|6800~7700|8500|25087|1270.7:1|7.55%|KB증권
서울바이오시스|2020.02.20|6500~7500|7500|13000|1119:1|10.50%|KB증권
제이앤티씨|2020.02.19|8500~10500|11000|93500|1077.88:1|6.72%|신한금융투자,유진투자증권
켄코아에어로스페이스|2020.02.17|13000~15000|10000|20440|120.75:1|2.55%|NH투자증권
레몬|2020.02.12|6200~7200|7200|25420|426:1|6.30%|미래에셋대우,현대차증권
서남|2020.02.04|2700~3100|3100|9450|1228.4:1|5.21%|한국투자증권
신영스팩6호|2020.01.29|2000~2000|2000|-||-|신영증권
위세아이텍|2020.01.20|10000~11200|12000|8500|1105.93:1|6.95%|교보증권
케이비스팩20호|2020.01.13|2000~2000|2000|12000||-|KB증권
하나금융스팩15호|2020.01.09|2000~2000|2000|9000||-|하나금융투자
천랩|2019.12.12|63000~78000|40000|27090|51.11:1|-|한국투자증권
한화플러스스팩1호|2019.12.11|2000~2000|2000|8000||-|한화투자증권
피피아이|2019.12.10|6000~7000|7000|6000|997.33:1|2.47%|미래에셋대우
브릿지바이오테라퓨틱스|2019.12.09|70000~80000|60000|49000|58.85:1|0.06%|대신증권,KB증권
엔에이치스팩15호|2019.12.09|2000~2000|2000|12000||-|NH투자증권
메탈라이프|2019.12.09|10500~13000|13000|7350|1288.21|22.46%|한국투자증권
메드팩토|2019.12.05|34000~43000|40000|51374|86.41:1|13.83%|삼성증권
하이스팩5호|2019.12.05|2000~2000|2000|8500||-|하이투자증권
대신밸런스스팩8호|2019.12.03|2000~2000|2000|10000||-|대신증권
유안타스팩6호|2019.12.03|2000~2000|2000|13000||-|유안타증권
신테카바이오|2019.12.02|15000~19000|12000|24000|75.61:1|1.32%|케이비증권
제이엘케이인스펙션|2019.11.26|11000~14500|9000|22000|69.81:1|-|한국투자증권
IBKS스팩12호|2019.11.25|2000~2000|2000|5800||-|아이비케이투자증권
태웅로직스|2019.11.21|3700~4500|4500|18500|1024.98:1|2.53%|아이비케이투자증권,BNK투자증권
에스케이스팩5호|2019.11.20|2000~2000|2000|8000||-|SK증권
리메드|2019.11.19|14500~16500|13000|8700|24.76:1|-|한국투자증권
코리아센터|2019.11.18|24000~27200|18000|61091|37.77:1|6.04%|NH투자증권,신한금융투자,삼성증권
IBKS스팩11호|2019.11.18|2000~2000|2000|9000||-|아이비케이투자증권
유안타스팩5호|2019.11.13|2000~2000|2000|11200||-|유안타증권
엔에이치프라임리츠|2019.11.13|5000~5000|5000|68800|711.65:1|43.20%|NH투자증권,키움증권,하나금융투자,한국투자증권
노터스|2019.11.07|17000~20000|20000|8500|699.46:1|0.59%|대신증권
센트랄모텍|2019.11.07|5000~6000|6000|10500|862.63:1|-|한국투자증권,BNK투자증권
티움바이오|2019.11.05|16000~20000|12000|40000|37.3:1|-|키움증권,삼성증권
우양|2019.11.05|3800~4200|4200|13680|1195.37:1|-|미래에셋대우
코리아에셋투자증권|2019.11.04|8000~10000|10000|12800|945.66:1|2.25%|신영증권
현대에너지솔루션|2019.11.04|24000~28000|18000|96000|26.63:1|3.07%|한국투자증권,하나금융투자,KB증권,하이투자증권,유안타증권
씨에스베어링|2019.11.04|7400~8400|8400|17612|1246.86:1|4.65%|한국투자증권
에스제이그룹|2019.10.31|32000~38600|38600|26240|946.62:1|13.56%|NH투자증권,아이비케이투자증권
제테마|2019.10.30|36000~48000|21000|20160|12.41:1|-|한국투자증권,DB금융투자
라파스|2019.10.25|24000~29000|20000|38400|202.06:1|-|DB금융투자
아이티엠반도체|2019.10.24|23000~26000|26000|-|1078.5:1|15.80%|케이비증권
미래에셋대우스팩4호|2019.10.22|2000~2000|2000|8150||-|미래에셋대우
자이에스앤디|2019.10.21|4200~5200|5200|45760|768.58:1|5.10%|한국투자증권
한화시스템|2019.10.21|12250~14000|12250|402552|23.61:1|4.24%|NH투자증권,한국투자증권,한화투자증권,SK증권,대신증권,신영증권
하나금융스팩14호|2019.10.16|2000~2000|2000|8000||-|하나금융투자
지누스|2019.10.16|80000~90000|70000|241668|45.68:1|13.73%|NH투자증권,신한금융투자,대신증권,하나금융투자,삼성증권
티라유텍|2019.10.16|10550~12050|12050|11868|1240.9:1|11.90%|미래에셋대우
미디어젠|2019.10.14|9400~10600|10600|8742|576.27:1|1.88%|교보증권
신한스팩6호|2019.10.14|2000~2000|2000|8000||-|신한금융투자
캐리소프트|2019.10.14|7000~9000|9000|6370|924.83:1|2.70%|미래에셋대우
케이엔제이|2019.10.10|8400~11000|11000|7353|1144.3:1|5.50%|미래에셋대우
교보스팩9호|2019.10.07|2000~2000|2000|6900||-|교보증권
엔바이오니아|2019.10.07|8200~10300|8200|9102|425.80:1|3.80%|미래에셋대우
팜스빌|2019.10.01|11000~14000|14000|19923|1035.53:1|7.05%|대신증권
라온피플|2019.10.01|14000~17000|14000|28329|330.36:1|1.50%|미래에셋대우
아톤|2019.09.30|30000~43000|43000|26915|810.88:1|9.50%|NH투자증권,KB증권
대신밸런스스팩7호|2019.09.24|2000~2000|2000|10000||-|대신증권
녹십자웰빙|2019.09.24|9400~11300|11300|42300|657.93:1|4.49%|하나금융투자
롯데리츠|2019.09.23|4750~5000|5000|408426|358.06:1|44.07%|한국투자증권,KB증권,삼성증권,하나금융투자
유진스팩5호|2019.09.17|2000~2000|2000|7000||-|유진증권
케이비스팩19호|2019.09.16|2000~2000|2000|8000||-|KB증권
올리패스|2019.08.30|37000~45000|20000|29600|11.07:1|0.40%|미래에셋대우,키움증권
라닉스|2019.08.29|8000~10500|6000|12800|51.68:1|-|한국투자증권
하나금융스팩13호|2019.08.29|2000~2000|2000|6000||-|하나금융투자
한독크린텍|2019.08.22|13300~15100|15100|9310|1117.61:1|8.77%|한국투자증권
상상인이안스팩2호|2019.08.13|2000~2000|2000|6500|540.20:1|-|상상인증권
네오크레마|2019.08.07|10000~11500|8000|15500|96.6:1|-|키움증권
마니커에프앤지|2019.08.01|3400~4000|4000|8840|1056.91:1|5.43%|유진투자증권
나노브릭|2019.08.01|18000~22000|16000|8208|39.3:1|-|KB증권
미래에셋대우스팩3호|2019.07.31|2000~2000|2000|12300||-|미래에셋대우
에스피시스템스|2019.07.29|4300~4900|4900|8600|1116.32:1|13.68%|한국투자증권
레이|2019.07.22|17000~20000|20000|17000|1013.19:1|10.27%|한국투자증권,DB금융투자
코윈테크|2019.07.18|28400~34500|34500|56800|163.54:1|0.90%|미래에셋대우
그린플러스|2019.07.18|8500~10000|10000|5950|863.94:1|5.85%|한국투자증권
세경하이테크|2019.07.17|46000~52000|35000|46000|10.71:1|-|키움증권
덕산테코피아|2019.07.17|17000~19000|19000|69051|348.63:1|7.17%|NH투자증권
한국바이오젠|2019.07.17|4700~5700|6000|8387|1087.6:1|-|미래에셋대우
슈프리마아이디|2019.07.16|23000~27000|27000|19872|1124.05:1|13.14%|한국투자증권
윌링스|2019.07.10|10000~12500|12500|13820|1082.15:1|18.18%|신영증권
대모(구.대모엔지니어링)|2019.07.09|4800~5200|5200|10320|1103.1:1|15.60%|신한금융투자
에이스토리|2019.07.03|11600~14300|14300|21692|614.25:1|3.56%|NH투자증권
플리토|2019.07.01|19000~23000|26000|27996|1133:1|22.00%|한국투자증권
세틀뱅크|2019.06.27|44000~49000|55000|63668|1122:1|14.80%|한국투자증권,신한금융투자
이베스트이안스팩1호|2019.06.26|2000~2000|2000|6000||-|이베스트투자증권㈜
아이스크림에듀|2019.06.25|15900~18000|15900|23055|124.73:1|1.34%|대신증권,삼성증권
펌텍코리아|2019.06.18|240000~270000|190000|153600|5.75:1|-|한국투자증권
에이에프더블류|2019.06.12|19500~22500|22500|76471|866.03:1|13.72%|NH투자증권
신영스팩5호|2019.06.10|2000~2000|2000|6800||-|신영증권
케이비스팩18호|2019.06.10|2000~2000|2000|15000||-|KB증권
신한스팩5호|2019.06.04|2000~2000|2000|8000||-|신한금융투자
압타바이오|2019.05.28|21000~25000|30000|45780|856.41:1|35.10%|삼성증권,미래에셋대우
까스텔바쟉|2019.05.27|16000~19000|12000|37800|32.53:1|3.86%|NH투자증권㈜
디비금융스팩7호|2019.05.22|2000~2000|2000|8000||-|DB금융투자
마이크로디지탈|2019.05.20|20000~23000|23000|14000|621.48:1|2.29%|하나금융투자
유진스팩4호|2019.05.16|2000~2000|2000|6500||-|유진투자증권
컴퍼니케이파트너스|2019.05.08|3600~4000|4500|14400|865.66:1|27.80%|NH투자증권
수젠텍|2019.05.07|12000~14000|12000|18000|75.21:1|3.15%|한국투자증권
엔에이치스팩14호|2019.04.24|2000~2000|2000|16000||-|NH투자증권
에스앤케이|2019.04.17|30800~40400|40400|129360|317.30:1|11.59%|NH투자증권,미래에셋대우
한화에스비아이스팩|2019.04.16|2000~2000|2000|7500||-|한화투자증권
하이스팩4호|2019.04.11|2000~2000|2000|8000||-|하이투자증권
현대오토에버|2019.03.13|40000~44000|48000|140400|797.36:1|57.79%|NH투자증권,현대차투자증권,미래에셋대우
케이비스팩17호|2019.03.13|2000~2000|2000|10000||-|KB증권
아모그린텍|2019.03.12|8800~9900|9900|36326|164.22:1|3.05%|삼성증권
지노믹트리|2019.03.11|17000~25000|27000|68000|372:1|22.80%|키움증권
이지케어텍|2019.03.05|10100~12300|12300|13130|1108.03:1|40.25%|미래에셋대우
유안타스팩4호|2019.03.04|2000~2000|2000|8200||-|유안타증권
미래에셋벤처투자|2019.02.27|3700~4500|4500|16650|441.4:1|3.70%|KB증권,대신증권
드림텍|2019.02.25|11000~13000|13000|50001|395.96:1|0.80%|NH투자증권
에코프로비엠|2019.02.14|37500~42900|48000|112500|988.49:1|45.04%|대신증권,SK증권,유안타증권,하나금융투자
셀리드|2019.01.29|25000~31000|33000|30000|778.77:1|10.49%|삼성증권
천보|2019.01.21|35000~40000|40000|87500|891.1:1|15.80%|하나금융투자
이노테라피|2019.01.16|20200~25200|18000|9000|154.44:1|2.83%|대신증권
노랑풍선|2019.01.15|15500~19000|20000|15500|978.43:1|12.42%|한국투자증권,KB증권
웹케시|2019.01.09|24000~26000|26000|23280|614:1|6.80%|하나금융투자,BNK투자증권
에어부산|2018.12.13|3600~4000|3600|18745|23.89:1|0.40%|NH투자증권,미래에셋대우,BNK투자증권
키움스팩5호|2018.12.12|2000~2000|2000|7000||-|키움증권
비피도|2018.12.11|22100~28700|18000|9061|74.62:1|-|한국투자증권
엔에이치스팩13호|2018.12.10|2000~2000|2000|6000||-|NH투자증권
유틸렉스|2018.12.10|38000~50000|50000|27626|597.20:1|18.63%|NH투자증권
디케이티|2018.12.06|6000~7400|7400|12116|771.42:1|3.50%|NH투자증권
에이비엘바이오|2018.12.06|13000~17000|15000|78000|60.08:1|10.99%|한국투자증권
위지윅스튜디오|2018.12.06|9000~13000|11000|19795|177.33:1|1.13%|삼성증권,NH투자증권
미래에셋대우스팩2호|2018.12.05|2000~2000|2000|5500||-|미래에셋대우
한국스팩8호|2018.12.05|2000~2000|2000|6000||-|한국투자증권
신영스팩4호|2018.12.04|2000~2000|2000|8500||-|신영증권
삼성머스트스팩3호|2018.12.04|2000~2000|2000|7500||-|삼성증권,신한금융투자
대신밸런스스팩6호|2018.12.03|2000~2000|2000|9000||-|대신증권
머큐리|2018.11.29|5200~6100|6100|26624|749.57:1|13.35%|미래에셋대우
전진바이오팜|2018.11.28|15000~17000|10000|7500|14.69:1|27.20%|미래에셋대우
이노메트리|2018.11.27|21000~25000|26000|25331|765.22:1|11.39%|유진투자증권
뉴트리|2018.11.27|14500~17000|14500|32799|28.68:1|-|미래에셋대우
골든브릿지이안스팩5호|2018.11.22|2000~2000|2000|8500||-|골든브릿지투자증권
에스케이에이씨피씨스팩4호|2018.11.22|2000~2000|2000|8000||-|SK증권
대유에이피|2018.11.21|2600~3300|3000|7280|299.23:1|-|신영증권
교보스팩8호|2018.11.19|2000~2000|2000|6200||-|교보증권
하나머스트스팩6호|2018.11.15|2000~2000|2000|7500||-|하나금융투자
베스파|2018.11.15|44800~59700|35000|71680|24.81|-|미래에셋대우,교보증권
윙입푸드|2018.11.14|2000~3000|2000|20400|131.15:1|-|유진투자증권
티로보틱스|2018.11.14|16000~18000|16000|12800|56.9:1|-|키움증권
에코캡|2018.11.12|4200~5200|4200|16800|20.66:1|-|IBK투자증권
티앤알바이오팹|2018.11.12|18000~23000|18000|21600|101.9:1|1.00%|키움증권
엠아이텍|2018.11.12|3900~4500|4500|27300|472.57:1|0.42%|하나금융투자
네오펙트|2018.11.12|10000~12500|11000|18000|338.01:1|0.89%|한국투자증권,삼성증권
남화산업|2018.11.08|3100~3700|3700|9572|822.09:1|6.14%|대신증권
싸이토젠|2018.11.08|13000~17000|17000|15600|608.85:1|0.70%|키움증권
아시아나IDT|2018.11.07|19300~24100|15000|63690|7.04:1|-|KB증권
아주IB투자|2018.11.06|2000~2400|1500|48800|40.55:1|-|미래에셋대우,대신증권
디알젬|2018.11.05|5000~7000|6500|7500|785.43:1|1.05%|한국투자증권
파멥신|2018.11.05|43000~55000|60000|34400|764.16:1|18.81%|KB증권,삼성증권
디케이앤디|2018.11.02|5800~6600|6000|10440|256.3:1|-|키움증권
디자인|2018.11.01|9000~10100|10100|3573|771.73:1|3.86%|대신증권
노바렉스|2018.10.30|19000~24000|19000|18240|48.64:1|18.99%|NH투자증권
셀리버리|2018.10.22|20000~25000|25000|22800|698.98:1|16.80%|DB금융투자
대보마그네틱|2018.10.18|22500~25500|31000|18450|995.40:1|45.41%|한국투자증권
디비금융스팩6호|2018.10.17|2000~2000|2000|8000||-|DB금융투자
엘앤씨바이오|2018.10.16|18000~20000|24000|18000|937.08:1|17.27%|한국투자증권,DB금융투자
노바텍|2018.10.16|12500~16500|10000|18125|66.32:1|0.03%|하나금융투자
옵티팜|2018.10.11|10000~12000|10000|29458|94.57:1|11.60%|NH투자증권
로보티즈|2018.10.10|9200~11300|14000|15640|958.60:1|39.80%|미래에셋대우,KTB투자증권
에스퓨얼셀|2018.09.18|10600~14000|16500|20034|942.85:1|40.50%|한국투자증권,유진투자증권
크리스에프앤씨|2018.09.11|34000~38200|30000|119544|7.89:1|-|KB증권,KTB투자증권
푸드나무|2018.09.11|18700~22700|24000|29093|791.08:1|16.50%|미래에셋대우,신한금융투자
나우아이비캐피탈|2018.09.10|9500~11000|8500|23750|63.17:1|-|신영증권
IBKS스팩10호|2018.09.10|2000~2000|2000|-||-|아이비케이투자증권
하나제약|2018.09.10|24500~28000|26000|99995|101.50:1|0.10%|미래에셋대우
지티지웰니스|2018.09.04|9000~9800|11000|7200|946.89:1|4.22%|대신증권
우진아이엔에스|2018.08.30|15000~17000|15000|31500|129.06:1|0.77%|신영증권
명성티엔에스|2018.08.29|16100~18700|20000|25760|745.56:1|11.73%|KB증권
삼성스팩2호|2018.08.27|2000~2000|2000|13000||-|삼성증권,신한금융투자
디지캡|2018.08.22|8500~10500|12000|4967|979.06:1|4.18%|KB증권
대신밸런스스팩5호|2018.08.16|2000~2000|2000|7000||-|대신증권
액트로|2018.08.09|20000~24000|20000|24000|132.07:1|1.86%|키움증권
에이피티씨|2018.08.07|11500~13000|9000|26450|20.99:1|8.70%|대신증권
오파스넷|2018.08.06|8500~9700|11000|8568|861.66:1|14.22%|교보증권
바이오솔루션|2018.08.02|24000~29000|29000|36000|174.79:1|5.04%|한국투자증권
대유|2018.07.24|8900~10000|9000|27412|148.39:1|-|KB증권
에스에스알|2018.07.19|6600~7500|9000|9372|928.44:1|41.62%|하나금융투자
휴네시온|2018.07.19|8700~10000|10000|12097|751.89:1|8.90%|NH투자증권
디아이티|2018.07.18|9400~10400|10000|35320|105.14:1|6.80%|삼성증권
티웨이항공|2018.07.17|14600~16700|12000|233600|23.03:1|-|신한금융투자,대신증권,하나금융투자
롯데정보통신|2018.07.11|28300~33800|29800|121293|79.33:1|25.90%|미래에셋대우,신한금융투자,케이비증권,하나금융투자
한국유니온제약|2018.07.09|13500~16000|18000|-|918.99:1|9.40%|DB금융투자
엠코르셋|2018.07.05|10100~11500|11500|-|766.05:1|16.40%|대신증권
IBKS스팩9호|2018.07.05|2000~2000|2000|-||-|아이비케이투자증권
올릭스|2018.07.02|26000~30000|36000|-|876.72:1|74.03%|NH투자증권
아이큐어|2018.06.28|44000~55000|65000|-|642.1:1|5.08%|키움증권
에스브이인베스트먼트|2018.06.21|5600~6300|7000|21840|786.73:1|4.70%|미래에셋대우
이원다이애그노믹스|2018.06.11|4700~5700|6500|33840|749.79:1|27.87%|SK증권,삼성증권,하나금융투자
이리츠코크렙기업|2018.06.07|4800~5200|5000|75943|6.29:1|-|NH투자증권,신영증권,이베스트투자증권,KB증권
파워넷|2018.05.24|5500~6500|6500|19639|590.60:1|7.66%|DB금융투자
하나금융스팩11호|2018.05.23|2000~2000|2000|9000||-|하나금융투자
현대사료|2018.05.16|5700~6600|6600|8699|839.16:1|31.92%|신한금융투자
세종메디칼|2018.05.14|10800~13700|15000|21924|836.68:1|39.75%|한국투자증권
제노레이|2018.05.09|17500~20500|23000|10533|907.12:1|32.59%|한국투자증권
한국스팩7호|2018.04.24|2000~2000|2000|8500||-|한국투자증권
유안타스팩3호|2018.04.18|2000~2000|2000|7000||-|유안타증권
대신밸런스스팩3호|2018.03.21|2000~2000|2000|10000||-|대신증권
제이티씨(JTC)|2018.03.20|6200~7600|8500|-|478:1|24.17%|삼성증권
케어랩스|2018.03.12|15000~18000|20000|19500|934.42:1|40.19%|한국투자증권
애경산업|2018.03.07|29100~34100|29100|197880|24.30:1|8.51%|대신증권,NH투자증권,신한금융투자,하나금융투자
린드먼아시아인베스트먼트|2018.02.26|5000~5500|6500|16990|640.8:1|27.40%|키움증권
에코마이스터|2018.02.26|6000~8500|5200|500|15.54:1|-|대신증권,한화투자증권
엔지켐생명과학|2018.02.05|45000~70000|56000|34650|258.68:1|13.25%|한국투자증권
오스테오닉|2018.02.01|5800~7500|7700|6960|442:1|1.70%|키움증권㈜
동구바이오제약|2018.01.30|12000~14500|16000|24829|727.70:1|53.41%|NH투자증권
아시아종묘|2018.01.29|4200~5200|4500|4200|239.52:1|4.39%|대신증권,KTB증권
알리코제약|2018.01.25|10000~13000|12000|23500|389.27:1|9.38%|아이비케이투자증권
카페24|2018.01.23|43000~57000|57000|38700|672.71:1|42.90%|미래에셋대우,유안타증권,한화투자증권
링크제니시스|2018.01.18|22000~25000|30000|6600|754.60:1|35.90%|하나금융투자
배럴|2018.01.15|8000~9500|9500|13680|298.48:1|9.06%|하나금융투자
에스지이|2018.01.11|6300~7200|6000|19734|17.03:1|-|대신증권,KTB투자증권
씨앤지하이테크|2018.01.10|16000~20000|16000|20608|249.23:1|-|신한금융투자
시스웍|2017.12.08|3300~3900|2800|14746|78.86:1|0.44%|하나금융투자
한국스팩6호|2017.12.07|2000~2000|2000|8000||-|한국투자증권
디바이스이엔지|2017.12.04|15500~17500|12000|27125|11.40:1|-|한국투자증권
동부스팩5호|2017.11.27|2000~2000|2000|8000||-|DB금융투자
진에어|2017.11.23|26800~31800|31800|321600|274.55:1|7.30%|미래에셋대우,삼성증권,케이비증권,한국투자증권,NH투자증권
동양피스톤|2017.11.22|5700~7300|5700|18810|62.80:1|-|아이비케이투자증권,대신증권
메카로|2017.11.21|25000~30000|33000|50000|719.26:1|42.07%|한국투자증권
씨티케이코스메틱스|2017.11.21|46000~55000|55000|92000|188.65:1|6.60%|미래에셋대우,신영증권
에스트래픽|2017.11.20|8000~10000|10000|17040|605.02:1|13.40%|미래에셋대우
대원|2017.11.16|13000~15000|15000|26000|247.25:1|0.20%|신한금융투자,미래에셋대우
체리부로|2017.11.16|4300~4700|4700|26453|265.38:1|0.40%|미래에셋대우,케이비증권,케이티비투자증권
비즈니스온커뮤니케이션|2017.11.15|8100~9000|9000|15373|513.97:1|14.90%|케이비증권
삼양패키징|2017.11.13|26000~30000|26000|119481|16.73:1|0.36%|한국투자증권
한화에이스스팩4호|2017.11.09|2000~2000|2000|6300||-|한화투자증권
스튜디오드래곤|2017.11.09|30900~35000|35000|185400|536.68:1|27.20%|미래에셋대우,하나금융투자
IBKS스팩7호|2017.10.30|2000~2000|2000|7000||-|아이비케이투자증권
비디아이|2017.10.23|9500~12000|10000|12825|53.95:1|-|신영증권
테이팩스|2017.10.17|23000~26000|23000|38180|16.81:1|-|케이비증권,신한금융투자
티슈진|2017.10.17|16000~27000|27000|120000|299.49:1|22.45%|NH투자증권,한국투자증권,하나금융투자,한화투자증권,이베스트투자증권
영화테크|2017.10.11|12500~15500|12500|8800|61.83:1|-|신한금융투자
신한스팩4호|2017.09.27|2000~2000|2000|10000||-|신한금융투자
세원|2017.09.26|5200~6200|5700|5720|90.67:1|-|현대차투자증권
상신전자|2017.09.20|11600~13300|13300|8120|601.54:1|-|미래에셋대우
IBKS스팩8호|2017.09.18|2000~2000|2000|4000||-|아이비케이투자증권
에스엔피월드|2017.09.14|4300~5100|5100|8600|534.27:1|4.97%|대신증권
야스|2017.09.14|23500~26500|23500|54050|28.90:1|7.15%|한국투자증권
유티아이|2017.09.11|28000~33000|25000|31360|5.05:1|0.40%|한국투자증권
신흥에스이씨|2017.09.11|11000~14000|16000|23100|482.4:1|33.10%|삼성증권
엠플러스|2017.09.06|14000~16000|18000|17500|596.2:1|27.20%|키움증권
선익시스템|2017.09.04|37000~44000|37000|69375|7.87:1|-|대신증권
샘코|2017.08.31|14000~18000|11000|21000|19.26:1|0.96%|한국투자증권,대신증권
앱클론|2017.08.31|8000~10000|10000|5445|564.87:1|21.72%|NH투자증권
펄어비스|2017.08.29|80000~103000|103000|144000|62.40:1|6.22%|한국투자증권
케이피에스|2017.08.23|16000~20000|14000|17268|75.3:1|-|키움증권
덕우전자|2017.08.09|13500~15500|15500|33750|282.69:1|11.35%|한국투자증권
하나금융스팩10호|2017.08.07|2000~2000|2000|9000||-|하나금융투자
이더블유케이|2017.08.03|4200~5000|5000|9324|588.13:1|25.95%|신영증권
컬러레이|2017.07.25|3800~5800|3800|53200|60.49:1|-|신한금융투자
엔에이치스팩12호|2017.07.24|2000~2000|2000|13000||-|NH투자증권
알에스오토메이션|2017.07.24|5250~6000|6000|12799|656.89:1|61.00%|미래에셋대우
모트렉스|2017.07.20|31200~38300|38300|56160|357.12:1|11.24%|미래에셋대우,HMC투자증권
디앤씨미디어|2017.07.19|17000~20000|20000|17119|539.1:1|33.50%|키움증권
데이타솔루션|2017.07.18|2700~3300|3300|12420|395.83:1|23.09%|미래에셋대우
지니언스|2017.07.17|12000~13500|13500|9960|620.04:1|14.50%|하나금융투자
셀트리온헬스케어|2017.07.13|32500~41000|41000|799630|38.06:1|12.50%|미래에셋대우,유비에스증권리미티드,맥쿼리증권,신한금융투자,한화투자증권
이즈미디어|2017.07.10|7500~10000|7500|11400|129.22:1|1.38%|한국투자증권
한국스팩5호|2017.07.10|2000~2000|2000|7000||-|한국투자증권
힘스|2017.07.04|15500~18800|20000|12400|729.64:1|27.48%|KB증권,SK증권
아우딘퓨쳐스|2017.06.27|26000~30000|26000|26000|182.60:1|-|하나금융투자
브이원텍|2017.06.26|15200~17700|17700|27800|557.47:1|8.30%|미래에셋대우
제일홀딩스|2017.06.12|20700~22700|20700|442267|113.98:1|2.88%|케이비증권,신한금융투자
하나금융스팩9호|2017.06.12|2000~2000|2000|10000||-|하나금융투자
교보스팩7호|2017.06.08|2000~2000|2000|8500||-|교보증권
한화수성스팩|2017.05.24|2000~2000|2000|10000||-|한화투자증권
보라티알|2017.05.23|12500~14300|14300|21096|557.61:1|13.30%|대신증권
삼양옵틱스|2017.05.18|16700~20600|16700|66800|33.2:1|8.70%|미래에셋대우
필옵틱스|2017.05.17|41000~48000|48000|47560|647.18:1|13.25%|신한금융투자,삼성증권
IBKS스팩6호|2017.05.15|2000~2000|2000|8000||-|아이비케이투자증권
미래에셋대우스팩1호|2017.05.10|2000~2000|2000|8000||-|미래에셋대우
엔에이치스팩10호|2017.04.17|2000~2000|2000|13000||-|NH투자증권
한화에이스스팩3호|2017.04.13|2000~2000|2000|5500||-|한화투자증권
하나머티리얼즈|2017.04.12|10000~12000|12000|19400|689.90:1|49.73%|NH투자증권,대신증권
케이비스팩11호|2017.04.12|2000~2000|2000|6000||-|케이비증권
넷마블게임즈|2017.04.11|121000~157000|157000|2051387|240.74:1|47.10%|NH투자증권,한국투자증권,SK증권
와이엠티|2017.04.11|16500~18500|21000|9283|706.16:1|42.75%|하나금융투자
ING생명보험|2017.04.06|31500~40000|33000|1055250|3.97:1|0.13%|삼성증권,미래에셋대우,케이비증권
신영스팩3호|2017.03.23|2000~2000|2000|5000||-|신영증권
이엘피|2017.03.23|17000~20000|20000|13600|527.12:1|11.26%|NH투자증권
서진시스템|2017.03.13|21000~25000|25000|30030|588.93:1|36.65%|NH투자증권
코미코|2017.03.07|11000~13000|13000|27500|580.68:1|30.91%|NH투자증권
아스타|2017.03.06|13000~18000|8000|22750|18.4:1|-|키움증권
덴티움|2017.02.27|45000~50000|32000|114562|22.96:1|0.40%|NH투자증권
대신밸런스스팩4호|2017.02.15|2000~2000|2000|10000||-|대신증권
에스디생명공학|2017.02.14|15000~18000|12000|57600|26.66:1|-|한국투자증권,신한금융투자,대우증권
모바일어플라이언스|2017.02.13|3000~3500|3500|11298|471.31:1|19.13%|NH투자증권
신한스팩3호|2017.02.09|2000~2000|2000|6000||-|신한금융투자
에프엔에스테크|2017.02.09|11000~13000|14000|11000|624.02:1|6.26%|한국투자증권
신신제약|2017.02.08|5900~6700|4500|19175|40.88:1|0.06%|케이비증권
피씨엘|2017.02.08|10500~13000|8000|15750|6.61:1|0.46%|한국투자증권
호전실업|2017.01.16|30000~35000|25000|49940|40.43:1|2.50%|NH투자증권
서플러스글로벌|2017.01.12|7400~9400|8000|34410|81.31:1|1.04%|한국투자증권
유바이오로직스|2017.01.09|6000~6800|6000|19200|31.09:1|-|한국투자증권
엔에이치스팩11호|2016.12.14|2000~2000|2000|13000||-|NH투자증권
퓨전데이타|2016.12.06|10000~11500|11500|10000|345.36:1|12.05%|한국투자증권
디에스씨인베스트먼트|2016.12.05|2500~2800|1700|10922|11.2:1|-|키움증권
티에스인베스트먼트|2016.12.01|1450~1550|1300|8265|30.87:1|-|한국투자증권
마이크로프랜드|2016.11.28|7300~8500|7300|21900|124.3:1|-|키움증권
코썬바이오|2016.11.24|7000~9000|7000|24500|54.22:1|-|NH투자증권
신라젠|2016.11.23|15000~18000|15000|150000|74.98:1|-|NH투자증권,하나금융투자,동부증권,메리츠종금증권
애니젠|2016.11.22|22000~26000|18000|15400|93.9:1|-|키움증권
유니온커뮤니티|2016.11.21|4400~5000|5000|12804|134.5:1|-|미래에셋증권
IBKS스팩5호|2016.11.17|2000~2000|2000|10000||-|아이비케이투자증권
퓨쳐켐|2016.11.16|19000~22000|15000|26600|62.51:1|-|NH투자증권,이베스트투자증권
뉴파워프라즈마|2016.11.16|15000~17000|17500|25500|501.2:1|7.80%|키움증권
핸즈코퍼레이션|2016.11.15|12000~14000|12000|65784|57.64:1|1.73%|케이비투자증권,삼성증권
오션브릿지|2016.11.15|5400~6600|6600|12231|617.92:1|10.75%|대신증권
엘앤케이바이오|2016.11.14|14500~18000|15000|14833|220.1:1|-|NH투자증권
에이치엔티일렉트로닉스|2016.11.14|14000~16000|10000|18900|132.1:1|-|키움증권
핸디소프트|2016.11.07|4500~5600|5600|8550|262.22:1|-|케이비투자증권
두산밥캣|2016.11.03|29000~33000|30000|870817|9.81:1|-|한국투자증권,신영증권,한화투자증권
에스케이스팩3호|2016.10.31|2000~2000|2000|6600||-|SK증권
삼성바이오로직스|2016.10.26|113000~136000|136000|1869167|295.63:1|24.63%|한국투자증권,NH투자증권,삼성증권,신한금융투자,케이비투자증권,하나금융투자
클리오|2016.10.25|36400~41000|41000|163712|153.08:1|10.42%|NH투자증권
오가닉티코스메틱|2016.10.20|3200~3700|4000|45760|672.02:1|11.30%|유진투자증권
로고스바이오시스템스|2016.10.19|22200~25500|25500|15719|190.16:1|0.53%|신한금융투자
아이비케이에스지엠비스팩|2016.10.18|2000~2000|2000|11000||-|아이비케이투자증권
인크로스|2016.10.13|38000~43000|43000|17917|492.1:1|6.10%|신한금융투자
에이치엘사이언스(구.건강사랑)|2016.10.12|23900~30700|27000|36115|274.19:1|5.60%|미래에셋대우,케이비투자증권
코스메카코리아|2016.10.11|48000~54000|54000|64320|573.0:1|30.80%|삼성증권,이베스트투자증권
제이더블유생명과학|2016.10.10|27000~32500|30000|64800|224.57:1|7.41%|케이비투자증권,유안타증권
그레이트리치과기|2016.10.10|4000~6000|5000|67500|140.75:1|4.32%|NH투자증권
금세기차륜(골든센츄리)|2016.10.04|3200~4200|3500|25295|181.93:1|0.55%|유안타증권
인텔리안테크놀로지스|2016.09.28|18000~20500|19000|26100|319:1|1.30%|한국투자증권
에이치시티|2016.09.28|19200~22500|17000|21820|95.67:1|11.60%|미래에셋대우
잉글우드랩|2016.09.26|6000~7000|6000|21000|226.37:1|-|하나금융투자
앤디포스|2016.09.26|13000~14500|14500|54600|406.09:1|10.60%|미래에셋대우
수산아이앤티(구.플러스기술)|2016.09.22|10500~11500|11500|17850|157.55:1|0.64%|삼성증권
미투온|2016.09.20|3800~4300|3800|27210|73.1:1|-|미래에셋증권
화승엔터프라이즈|2016.09.08|14600~16500|15000|114464|48.46:1|0.21%|한국투자증권
케이비스팩10호|2016.09.07|2000~2000|2000|10000||-|케이비투자증권
엘에스전선아시아|2016.09.05|10000~11500|8000|126501|30.57:1|-|한국투자증권,하나금융투자,이베스트투자증권
유니테크노|2016.08.31|10300~11500|10300|15450|233.84:1|-|한국투자증권
교보비엔케이스팩|2016.08.23|2000~2000|2000|12000||-|교보증권,BNK투자증권
하나금융스팩8호|2016.08.23|2000~2000|2000|12000||-|하나금융투자
자이글|2016.08.18|20000~23000|11000|112000|18.90:1|-|하나금융투자,케이비투자증권
헝셩그룹|2016.08.03|3400~5300|3600|68000|93.06:1|-|신한금융투자
에코마케팅|2016.07.18|27000~31000|35000|29700|941.86:1|-|한국투자증권
엔지스테크널러지|2016.07.13|8900~10000|10000|4156|475.6:1|21.20%|교보증권,엘아이지투자증권
두올|2016.07.13|7500~9000|8500|54750|71.69:1|-|미래에셋증권,HMC투자증권
팍스넷|2016.07.11|4600~5200|5200|12737|753.07:1|5.19%|한국투자증권
우리손에프앤지|2016.07.11|1935~2210|2210|35239|455.1:1|40.40%|미래에셋대우
옵토팩|2016.07.05|5000~5900|5900|3500|397.4:1|2.82%|아이비케이투자증권
장원테크|2016.07.04|15000~17500|17500|22500|216.32:1|11.30%|신한금융투자
대유위니아(구.위니아만도)|2016.06.27|6800~8300|6800|51000|76.75:1|1.32%|신영증권
한국자산신탁|2016.06.23|9100~10300|10300|248405|149.83:1|6.37%|대신증권,신한금융투자,미래에셋대우
바이오리더스|2016.06.22|11000~15000|15000|13200|352.2:1|6.50%|키움증권
피앤씨테크|2016.06.16|9000~10200|10200|23850|306.39:1|10.89%|케이비투자증권
로스웰|2016.06.13|2100~3200|3200|63000|386.96:1|26.60%|신한금융투자
해성디에스|2016.06.09|12000~15000|12000|48000|188.69:1|12.20%|NH투자증권
에스티팜|2016.06.09|24000~27000|29000|111936|717.41:1|60.03%|유진투자증권,한국투자증권
녹십자랩셀|2016.06.08|13600~15900|18500|27200|733.72:1|51.66%|하나금융투자,엘아이지투자증권
한국스팩4호|2016.06.07|2000~2000|2000|10000||-|한국투자증권
알엔투테크놀로지|2016.06.07|5100~5800|5800|3417|570.26:1|-|하나금융투자
미래에셋스팩5호|2016.05.25|2000~2000|2000|9000||-|미래에셋증권
용평리조트|2016.05.10|8100~9200|7000|135432|28.1:1|0.10%|대우증권,대신증권
해태제과식품|2016.04.21|12300~15100|15100|71709|342.99:1|24.63%|NH투자증권,삼성증권
레이언스|2016.03.24|22000~25000|25000|88000|430.31:1|20.70%|대신증권
씨엠에스에듀|2016.03.24|19000~23200|23200|23560|302.17:1|28.83%|삼성증권,유안타증권
동양파일|2016.03.23|10000~11600|10000|80000|12.56:1|-|대신증권
대림씨엔에스|2016.03.15|23500~27700|27700|104720|85.25:1|15.90%|대우증권
팬젠|2016.02.23|12500~16500|16500|18750|614.46:1|14.04%|한국투자증권
하이에이아이스팩1호|2016.02.17|2000~2000|2000|9200||-|하이투자증권
IBKS스팩4호|2016.02.16|2000~2000|2000|3500||-|아이비케이투자증권
에이피위성통신|2016.02.15|8700~9700|9700|28344|271.55:1|7.80%|현대증권
케이비스팩9호|2016.02.15|2000~2000|2000|27000||-|케이비투자증권
큐리언트|2016.02.15|18000~21000|21000|32508|709.15:1|35.24%|한국투자증권
안트로젠|2016.01.27|17000~22000|24000|10200|531.1:1|30.60%|키움증권
제이에스코퍼레이션|2016.01.20|19000~23000|23000|62379|433.6:1|35.90%|NH투자증권
아이엠텍|2016.01.20|6500~7500|7500|27950|112.3:1|25.00%|대우증권
차이나크리스탈신소재|2016.01.14|2900~4200|3000|26970|36.30:1|0.90%|신한금융투자
유니트론텍|2016.01.14|12300~14000|14000|8056|455.80:1|21.70%|하나금융투자
한솔씨앤피|2016.01.13|13000~16800|13000|11700|136.97:1|5.97%|신한금융투자,케이비투자증권
에스와이패널|2015.12.14|7000~8000|5000|14951|4.88:1|-|미래에셋증권
코리아오토글라스|2015.12.14|10500~12000|11000|84420|57.68:1|4.47%|NH투자증권
육일씨엔에쓰|2015.12.10|6000~6700|6000|4200|8.74:1|-|엘아이지투자증권
코디엠|2015.12.10|4700~5800|4700|4700|39.79:1|2.51%|미래에셋증권
대신밸런스스팩2호|2015.12.10|2000~2000|2000|20000||-|대신증권
이에스브이|2015.12.10|13000~15000|10000|20540|23.29:1|2.38%|NH투자증권
잇츠스킨|2015.12.10|208500~253000|170000|161213|11.53:1|8.70%|대우증권,삼성증권
아진산업|2015.12.09|6500~7500|6500|29250|11.61:1|8.70%|미래에셋증권
휴젤|2015.12.09|190000~210000|150000|54000|6.7:1|8.61%|한국투자증권,대우증권,하나금융투자
한국맥널티|2015.12.08|10500~11500|8000|13125|60.5:1|0.20%|키움증권
덱스터|2015.12.08|11000~14000|14000|23558|255.31:1|33.10%|NH투자증권
메가엠디|2015.12.07|3600~4600|3000|19340|16.67:1|7.50%|NH투자증권
씨트리|2015.12.07|8300~10200|6500|9960|4.7:1|0.60%|신한금융투자
강스템바이오텍|2015.12.07|8000~10000|6000|16000|11.35:1|-|키움증권
동부스팩4호|2015.12.04|2000~2000|2000|10000||-|동부증권
파크시스템스|2015.12.03|9000~11000|9000|9000|50.29:1|57.30%|케이비투자증권
보광산업|2015.12.03|6000~7000|4000|18000|15.47:1|-|하나금융투자
예스티|2015.12.02|14500~18500|14500|15587|32.90:1|73.30%|NH투자증권
뉴트리바이오텍|2015.12.01|21000~24000|21000|43680|93.92:1|28.32%|동부증권
멕아이씨에스|2015.11.30|7500~9000|4500|4125|3.77:1|-|키움증권
하나금융스팩7호|2015.11.30|2000~2000|2000|14000||-|하나금융투자
엔에스|2015.11.16|6300~7200|8000|6255|179.61:1|21.42%|케이비투자증권
세진중공업|2015.11.12|3500~3900|3500|20054|8.89:1|26.50%|대우증권,신한금융투자
미래테크놀로지|2015.11.12|14300~16100|16100|21450|117.30:1|5.70%|현대증권
엠지메드|2015.11.05|33000~40000|40000|11550|715.39:1|14.86%|신한금융투자
매직마이크로|2015.11.05|5200~6400|5500|8320|75.03:1|1.33%|미래에셋증권
케이디켐|2015.11.04|14700~17800|16000|17052|66.20:1|3.00%|대신증권
하이즈항공|2015.11.04|23000~26000|18000|100625|47.27:1|0.89%|케이비투자증권
리드|2015.11.04|4500~5100|5100|3517|42.89:1|7.00%|대우증권
네오오토|2015.11.02|11400~12800|12000|17664|113.08:1|3.54%|신영증권
골든브릿지스팩4호|2015.11.02|2000~2000|2000|12500||-|골든브릿지투자증권
아이진|2015.10.29|12000~13500|13500|17823|408.1:1|7.50%|NH투자증권
나무가|2015.10.28|32000~37000|37000|28096|108.34:1|3.62%|교보증권
유앤아이|2015.10.28|25000~30000|30000|37500|377.40:1|4.00%|키움증권
케어젠|2015.10.27|80000~90000|110000|129600|833.46:1|62.00%|현대증권
금호에이치티|2015.10.27|12700~15700|10000|57098|46.05:1|8.00%|NH투자증권
에이치엠씨스팩3호|2015.10.21|2000~2000|2000|12000||-|HMC투자증권
제주항공|2015.10.21|23000~28000|30000|126500|378.67:1|77.99%|NH투자증권
더블유게임즈|2015.10.19|51000~61000|65000|217894|413.82:1|14.66%|한국투자증권,대우증권
연우|2015.10.15|20300~25200|25200|48835|317:1|51.00%|대우증권,HMC투자증권
키움스팩4호|2015.10.15|2000~2000|2000|20000||-|키움증권
현대드림스팩4호|2015.10.07|2000~2000|2000|10000||-|현대증권
에이티젠|2015.10.07|12500~14500|17000|12590|695.7:1|40.60%|NH투자증권
엑시콘|2015.10.06|13500~16500|10000|27000|28.34:1|-|아이비케이투자증권
이베스트스팩3호|2015.10.01|2000~2000|2000|8000||-|이베스트투자증권
에치디프로|2015.09.23|7800~8900|8900|11826|362.84:1|6.21%|대신증권
IBKS스팩3호|2015.09.21|2000~2000|2000|8000||-|아이비케이투자증권
엘아이지넥스원|2015.09.17|66000~76000|76000|455400|121.11:1|21.50%|NH투자증권,한국투자증권
동부스팩3호|2015.09.16|2000~2000|2000|8300||-|동부증권
신영해피투모로우2호스팩|2015.09.15|2000~2000|2000|10000||-|신영증권
타이거일렉|2015.09.10|6000~6900|6000|9258|230.02:1|1.36%|한국투자증권
동일제강|2015.09.10|2700~3300|3000|13500|309.7:1|3.10%|NH투자증권
엔에이치스팩9호|2015.09.09|2000~2000|2000|15500||-|NH투자증권
제너셈|2015.09.09|9000~10500|10500|11700|326.77:1|4.15%|하나금융투자
인포마크|2015.09.09|12000~14000|14000|10440|251.2:1|12.00%|삼성증권
아이콘트롤스|2015.09.08|28000~32000|32000|73143|272.96:1|29.10%|대우증권,신영증권
유진스팩3호|2015.08.26|2000~2000|2000|11500||-|유진투자증권
한국스팩3호|2015.08.18|2000~2000|2000|13000||-|한국투자증권
케이티비스팩3호|2015.08.12|2000~2000|2000|12500||-|KTB투자증권
교보스팩5호|2015.08.10|2000~2000|2000|10200||-|교보증권
웹스|2015.08.05|6500~7200|7200|10400|438.83:1|33.54%|한국투자증권
현대드림스팩3호|2015.08.05|2000~2000|2000|13000||-|현대증권
에이제이네트웍스|2015.08.04|30200~34300|34300|69460|197.15:1|20.06%|한국투자증권,미래에셋증권,신영증권
교보스팩4호|2015.07.30|2000~2000|2000|6000||-|교보증권
파인텍|2015.07.28|9000~10500|10500|9590|382.64:1|45.68%|NH투자증권
미래에셋스팩4호|2015.07.24|2000~2000|2000|6100||-|미래에셋증권
흥국에프엔비|2015.07.22|14500~17500|20000|26100|666.88:1|63.87%|NH투자증권
케이비스팩8호|2015.07.21|2000~2000|2000|20000||-|케이비투자증권
칩스앤미디어|2015.07.20|9300~10500|10500|6045|123.2:1|-|한국투자증권
아시아경제신문사|2015.07.15|3200~3600|3600|27200|280.85:1|15.82%|한국투자증권
아이쓰리시스템|2015.07.14|28500~31500|36000|14250|768.00:1|37.60%|키움증권
로지시스|2015.07.13|2000~2500|2500|6348|345.68:1|13.28%|삼성증권
엘아이지이에스스팩|2015.07.09|2000~2000|2000|5000||-|엘아이지투자증권
파마리서치프로덕트|2015.07.08|40000~47000|55000|89200|728.06:1|57.90%|NH투자증권,하나대투증권
에스케이스팩2호|2015.07.07|2000~2000|2000|12500||-|SK증권
펩트론|2015.07.06|9000~12000|16000|7336|699.59:1|67.40%|NH투자증권
한화에이스스팩2호|2015.07.02|2000~2000|2000|13250||-|한화투자증권
이노션|2015.07.01|64000~71000|68000|320064|273.09:1|52.40%|NH투자증권,대우증권
유안타스팩2호|2015.07.01|2000~2000|2000|12000||-|유안타증권
토니모리|2015.06.24|26400~30200|32000|77616|441.86:1|55.20%|대우증권
미래에셋생명보험|2015.06.22|8200~10000|7500|372279|40.3:1|2.07%|삼성증권
키움스팩3호|2015.06.22|2000~2000|2000|13000||-|키움증권
민앤지|2015.06.17|21200~24000|28000|29930|728.82:1|45.40%|신한금융투자
골든브릿지스팩3호|2015.06.16|2000~2000|2000|8800||-|골든브릿지투자증권
동운아나텍|2015.06.16|10000~12000|10000|5000|101.68:1|7.08%|키움증권
엔에이치스팩8호|2015.06.16|2000~2000|2000|13000||-|NH투자증권
유테크|2015.06.15|8000~9000|9000|8080|351.10:1|8.59%|대신증권
코아스템|2015.06.11|10800~13200|16000|27000|868.62:1|41.74%|한국투자증권
에스엔텍|2015.06.10|5600~6300|6500|6160|189.14:1|19.88%|케이비투자증권
경보제약|2015.06.10|13000~15000|15000|124315|524.56:1|34.44%|NH투자증권
이베스트스팩2호|2015.06.10|2000~2000|2000|13000||-|이베스트투자증권
세미콘라이트|2015.06.09|11300~13700|11300|11758|187.7:1|4.50%|NH투자증권
에스케이디앤디|2015.06.04|20200~24300|26000|59590|570.59:1|36.70%|대신증권,신한금융투자
베셀|2015.06.03|8000~9000|9000|4800|437.68:1|-|키움증권
하나머스트스팩5호|2015.06.02|2000~2000|2000|7000||-|하나대투증권
대신밸런스스팩1호|2015.06.01|2000~2000|2000|10000||-|대신증권
하이스팩3호|2015.05.29|2000~2000|2000|8500||-|하이투자증권
싸이맥스|2015.05.28|14300~16300|16300|22767|238.72:1|2.93%|대신증권
엔에이치스팩7호|2015.05.27|2000~2000|2000|8400||-|NH투자증권
한화에이씨피씨스팩|2015.05.26|2000~2000|2000|13500||-|한화투자증권
픽셀플러스|2015.05.26|33000~37000|30000|33000|131.67:1|2.25%|한국투자증권
제노포커스|2015.05.13|8000~9000|11000|9600|842.79:1|41.12%|한국투자증권
미래에셋스팩3호|2015.05.07|2000~2000|2000|11400||-|미래에셋증권
대우스팩3호|2015.04.29|2000~2000|2000|10000||-|대우증권
한화엠지아이스팩|2015.04.28|2000~2000|2000|10000||-|한화투자증권
대우에스비아이스팩1호|2015.04.22|2000~2000|2000|5500||-|대우증권
엔에이치스팩5호|2015.04.22|2000~2000|2000|13000||-|NH투자증권
유진에이씨피씨스팩2호|2015.04.13|2000~2000|2000|10000||-|유진투자증권
하나머스트스팩4호|2015.04.07|2000~2000|2000|5500||-|하나대투증권
한화에이스스팩1호|2015.04.01|2000~2000|2000|8200||-|한화투자증권
유지인트|2015.03.26|12400~14000|15000|25544|643.70:1|27.15%|한국투자증권
케이티비스팩2호|2015.03.19|2000~2000|2000|10000||-|KTB투자증권
케이비스팩7호|2015.03.11|2000~2000|2000|8000||-|케이비투자증권
NS쇼핑(구.농수산홈쇼핑)|2015.03.09|205000~235000|235000|180027|302.59:1|15.66%|한국투자증권,미래에셋증권,하나대투증권
세화아이엠씨|2015.03.03|14500~16300|16300|19002|216.35:1|10.45%|한국투자증권
포시에스|2015.01.26|7500~9100|9100|9750|344.23:1|-|동부증권
골든브릿지스팩2호|2015.01.21|2000~2000|2000|7000||-|골든브릿지투자증권
국일신동|2014.12.15|1400~1700|1700|4200|29.25:1|-|아이비케이투자증권
NH스팩2호|2014.12.15|2000~2000|2000|10675||-|NH농협증권
영백씨엠|2014.12.12|6500~7500|5500|4377|43.42:1|-|하나대투증권
케이비스팩6호|2014.12.11|2000~2000|2000|30000||-|케이비투자증권
케이비스팩5호|2014.12.10|2000~2000|2000|10000||-|케이비투자증권
교보스팩3호|2014.12.09|2000~2000|2000|10000||-|교보증권
현대드림스팩2호|2014.12.09|2000~2000|2000|13000||-|현대증권
오킨스전자|2014.12.09|6000~6900|7100|10995|268.25:1|-|미래에셋증권
넥스트엔터테인먼트월드|2014.12.09|12700~16300|16300|26307|214.69:1|9.59%|우리투자증권
하나머스트스팩3호|2014.12.09|2000~2000|2000|4500||-|하나대투증권
아스트|2014.12.09|7000~10000|9500|19982|74.59:1|5.74%|케이비투자증권
아이티센|2014.12.09|7000~8500|7500|7000|54.13:1|-|아이비케이투자증권
서전기전|2014.12.08|10500~12000|6500|12736|11.54:1|-|동부증권
하이셈|2014.12.08|1500~1900|1500|6534|50.03:1|-|대우증권
휴메딕스|2014.12.08|22700~25500|28000|22700|688.80:1|35.18%|한국투자증권
제일모직(구.삼성에버랜드)|2014.12.03|45000~53000|53000|1293747|465:1|35.14%|대우증권,우리투자증권,씨티그룹글로벌마켓증권,제이피모간증권회사
하나머스트스팩2호|2014.12.03|2000~2000|2000|10000||-|하나대투증권
하이로닉|2014.12.02|43000~47400|51000|23650|500.56:1|22.70%|신한금융투자
디티앤씨(구.디지털이엠씨)|2014.12.02|14500~18500|18500|30986|559.02:1|74.30%|키움증권
엘아이지스팩2호|2014.12.02|2000~2000|2000|5000||-|엘아이지투자증권
녹십자엠에스|2014.12.02|5000~5800|6000|10000|474.11:1|-|한국투자증권
랩지노믹스|2014.12.01|12000~13200|13200|3000|423.83:1|-|한국투자증권
에이디테크놀로지|2014.12.01|16000~18000|15000|16000|33.19:1|7.53%|한국투자증권
우리에스엘스팩|2014.12.01|2000~2000|2000|4000||-|우리투자증권
동부스팩2호|2014.11.27|2000~2000|2000|10000||-|동부증권
알테오젠|2014.11.27|23000~26000|26000|20700|409.2:1|14.40%|한국투자증권
비씨월드제약|2014.11.26|12000~15700|15700|19872|356.75:1|26.60%|대우증권,대신증권
한국스팩2호|2014.11.26|2000~2000|2000|10000||-|한국투자증권
에스케이씨코오롱피아이|2014.11.19|12500~15000|8000|102400|23.01:1|-|한국투자증권
에프엔씨엔터테인먼트|2014.11.18|24000~28000|28000|33600|185.35:1|9.91%|유진투자증권
대창스틸|2014.11.18|2000~2500|2500|4400|219.91:1|-|하나대투증권
하이스팩2호|2014.11.13|2000~2000|2000|10000|24.64:1|-|하이투자증권
씨에스윈드|2014.11.13|31000~43500|43500|182900|109.3:1|1.79%|미래에셋증권,삼성증권
케이티비스팩1호|2014.11.10|2000~2000|2000|10000||-|KTB투자증권
텔콘|2014.11.10|12500~14500|14500|17500|162.88:1|5.53%|대신증권
IBKS스팩2호|2014.11.06|2000~2000|2000|8000||-|아이비케이투자증권
디에이테크놀로지|2014.11.05|6600~8500|6600|9464|55.28:1|1.81%|대신증권
파티게임즈|2014.11.04|10500~13000|13000|10080|224.12:1|24.62%|우리투자증권
유안타스팩1호|2014.11.03|2000~2000|2000|11000||-|유안타증권
삼성SDS|2014.10.29|150000~190000|190000|914940|651.5:1|48.11%|한국투자증권,골드만삭스증권,제이피모간증권
케이비스팩4호|2014.10.27|2000~2000|2000|20000||-|케이비투자증권
교보위드스팩|2014.10.23|2000~2000|2000|7800||-|교보증권
현대에이블스팩1호|2014.10.22|2000~2000|2000|10000||-|현대증권
테고사이언스|2014.10.22|10500~12500|13500|5593|591.09:1|30.50%|우리투자증권
슈피겐코리아|2014.10.20|22500~27500|27500|41625|255.6:1|30.86%|삼성증권
테라셈|2014.10.14|3600~4100|3000|6480|18.41:1|-|한국투자증권
영우디에스피|2014.10.13|8000~9500|5000|10400|17.07:1|-|키움증권
대우스팩2호|2014.10.06|2000~2000|2000|10500||-|대우증권
신한스팩2호|2014.09.24|2000~2000|2000|10000||-|신한금융투자
데브시스터즈|2014.09.18|43000~50000|53000|116100|651.66:1|29.98%|우리투자증권
메디아나|2014.09.17|5500~6500|6200|7920|86:1|-|케이비투자증권
KB스팩3호|2014.09.15|2000~2000|2000|20000||-|케이비투자증권
감마누|2014.07.28|10000~11500|11000|3600|608.66:1|-|한국투자증권
우리스팩3호|2014.07.28|2000~2000|2000|13000||-|우리투자증권
쿠쿠전자|2014.07.23|80000~104000|104000|196067|598.86:1|65.18%|우리투자증권
신화콘텍|2014.07.21|8100~9100|9100|12960|441.99:1|10.37%|현대증권
덕신하우징|2014.07.15|9600~11000|13000|19200|650.72:1|59.86%|현대증권
파버나인|2014.07.15|12100~13600|12500|13310|264.04:1|-|한국투자증권,케이비투자증권
창해에탄올|2014.07.14|6000~6900|8300|11405|578.20:1|59.50%|우리투자증권
미래에셋스팩2호|2014.07.10|2000~2000|2000|13000||-|미래에셋증권
윈하이텍|2014.07.10|6600~7500|8300|17424|444.1:1|55.60%|우리투자증권
아진엑스텍|2014.07.08|5000~6000|7000|5000|478.65:1|-|신한금융투자
화인베스틸|2014.06.30|4500~5100|4700|28951|85.45:1|-|현대증권
트루윈|2014.06.24|8000~9400|10500|9600||-|하나대투증권
하나머스트스팩|2014.05.22|2000~2000|2000|5000||-|하나대투증권
캐스텍코리아|2014.05.08|5000~5800|6500|12500||-|한국투자증권
BGF리테일(구.보광훼미리마트)|2014.04.24|41000~46000|41000|252561||-|삼성증권
유진스팩1호|2014.04.21|2000~2000|2000|10000||-|유진투자증권
KB스팩2호|2014.04.10|2000~2000|2000|14800||-|케이비투자증권
오이솔루션|2014.02.12|8500~9800|10000|6604||-|대신증권
인터파크INT|2014.01.16|5700~6700|7700|52414||-|대우증권
한국정보인증|2014.01.14|1600~1800|1800|8640||-|현대증권
솔루에타|2013.12.11|28000~32000|24000|24000||-|키움증권
이지웰페어|2013.12.11|3300~4000|4400|4400||-|한국투자증권
키움제2호스팩|2013.12.04|2000~2000|2000|13000||-|키움증권
인트로메딕|2013.12.03|4500~6000|6000|4200||-|한국투자증권
기가레인(구.맥시스)|2013.11.26|6300~7700|5500|21786||-|하나대투증권
알티캐스트|2013.11.20|7500~8500|8500|15000||-|한국투자증권
엔브이에이치코리아|2013.11.20|4000~4600|4500|38250||-|미래에셋증권
현대공업|2013.11.19|6500~7500|7500|22525||-|신영증권
우리기업인수목적2호|2013.11.07|2000~2000|2000|13000||-|우리투자증권
디엠티|2013.11.06|5200~6200|5700|6113||-|하나대투증권
신송홀딩스|2013.11.05|5200~6000|6500|23066||-|우리투자증권
램테크놀러지|2013.10.30|3500~3900|3900|4875||-|한국투자증권
라이온켐텍|2013.10.30|10000~12000|12500|37011||-|하나대투증권
미동전자통신|2013.10.28|18500~21000|20000|19417||-|우리투자증권
에이씨티|2013.10.23|11000~14000|8100|8505||-|한국투자증권
해성옵틱스|2013.10.22|6000~6800|6600|19650||-|우리투자증권
내츄럴엔도텍|2013.10.16|32000~38000|40000|21200||86.16%|키움증권
현대로템|2013.10.15|17000~23000|23000|460020||-|우리투자증권,대우증권
테스나|2013.10.01|12000~13500|13500|9767||-|키움증권
파수닷컴|2013.09.30|5400~6200|5800|9280||-|삼성증권
엘티씨|2013.09.23|17500~19500|20500|26728||-|키움증권
지엔씨에너지|2013.09.12|5000~5800|6000|7200||82.44%|교보증권
아미코젠|2013.08.29|20800~23800|25000|15762||-|우리투자증권
파이오링크|2013.07.18|9500~10500|10500|11400||-|LIG투자증권
금호N.T|2013.07.17|2700~3100|3100|7440||73.80%|미래에셋증권
KG이티에스|2013.07.08|3000~3900|3800|30827||-|우리투자증권
나스미디어|2013.07.02|7500~9000|8800|16887||-|KB투자증권
엑세스바이오|2013.05.07|3600~4100|4500|22888||-|우리투자증권,유진투자증권
디에스알|2013.04.29|4150~4650|4000|16000||-|우리투자증권
레고켐바이오사이언스|2013.04.23|13800~15500|15500|21700||8.48%|한국투자증권
삼목강업|2013.04.11|3500~3900|2600|8320||-|교보증권
세호로보트|2013.03.20|6500~7500|7800|8580||71.50%|IBK투자증권
윈팩|2013.02.19|4200~5100|4000|10109||-|키움증권
코렌텍|2013.02.14|13000~16000|16000|15600||12.53%|한국투자증권
제로투세븐|2013.01.30|7200~8300|8300|24900||-|현대증권
지디|2013.01.23|14500~16500|18000|43200||-|미래에셋증권
아이원스|2013.01.22|4300~4800|4500|9884||-|우리투자증권
우리이앤엘|2013.01.17|4900~5700|4900|44100||-|현대증권
아이센스|2013.01.15|16000~19000|19000|14400||-|우리투자증권
포티스|2013.01.10|3500~3900|3900|4853||-|하나대투증권
씨에스엘쏠라|2012.12.12|10000~11000|10000|12000||11.31%|키움증권
SBIAXES(구.AXES홀딩스)|2012.11.20|3000~3600|3600|19229||-|하나대투증권
우리로광통신|2012.11.07|9000~10300|10300|18789||-|미래에셋증권
디젠스|2012.11.06|1800~2300|1800|9000||-|우리투자증권
맥스로텍|2012.10.31|6000~7000|7000|7000||-|미래에셋증권
GMB코리아|2012.10.31|7600~9200|6000|34313||-|신한금융투자
와이엠씨|2012.10.30|5100~6000|6000|11677||-|우리투자증권
CJ헬로비전|2012.10.24|14000~19000|16000|293210||-|하이투자
아바텍|2012.10.16|5100~5800|6300|18585||-|한국투자증권
코이즈|2012.09.12|6500~7400|7500|8850||-|한국투자증권
모다정보통신|2012.09.10|7000~8500|7000|4900||-|키움증권
나노스|2012.07.17|6000~7000|7000|10500||-|한화증권
에이제이렌터카(구.아주오토렌탈)|2012.07.12|8000~9000|7000|38850||-|한국투자증권
우양에이치씨|2012.07.10|4000~6500|5500|13915||-|한화증권
엠씨넥스|2012.07.09|16200~18600|15000|12000||-|한국투자증권
네이블커뮤니케이션즈|2012.07.03|7500~9000|9000|5400||-|한국투자증권
디지탈옵틱|2012.06.27|9500~11500|11500|13058||-|신한금융투자
피엔티|2012.06.21|14000~16000|17000|13712||-|하나대투증권
사조씨푸드|2012.06.12|8600~10050|10600|63880||-|미래에셋증권
비아트론|2012.04.17|12900~14600|15900|14835||-|한국투자증권
에스비아이모기지|2012.04.05|7700~9200|7000|-||-|하나대투증권
코오롱패션머티리얼|2012.03.19|12000~14500|14500|43500||-|우리투자증권
빛샘전자|2012.03.07|4000~4400|4400|3432||-|미래에셋증권
휴비스|2012.02.06|11700~13200|12200|200141||-|대우증권
사람인에이치알|2012.02.02|4000~5000|5000|9720||-|현대증권
뉴로스|2012.01.26|7500~8500|8500|3750||-|교보증권
남화토건|2012.01.09|2600~3000|3000|9000||-|HMC투자증권
동아팜텍|2012.01.05|20000~24000|24000|54408||-|우리투자증권
원익머트리얼즈|2011.12.08|23000~26000|27000|45029||-|동양증권
나이스디앤비|2011.12.07|1400~1700|1700|5488||-|대신증권
GS리테일(지에스리테일)|2011.12.07|18000~21000|19500|300300||-|우리투자증권
디엔에이링크|2011.12.05|6000~7000|7700|3950||-|미래에셋증권
시큐브|2011.12.05|4200~4900|4900|3821||-|SK증권
서암기계공업|2011.11.30|3200~3800|3800|11970||1.19%|한국투자증권
씨유메디칼시스템|2011.11.29|10000~11500|12000|8000||-|현대증권
인터지스|2011.11.29|10000~12200|10000|58350||-|삼성증권
넥스트리밍|2011.11.16|5000~6000|6000|3975||-|신한금융투자
에스에프씨|2011.11.15|13500~17000|14000|22044||-|우리투자증권
티브이로직|2011.11.15|10000~11200|12000|10500||-|한국투자증권
사파이어테크놀로지|2011.11.15|55000~65000|65000|52650||-|한국투자증권
신진에스엠|2011.11.10|12500~15000|15000|13500||-|한화증권
이엠넷|2011.11.09|5800~6400|6400|9600||-|KB투자증권
와이지엔터테인먼트|2011.11.07|22100~28800|34000|27548||-|대우증권
쎄미시스코|2011.11.02|7000~8000|9500|9137||-|하이투자증권
테크윙|2011.10.25|18000~20000|23000|11700||-|한국투자증권
아이테스트|2011.10.24|2000~2400|2400|20000||-|미래에셋증권
신흥기계|2011.10.20|7000~7700|8500|13396||-|한국투자증권
씨큐브|2011.10.19|4200~5000|5750|4025||-|대신증권
씨엔플러스|2011.10.17|10000~11300|11500|9200||-|한국투자증권
테라세미콘|2011.10.13|10000~12000|13500|16200||-|LIG투자증권
케이맥|2011.10.05|13000~15000|14500|17400||-|현대증권
넥솔론|2011.09.28|6700~8000|4000|85490||-|우리투자증권
로보스타|2011.09.27|4500~6000|5800|6805||-|미래에셋증권
대한과학|2011.09.22|2400~3200|3000|3360||-|대우증권
피앤이솔루션|2011.09.06|7000~8000|8000|12000||-|교보증권
화진|2011.07.20|3700~4300|4300|10587||-|HMC투자증권
제이씨케미칼|2011.07.20|6000~7200|7200|20040||-|삼성증권
제닉|2011.07.18|19000~22000|22000|17100||-|교보증권
아이씨디|2011.07.18|23000~27000|34000|52700||-|동양증권
경봉|2011.07.11|6000~7100|7100|9478||-|동양증권
상아프론테크|2011.07.06|6300~6900|6000|15000||-|한국투자증권
삼원강재|2011.07.04|3700~4200|4000|40000||-|대우증권
옵티시스|2011.06.29|6700~7600|7600|5320||-|키움증권
나이벡|2011.06.29|8400~10200|10000|7340||-|대신증권
신세계인터내셔날|2011.06.23|50000~65000|65000|130000||-|한국투자증권
대양전기공업|2011.06.17|8200~10000|9000|25650||-|삼성증권
한국항공우주산업|2011.06.16|14000~16000|15500|567515||-|우리투자,현대증권
하이마트|2011.06.15|59000~67700|59000|419747||-|대우증권
탑금속|2011.06.07|5800~6500|6500|21450||-|현대증권
쓰리피시스템|2011.06.02|4500~6000|5800|7691||-|부국증권
엠케이트렌드|2011.06.01|9000~11000|11000|21600||-|우리투자증권
완리인터내셔널홀딩스|2011.05.27|4100~5500|4100|50020||-|삼성증권
리켐|2011.05.25|11000~14000|14000|-||-|SK증권
넥스트아이|2011.05.25|9700~10800|10000|9700||-|한국투자증권
코오롱플라스틱|2011.05.25|3800~4300|4300|33060||-|대우증권
엘티에스|2011.05.19|32500~34500|34000|24598||-|우리투자증권
KT스카이라이프|2011.05.16|13500~18500|17000|42500||-|대우증권
세아특수강|2011.05.12|24000~28000|28000|61987||-|하나대투증권
케이엠에이치|2011.05.11|9500~11500|9500|-||-|IBK투자증권
골프존|2011.05.02|65000~79000|85000|170000||-|한국투자증권
한국종합기술|2011.04.11|6800~9200|7100|22323||-|우리투자증권
이퓨쳐|2011.04.11|5200~6400|6400|5760||-|삼성증권
티케이케미칼|2011.04.07|4500~5000|5000|198000||-|우리투자증권
일진머티리얼즈|2011.02.16|14100~15800|15800|-||-|미래에셋증권
현대위아|2011.01.27|53000~60000|65000|520000||-|미래에셋증권
부스타|2011.01.26|3500~4200|4200|8568||-|HMC투자증권
나노신소재|2011.01.18|14500~16500|17000|25795||-|한국투자증권
케이아이엔엑스|2011.01.17|6900~7500|8000|4968||-|하나대투증권
티피씨|2011.01.17|4500~5200|5200|5850||-|신영증권
제이엔케이히터|2011.01.13|10500~13600|13600|27200||-|우리투자증권
엘비세미콘|2011.01.12|4000~4500|4700|32000||-|한국투자증권
딜리|2011.01.12|7000~8000|8000|10290||-|현대증권
블루콤|2011.01.11|9000~12000|12000|24300||-|우리투자증권
인트론바이오테크놀로지|2011.01.10|4800~6100|6100|3050||-|신한금융투자
씨그널정보통신|2011.01.07|7500~8500|8500|7582||-|신영증권
중국고섬공고|2011.01.07|5970~5970|7000|179100||-|대우증권
다나와|2011.01.06|12000~14000|14000|20141||-|한국투자증권
KB게임(KB스팩)|2010.12.20|2500~2500|2500|20000||-|KB투자증권
티에스이|2010.12.16|45000~52000|45000|36549||-|한국투자증권
인텍플러스|2010.12.15|6000~7000|7000|7000||-|한국투자증권
두산엔진|2010.12.15|17200~20900|19300|202650||-|대우증권
대구도시가스|2010.12.08|4400~5400|5400|33000||-|신한금융투자
현대HCN|2010.12.08|3800~4500|3800|83600||-|현대증권
액트|2010.12.07|2400~2700|2700|10800||-|한국투자증권
IBKS스마트스팩|2010.12.07|1000~1000|1000|20000||-|IBK투자증권
한전산업개발|2010.12.01|4500~5500|5500|58680||-|신한금융투자
대정화금|2010.12.01|8100~9200|9200|18630||8.69%|HMC투자증권
케이티스(구.한국인포서비스)|2010.12.01|2500~3100|2700|13454||-|우리투자증권
동부티에스블랙펄스팩|2010.11.23|2000~2000|2000|22500||-|동부증권
하이제1호스팩|2010.11.18|4000~4000|4000|27000||-|하이투자증권
세우테크|2010.11.15|5500~6500|5500|8250||-|신한금융투자
대구방송|2010.11.11|7500~9500|7500|7500||-|부국증권
코라오홀딩스|2010.11.10|3800~4800|4800|56317||-|IBK투자증권
케이티롤|2010.11.09|6000~6800|6800|6328||-|대신증권
시그네틱스|2010.11.09|2300~2600|2600|32312||-|미래에셋증권
한국전자인증|2010.11.02|1300~1500|1600|1820||-|한국투자증권
코프라|2010.10.26|5500~6500|7000|12320||-|미래에셋증권
디케이락|2010.10.25|7000~8000|7500|14000||-|신한금융투자
하나그린스팩1호|2010.10.25|4000~4000|4000|20000||-|하나대투
케이엔엔|2010.10.19|8000~10000|9000|11970||-|미래에셋증권
아나패스|2010.10.18|47000~52000|52000|22090||-|대우증권
삼본정밀전자|2010.10.18|7800~8800|8800|15600||-|현대증권
부국퓨쳐스타즈스팩|2010.10.14|2000~2000|2000|11800||-|부국증권
아이텍반도체|2010.10.06|8700~9100|9100|8190||-|대우증권
누리플랜|2010.10.05|4600~5500|5500|6050||-|HMC투자증권
인화정공|2010.10.04|22000~26000|26000|31200||-|신한금융투자
코렌|2010.10.04|5800~6600|5800|-||-|대우증권
아이씨코리아|2010.09.30|2400~3000|2800|3600||-|한화증권
키움제1호스팩|2010.09.09|2000~2000|2000|20000||-|키움증권
휠라코리아|2010.09.06|30000~35000|35000|97500||-|삼성증권
포메탈|2010.09.02|6000~6800|6000|10800||-|IBK투자증권
케이티씨에스(구.한국인포데이타|2010.09.01|2600~3100|2600|18597||-|한국투자증권
성융광전투자|2010.08.31|2700~3300|2800|50400||-|대우증권
다원시스|2010.08.30|9000~12000|11000|14868||-|하이투자증권
알파칩스|2010.08.30|10500~12000|12000|7200||-|현대증권
와이솔|2010.08.26|7000~9000|8000|8000||-|한화증권
현대홈쇼핑|2010.08.26|80000~90000|90000|-||-|현대증권
이트레이드1호스팩|2010.08.25|2000~-|2000|19000||-|이트레이드증권
씨젠|2010.08.24|28000~35000|30500|19413||-|대우증권
에이치엠씨아이비1호스팩|2010.08.12|2000~-|2000|23560||-|HMC투자증권
교보케이티비스팩|2010.08.11|4000~-|4000|25000||-|교보증권,KTB투자증권
에스비아이앤솔로몬드림스팩|2010.08.09|1250~-|1250|20000||-|솔로몬투자
대신증권그로쓰알파|2010.08.09|2000~-|2000|-||-|대신증권
한국투자신성장1호스팩|2010.08.09|2200~-|2200|23100||-|한국투자증권
도화종합기술공사|2010.07.27|20000~23000|22000|40000||-|우리투자증권
엠에스오토텍|2010.07.19|4500~5500|5500|15840||-|HMC투자증권
이글루시큐리티|2010.07.15|11000~14000|14000|21000||-|미래에셋증권
인터로조|2010.07.14|9000~12000|12000|12134||-|한화증권
아이마켓코리아|2010.07.13|12300~15300|15300|-||-|미래에셋증권
하이텍팜|2010.07.12|10000~11500|11500|21000||-|HMC투자증권
웨이포트(홍콩)|2010.07.06|1400~1800|1400|19558||-|메리츠증권
우진|2010.07.06|13600~15200|15000|29512||-|한국투자증권
크루셜텍|2010.07.05|20000~23500|23500|24107||-|미래에셋증권
에스디시스템|2010.06.30|13000~14800|14800|12350||-|대우증권
한화스팩1호|2010.06.24|5000~-|5000|20000||-|한화증권
신영증권스팩1호|2010.06.16|1000~-|1000|19700||-|신영증권
웅진에너지|2010.06.15|7500~8500|9500|119100||-|대신증권
처음앤씨|2010.06.07|10500~13000|13000|9260||-|우리투자증권
유비벨록스|2010.06.03|9500~10500|11000|9500||-|한국투자증권
케이엔디티앤아이|2010.05.26|7000~8500|8500|15300||-|교보증권
히든챔피언제1호스팩|2010.05.26|2000~2000|2000|30000||-|삼성증권
솔라시아|2010.05.25|4600~5100|5000|4375||-|한국투자증권
이연제약|2010.05.24|16500~18000|16500|21450||-|현대증권
실리콘웍스|2010.05.19|61000~67000|67000|67000||-|한국투자증권
투비소프트|2010.05.17|6500~7500|8000|2567||-|한국투자증권
인피니트헬스케어(구.인피니트테|2010.05.10|4200~5200|5200|12600||-|삼성증권
모바일리더|2010.05.06|13000~15000|15000|7800||-|한화증권
만도|2010.05.04|75000~90000|83000|450000||-|우리투자증권
신한제1호스팩|2010.04.28|4000~5000|5000|37500||-|신한금융투자
우리스팩1호|2010.04.26|10000~-|10000|35000||-|우리투자증권
삼성생명|2010.04.22|90000~115000|110000|4888116||-|한국투자증권
동아체육용품유한공사|2010.04.06|4600~5200|5000|27595||-|교보증권
뉴프라이드|2010.04.02|6000~7700|7500|11100||-|골든브릿지
케이씨에스|2010.03.26|1200~1600|1600|4320||-|삼성증권
차이나킹하이웨이|2010.03.16|3000~3500|3700|72000||-|우리투자증권
동양밸류오션SPAC|2010.03.11|10000~-|10000|45000||-|동양증권
디지탈아리아|2010.03.11|8000~10000|11000|8371||-|교보증권
현대드림투게더|2010.03.04|6000~-|6000|20004||-|현대증권
대한생명보험|2010.03.03|9000~11000|8200|2100000||-|대우증권
미래에셋스팩1호|2010.02.25|1500~-|1500|20000||-|미래에셋증권
대우증권그린코리아SPAC|2010.02.17|2500~3500|3500|62500||-|대우증권
이미지스테크놀로지|2010.02.04|6000~7500|6000|9960||-|교보증권
인포바인|2010.01.20|26000~31000|33000|14850||-|한국투자증권
차이나하오란리사이클링|2010.01.19|4300~5600|4700|43000||-|신한금융
하이소닉|2010.01.19|11000~13000|13000|8800||-|한화증권
에스이티아이|2010.01.18|16500~18000|17500|31020||-|삼성증권
모베이스|2010.01.18|9000~12000|13200|-||-|미래에셋증권
에이치디시에스|2010.01.14|11000~15000|15000|10999||-|하이투자증권
락앤락|2010.01.14|14000~15700|15700|157000||-|한국투자증권
지역난방공사|2010.01.13|33400~40800|45000|130275||-|삼성증권
우리넷|2010.01.12|6000~7000|6700|6412||-|한국투자증권
아세아텍|2010.01.08|4700~5400|4100|20680||-|IBK투자증권
영흥철강|2010.01.08|12000~16000|12000|26984||-|대우증권
스타플렉스|2010.01.07|13100~15600|15000|18340||-|대신증권
우노앤컴퍼니|2009.12.28|7000~10000|6500|16945||-|SK증권
승화엘엠씨|2009.12.17|6000~7000|6700|8004||-|한화증권
코디에스|2009.12.16|5000~6000|6000|6049||-|동부증권
아이티엑스시큐리티|2009.12.08|6500~8000|6000|8404||-|한화증권
위메이드엔터테인먼트|2009.12.03|60000~65000|62000|130200||-|우리투자증권
KPX라이프사이언스|2009.12.03|5000~6500|6200|34100||-|미래에셋증권
멜파스|2009.12.01|43200~48800|43200|53752||-|한국투자증권
동양피엔에프|2009.12.01|10000~12000|12000|17000||-|HMC투자증권
현대푸드시스템|2009.11.30|10000~11600|11600|59670||-|현대증권
한전기술|2009.11.25|21600~24400|21600|165110||-|동양증권
디오텍|2009.11.24|10000~12000|9000|7160||-|한화증권
중국엔진집단유한공사|2009.11.16|10000~11000|6000|100000||-|신한금융투자
이원컴포텍|2009.11.12|2000~2200|2000|2903||-|신영증권
GKL|2009.11.04|9500~12000|12000|176288||-|미래에셋증권
강원비앤이|2009.11.02|4800~6000|4700|6720||-|현대증권
이너스텍|2009.10.27|10000~13000|10000|3750||-|대우증권
동방선기|2009.10.27|5000~5800|4000|8999||-|신한금융투자
에스케이씨앤씨|2009.10.26|28000~32000|30000|540000||-|우리,한국,대신
디엠씨|2009.10.20|7500~8600|6300|5625||-|미래에셋증권
진매트릭스|2009.10.20|11000~14000|8000|11000||-|삼성증권
스틸플라워|2009.10.09|17500~21500|13500|30625||-|미래에셋증권
비츠로셀|2009.10.09|6700~8000|5500|21440||-|현대증권
진로|2009.09.28|45000~50000|41000|648000||-|삼성,우리투자
동양생명|2009.09.23|17000~22000|17000|340380||-|대우증권외2
한스바이오메드|2009.09.22|4500~5100|5500|3496||-|한국투자증권
네오위즈벅스|2009.09.17|9000~11000|9000|24599||-|우리투자증권
아이앤씨테크놀로지|2009.09.16|14000~16000|16000|32480||-|미래에셋증권
케이엔더블유|2009.09.10|9000~11000|11000|8100||-|키움닷컴증권
에리트베이직|2009.09.10|3400~4200|4000|6800||-|신한금융투자
쌍용머티리얼|2009.09.09|14500~17500|17500|26100||-|대우증권
모린스|2009.09.08|30000~39000|39000|38828||-|우리투자,현대
디에스케이|2009.09.07|4000~5000|5000|6000||-|신한금융투자
제넥신|2009.09.01|22000~27000|27000|22000||-|대우,교보증권
톱텍|2009.08.27|9100~10400|10400|18200||-|HMC투자증권
동국S&amp;C|2009.08.06|9000~12000|11000|205716||-|삼성증권
에스앤더블류|2009.07.15|5600~6700|6700|5360||-|대신증권
게임빌|2009.07.13|13000~15500|15000|12600||-|동양증권
동일금속|2009.07.09|7000~8000|8000|16800||-|동양증권
대우캐피탈|2009.06.10|7000~8500|8000|46400||3.10%|한국투자증권
한미파슨스건축사사무소|2009.06.02|10000~13000|14500|15950||-|삼성증권
동아지질|2009.05.26|12500~14000|14500|50750||8.00%|대우증권
어보브반도체|2009.05.20|2500~3000|3300|4056||19.47%|한국투자증권
조이맥스|2009.05.18|40000~50000|55000|47891||38.64%|교보증권
차이나그레이트스타인터내셔널리|2009.05.11|1200~1600|1700|51000||14.03%|NH투자증권
이엔에프테크놀로지|2009.05.11|4500~5100|5500|14850||21.98%|한국투자증권
뉴그리드테크놀로지|2009.05.08|2800~3200|3500|2092||24.60%|미래에셋증권
중국원양자원유한공사|2009.05.04|2300~2900|3100|53320||-|현대증권
해덕선기|2009.04.29|7500~8500|8500|20825||20.41%|메리츠증권
서울마린|2009.04.29|8000~10000|10000|31497||13.10%|미래에셋증권
한국정밀기계|2009.04.27|18000~22000|22000|50490||53.00%|현대증권
STX엔파코|2009.04.27|10000~13000|13000|29900||-|굿모닝신한,우리
흥국|2009.04.22|3200~3800|4200|4713||5.43%|한국투자증권
신텍|2009.04.15|9500~12500|12500|17500||-|우리투자증권
티플랙스|2009.04.07|2200~2600|3000|3177||15.70%|미래에셋증권
우림기계|2009.04.07|8000~10000|10000|19580||2.07%|동양증권
네프로아이티|2009.04.06|3500~4500|4500|3600||-|삼성증권
엔에스브이|2009.03.31|3600~4300|4300|10900||-|대우증권
에스티오|2009.03.31|4000~5000|5000|4700||-|삼성증권
뷰웍스|2009.03.25|8000~10000|9000|9450||11.69%|한국투자증권
에스앤에스텍|2009.03.25|3500~4500|4000|9200||-|대우증권
에이테크솔루션|2009.03.25|5000~5800|5400|2700||-|현대증권
코오롱생명과학|2009.03.17|19500~23500|23500|16920||-|삼성증권
네오피델리티|2009.03.12|4000~5000|4500|2250||-|한화증권
중국식품포장유한공사|2009.03.04|2700~3700|1500|9000||-|굿모닝신한증권
이수앱지스|2009.01.13|5000~5500|5500|7480||-|삼성증권
유비쿼스|2009.01.07|6000~7000|6100|6278||-|미래에셋증권
대성파인텍|2009.01.07|4000~4500|3500|1575||-|현대증권
메디톡스|2008.12.26|13200~14700|14000|3542||-|한국투자증권
엠게임|2008.12.01|11000~13000|10000|3100||-|미래에셋증권
아이컴포넌트|2008.11.25|5100~5600|3500|1358||-|한국투자증권
연합과기공고유한공사|2008.11.18|4000~5000|2200|13200||-|대우증권
LG파워콤|2008.11.12|8500~10000|5700|76380||-|우리투자증권
에너지솔루션즈|2008.11.04|5000~6000|3000|2100||-|현대증권
이크레더블|2008.10.06|20000~25000|18000|11880||34.21%|한화증권
심팩에이앤씨|2008.09.22|18000~20000|12000|62400||-|동양증권
사이버다임|2008.09.17|4000~5000|3100|2456||-|우리투자증권
세운메디칼|2008.09.10|6000~7000|5600|5600||21.70%|한화증권
케이제이프리텍|2008.09.02|5000~6000|3000|3757||-|교보증권
마이크로컨텍솔루션|2008.09.01|2400~3100|2000|2000||-|HMC투자증권
삼강엠앤티|2008.07.10|8200~10000|6500|12350||-|신영증권
LG이노텍|2008.07.07|50000~60000|40500|137700||0.88%|대우증권
아이엠|2008.07.03|7700~9100|5000|10000||-|한국투자증권
코리아에스이|2008.06.26|6000~7000|5500|5280||-|동양증권
한텍엔지니어링|2008.06.25|10200~11500|8500|15300||9.73%|굿모닝신한증권
슈프리마|2008.06.24|27100~34000|27100|16260||-|한국투자증권
명문제약|2008.06.24|6300~7100|6000|15234||-|우리투자증권
서울옥션|2008.06.12|9000~12000|11000|36428||-|우리투자증권
비유와상징|2008.06.12|36000~40000|33000|59103||-|현대증권
이스트소프트|2008.06.11|9000~12000|9800|4361||-|한화증권
씨디아이홀딩스|2008.06.09|30000~33000|33000|16187||-|삼성증권
윌덱스|2008.06.04|9100~10300|10000|20000||-|한국투자증권
쎄트렉아이|2008.05.27|33500~43000|43000|10062||-|한국투자증권
브리지텍|2008.05.19|2700~3100|3100|5541||-|굿모닝신한
고영테크놀러지|2008.05.16|10000~11500|11500|12132||-|한국투자증권
제이씨엔터테인먼트|2008.05.14|8500~10500|10500|21000||-|삼성증권
테스|2008.04.28|33000~38000|34000|28949||-|하나IB증권
우진비앤지|2008.04.28|3600~4100|4000|4800||-|한국투자증권
세미텍|2008.04.24|6000~7000|5000|8485||-|동양증권
엘디티|2008.04.15|3700~4300|3800|4770||8.95%|한국투자증권
예스이십사|2008.04.15|6500~7500|6300|21735||-|동양증권
실리콘화일|2008.04.08|9000~12000|6000|9000||-|현대증권
메타바이오메드|2008.03.25|10500~13000|9000|90000||13.57%|한국투자증권
네패스신소재|2008.03.18|6200~6800|4400|2904||-|우리투자증권
효성오앤비|2008.03.18|8500~11000|7500|13500||2.00%|SK증권
제너시스템즈|2008.03.10|5500~6500|3500|6160||25.38%|한국투자증권
넥실리온|2008.01.16|6200~7200|3500|3675||-|한국투자증권
네오엠텔|2008.01.11|13000~14200|8500|7650||-|삼성증권
텔레필드|2008.01.10|11000~13000|5000|5218||-|굿모닝신한증권
코웰이홀딩스|2008.01.10|3000~3500|2000|22400||11.16%|교보증권
에스맥|2008.01.09|7200~8200|3500|5900||-|한국투자증권
엔케이|2008.01.09|11900~15500|10000|32000||0.53%|한국투자증권
마이스코|2008.01.08|25000~30000|18000|39600||14.67%|교보증권
일신랩|2007.12.07|6000~7000|4500|3600||-|현대증권
쎄믹스|2007.12.06|5500~7000|3300|3159||-|CJ투자증권
서원인텍|2007.12.05|7000~8000|6000|15000||-|교보증권
이씨에스텔레콤|2007.11.30|3200~4000|2500|3750||-|현대증권
대창메탈|2007.11.27|9500~11500|6500|19581||4.40%|미래에셋증권
한전KPS|2007.11.23|11000~13300|13300|119700||71.00%|굿모닝신한증권
미성포리테크|2007.11.22|7000~8000|6300|15120||-|굿모닝신한증권
위즈위드|2007.11.16|6500~7500|5200|11658||24.00%|굿모닝신한증권
성진지오텍|2007.11.13|14000~17000|14000|80003||20.00%|대우증권
화풍방직|2007.11.07|5212~5212|5600|33600||47.25%|대우증권
세실|2007.11.02|11000~13000|11000|27500||27.02%|CJ투자증권
알에프세미|2007.11.01|6500~7500|4800|4320||-|대우증권
디엔에프|2007.10.30|18700~21500|12000|9960||-|한국투자증권
씨모텍|2007.10.26|32000~37000|23000|36379||22.13%|동양증권
제이에스전선|2007.10.26|20000~24000|24000|48000||-|삼성증권
일진정공|2007.10.19|5000~5600|5200|9360||72.10%|신흥증권
쉘라인|2007.10.19|18300~20600|17400|50025||-|삼성증권
비엠티|2007.10.18|8500~10000|8000|12000||44.95%|동양증권
현우산업|2007.10.14|7400~9600|6800|9520||-|대신증권
기신정기|2007.10.11|9500~11500|10000|31500||53.37%|동양증권
이엘케이|2007.10.11|10500~12500|10000|24000||-|한화증권
KSS해운|2007.10.10|60000~65000|65000|11303||-|우리투자증권
이엠코리아|2007.10.09|8300~9300|8500|12495||-|한국투자증권
효성ITX|2007.10.09|4000~5150|5000|18650||-|삼성증권
다믈멀티미디어|2007.10.02|5000~6500|4500|5572||-|미래에셋증권
디아이씨|2007.09.28|55000~65000|63000|41326||-|동양증권
엘지에스|2007.09.21|10000~12000|11000|18150||25.30%|한화증권
에스에너지|2007.09.20|17000~19000|19000|16530||91.00%|한화증권
제이엠텔레콤|2007.09.19|5000~6000|5700|11400||-|대우증권
성우전자|2007.09.18|9000~11000|11000|10450||74.22%|CJ투자증권
오디텍|2007.09.17|8300~10300|10000|10000||70.00%|미래에셋증권
미래나노텍|2007.09.12|32000~37000|37000|55500||-|한국투자증권
상보|2007.09.11|12000~15000|15000|19500||55.30%|한화증권
네오티스|2007.09.11|10000~12000|11500|18400||-|대우증권
에스티엑스팬오션|2007.09.10|1270~1270|1720|590125||-|삼성증권
아이에스시테크놀러지|2007.09.07|17000~21000|21000|32340||75.18%|현대증권
옴니시스템|2007.09.06|5500~6500|6500|7359||-|한국투자증권
바이오톡스텍|2007.09.05|4000~5500|5500|4950||56.78%|한화증권
연이정보통신|2007.09.05|3500~4000|4000|13200||20.43%|교보증권
푸른기술|2007.08.31|11000~13000|12500|9375||-|한국투자증권
웨이브일렉트로닉스|2007.08.29|9300~10300|10000|24800||-|한국투자증권
빅솔론|2007.08.03|8000~9000|10000|8560||81.99%|교보증권
3노드디지탈|2007.07.27|1800~2200|2500|21600||-|신영증권
넥스지|2007.07.24|7500~9100|9600|8352||86.36%|동부증권
에스엔케이폴리텍|2007.07.11|6500~7500|8900|15405||-|키움증권
아구스|2007.07.10|11000~13000|14500|17600||-|미래에셋증권
아로마소프트|2007.07.06|7000~7500|8200|10552||-|교보증권
바로비젼|2007.07.05|7000~8500|8900|7420||-|우리투자증권
에코프로|2007.07.02|7000~8000|9000|7700||-|동양종합
메모리앤테스팅|2007.06.26|7000~8000|8000|7000||-|동양증권
컴투스|2007.06.21|8000~10300|12000|12800||-|한국투자증권
디지텍시스템스|2007.06.12|18500~22500|21000|30622||99.65%|교보증권
삼성카드|2007.06.12|40000~45000|48000|48000||-|한국투자증권
넥스트칩|2007.05.31|14500~16200|15700|15080||89.50%|한국투자증권
엔텔스|2007.05.30|9500~10500|10000|7696||91.97%|한국투자증권
풍강|2007.05.15|3600~4100|3700|10660||99.86%|서울증권
케이프|2007.05.08|14500~16500|18000|31500||99.90%|미래에셋증권
동국제약|2007.05.08|11800~14400|14000|25620||99.95%|삼성증권
상신이디피|2007.05.03|6300~7300|7000|7000||99.74%|대한투자증권
한라레벨|2007.05.03|8000~9000|8600|15480||99.52%|대우증권
에버테크노|2007.05.02|4500~5500|5200|10400||96.69%|미래에셋증권
에프알텍|2007.04.26|3000~3800|3300|3828||91.59%|동양증권
잘만테크|2007.04.26|12500~14000|14000|14000||99.97%|CJ투자증권
이엠텍|2007.04.12|7000~8000|7100|4688||-|하나증권
이트레이드증권|2007.01.25|7400~9800|6500|13000||-|한국투자증권
오스템임플란트|2007.01.18|13800~16400|15000|39240||99.78%|한국투자증권
네오팜|2007.01.10|7500~9200|8000|88000||99.97%|삼성증권
비에이치|2007.01.09|5500~6500|4600|5175||14.86%|대우증권
나노캠텍|2007.01.08|7900~8800|7000|7000||89.46%|한국투자증권
오스코텍|2006.12.28|17000~21000|9000|10800||68.39%|대우증권,신흥증권
켐트로닉스|2006.12.26|9000~11000|9500|9215||59.90%|교보증권
젯텍|2006.12.19|6500~8000|7000|5180||92.88%|미래에셋증권
동아엘텍|2006.12.12|5500~6500|6000|6000||63.54%|교보증권
아비스타|2006.12.08|10000~12000|11100|33300||99.95%|대우증권
디앤티|2006.12.04|6000~7000|6200|4960||53.33%|동양증권
신양엔지니어링|2006.12.04|8500~10000|9100|10920||99.28%|CJ투자증권
펜타마이크로|2006.11.29|10000~11000|10200|10209||99.55%|한화증권
휴온스|2006.11.28|8000~9500|9300|11160||99.90%|한국투자증권
파트론|2006.11.27|7500~8500|8300|9296||99.40%|한국투자증권
한국컴퓨터|2006.11.21|20000~25000|23500|12102||99.95%|교보증권
다사테크|2006.11.17|12000~16400|12000|5856||98.41%|한국투자증권
유니테스트|2006.11.14|23000~26000|22000|168225||71.33%|동양증권
큐에스아이|2006.11.06|7500~8500|6800|9316||98.57%|한국투자증권
에스에이티|2006.11.06|5500~6500|5200|4524||95.58%|키움증권
크레듀|2006.11.01|22500~25500|24000|31200||99.97%|한국투자증권
화신테크|2006.10.27|2500~3000|2700|6750||99.94%|대우증권
주연테크|2006.10.20|6000~8000|6400|27520||99.96%|하나증권
성창에어텍|2006.10.17|3300~4000|3400|5440||97.33%|동양증권
고려반도체시스템|2006.10.13|6050~7150|5500|6050||99.02%|한화증권
넥스턴|2006.10.12|3700~4700|4100|7380||98.71%|동양증권
인천도시가스|2006.10.11|18000~22000|19000|22800||99.98%|한양증권
제이티|2006.10.10|2700~3700|2700|3078||81.40%|한화증권
광진윈텍|2006.09.27|2400~2800|2600|6474||97.31%|신영증권
이녹스|2006.09.26|7000~8000|6500|7020||63.07%|한국투자증권
삼정펄프|2006.09.14|28000~32000|29000|11259||99.94%|서울증권
용현비엠|2006.09.14|8000~9000|9000|11700||90.54%|동양증권
바텍|2006.09.12|7000~9000|6700|11457||61.18%|교보증권
엠디에스테크놀로지|2006.09.06|13000~16000|13000|15990||89.02%|교보증권
현대EP|2006.09.05|17200~21000|18500|22200||99.95%|현대증권
평산|2006.08.01|13500~15000|15500|62000||99.82%|미래에셋증권
엘씨텍|2006.07.20|1600~2100|1500|2400||52.74%|신영증권
지오텔|2006.07.13|10000~11000|9800|6762||31.04%|한국증권
엑스씨이|2006.07.04|7500~8500|7500|6000||63.78%|동양증권
티엘아이|2006.07.04|12000~15000|11400|11258||32.10%|미래에셋증권
젠트로|2006.06.29|3000~4000|2200|3300||28.26%|키움닷컴
한국전자금융|2006.06.26|20000~25000|20500|16400||99.66%|현대증권
트라이콤|2006.06.20|6000~7000|4800|4992||5.36%|굿모닝신한증권
인포뱅크|2006.06.15|6000~7000|4600|7424||-|동양증권
미디어플렉스|2006.06.14|23000~29000|24000|45183||99.72%|한국투자증권
맥스엔지니어링|2006.06.13|3500~4500|2900|3549||-|한화증권
사이버패스|2006.06.13|5500~7500|5200|6240||-|교보증권
온미디어|2006.06.13|4500~5500|5200|62400||-|삼성증권
팬엔터테인먼트|2006.06.12|7000~8500|7000|9002||-|NH투자증권
에이치앤티|2006.06.09|7000~9000|6800|13600||-|교보증권
오엘케이|2006.06.08|4400~5700|4000|4000||-|한국증권
포인트아이|2006.06.08|9000~10000|7300|3905||-|교보증권
동우|2006.05.30|3700~4800|3000|20580||-|대신증권
롯데관광개발|2006.05.17|15000~17000|18000|54000||-|우리투자증권
씨앤비텍|2006.05.17|5000~6000|5600|5697||-|한화증권
제이브이엠|2006.05.15|14000~18000|17000|32300||-|교보증권
팅크웨어|2006.05.03|8500~9500|10000|13000||-|한국투자증권
엔트로피|2006.04.26|7000~9000|8500|10328||-|키움닷컴증권
진바이오텍|2006.04.07|4500~6500|5000|7050||-|한국투자증권
애강|2006.03.22|2400~3000|2800|5040||-|한화증권
미래에셋증권|2006.01.26|43000~53000|48000|197520||-|삼성증권
롯데쇼핑|2006.01.26|340000~430000|400000|685714||-|대우증권
엠비즈네트웍스글로벌|2006.01.16|12000~15000|15000|15375||-|한국투자증권
제우스|2006.01.12|13000~18000|13500|38340||-|교보증권
모건코리아|2006.01.12|1300~1700|1600|2880||-|신영증권
글로벌스탠다드테크놀로지|2006.01.10|5000~6000|5800|5461||-|우리투자증권
모빌탑|2006.01.06|9100~12400|12400|6703||-|한국투자
뉴프렉스|2005.12.28|7000~8000|7100|8591||-|한국투자증권
유진테크|2005.12.27|7000~8000|7800|7644||-|현대증권
오늘과내일|2005.12.27|3600~4400|4100|6693||-|굿모닝신한
크리스탈지노믹스|2005.12.22|18000~23000|18000|22680||-|대우증권
바이로메드|2005.12.19|14000~17000|15000|28350||-|현대증권
바이오니아|2005.12.14|6000~11000|11000|22000||-|대우증권
윈포넷|2005.12.09|8000~9000|8600|8539||-|미래에셋증권
글로비스|2005.12.07|19000~21000|21300|159750||-|대우증권
디오스텍|2005.12.07|5000~5700|6200|6324||-|미래에셋증권
대봉엘에스|2005.12.07|3400~4200|4200|5460||-|한국투자증권
와이엔텍|2005.12.06|2300~2700|2700|10098||-|교보증권
모젬|2005.12.06|12000~16000|17000|17350||-|대투증권
더베이직하우스|2005.12.01|9000~11000|11000|44000||-|대우증권
우진ACT|2005.11.30|6000~8000|8300|16600||-|교보증권
수성|2005.11.30|2500~3100|3000|7422||-|부국증권
엠피씨|2005.11.23|3600~4500|4300|7740||-|교보증권
이노칩테크놀로지|2005.11.17|11000~15000|14500|19807||-|대우증권
범우이엔지|2005.11.15|12000~16000|15200|20064||-|동원증권
제일연마공업|2005.11.15|5000~6000|5300|7950||-|대신증권
아이디에스|2005.11.09|13000~16000|13500|27000||-|교보증권
이엠따블유안테나|2005.11.09|9000~11000|11000|12923||-|한화증권
화우테크놀러지|2005.11.07|3100~3700|3700|2220||-|우리투자증권
자연과환경|2005.11.01|3000~4000|3700|3700||-|하나증권
리바트|2005.10.27|10000~12000|11500|14950||-|우리증권
와토스코리아|2005.10.26|6000~9000|7000|9800||-|sk증권
아이피에스|2005.10.25|8000~9000|9000|26369||-|동양증권
루미마이크로|2005.10.25|6000~9000|6600|12804||-|교보증권
인프라웨어|2005.10.12|6000~7000|7300|15929||-|대우증권
대한제강|2005.10.06|15000~18000|17300|24220||-|삼성증권
성일텔레콤|2005.10.06|3600~4000|3600|6704||-|교보증권
두올산업|2005.10.06|1200~1600|1600|2080||-|메리츠증권
서린바이오사이언스|2005.09.29|10000~12000|10000|11212||-|대신증권
가비아|2005.09.27|6000~7500|5600|36232||-|교보증권
에스에스씨피|2005.09.27|6000~8000|7700|26885||-|미래에셋증권
덕산하이메탈|2005.09.27|7500~10000|9000|15480||-|삼성증권
하나마이크론|2005.09.23|6500~8000|7600|16150||-|대우증권
그린소프트켐|2005.09.22|10700~12700|11600|6960||-|굿모닝신한
아바코|2005.09.21|5500~6400|5700|14308||-|현대증권
엘오티베큠|2005.09.13|7000~8500|7700|9940||-|한투증권
참테크|2005.09.13|11000~13000|9700|14162||-|교보증권
실리샌드|2005.09.13|4500~5500|4500|5040||-|한화증권
이상네트웍스|2005.09.12|10000~12000|9500|9500||-|현대증권
금호타이어|2005.02.03|13250~16000|13250(예정)|90100||-|대신증권
이노와이어리스|2005.01.18|11000~14000|13400(확정)|11000||-|동원증권
동양계전공업|2005.01.15|7000~9000|7100(확정)|16520||-|교보증권
이엠엘에스아이|2005.01.13|-|18000(확정)|31800||-|대우증권
에이디피엔지니어링|2005.01.13|10000~10500|10500(확정)|13221||-|우리증권
서산|2005.01.11|-|12000(확정)|1678||-|미래에셋
에이블씨엔씨|2005.01.11|18000~24000|20000(확정)|14774||-|미래에셋증권
한창산업|2005.01.11|2300~2700|2400(확정)|3680||-|LG투자증권
디이엔티|2005.01.10|4200~5000|4000(확정)|7114||-|대우증권
인터넷엠비씨|2005.01.06|4000~4800|3400(확정)|10200||-|미래에셋
에스엔유프리시젼|2005.01.04|25000~29000|27000(확정)|18900||-|동원증권
인프라밸리|2004.12.28|10000~12000|8400(확정)|12820||-|교보증권
비아이이엠티|2004.12.23|3700~4500|3000(확정)|4560||-|대신증권
손오공|2004.12.17|9000~11000|9300|13032||-|한양증권
아이크래프트|2004.12.15|6500~8000|6000|5438||-|미래에셋증권
메가스터디|2004.11.30|19000~23000|18500(확정)|25722||-|굿모닝신한증권
대주전자재료|2004.11.25|3200~4000|3000|5264||-|한투증권
텔레칩스|2004.11.25|5000~6000|4700|8089||-|대우증권
모빌리언스|2004.11.24|6500~8500|4700|7800||-|교보증권
넥스트인스트루먼트|2004.11.23|3200~4100|2800|6480||-|교보증권
화인에이티씨|2004.11.15|2800~3200|2800(예정)|3052||-|LG투자증권
유니드|2004.11.10|14200~17400|14200(예정)|28052||-|삼성증권
토비스|2004.11.03|2600~3300|2200(확정)|4940||-|브릿지증권
신지소프트|2004.10.12|9000~12000|9000(확정)|6300||-|미래에셋증권
태양기전|2004.10.12|16000~21000|14000(확정)|21984||-|교보증권
디지탈디바이스|2004.10.12|3500~4500|3100(확정)|3500||-|우리증권
모코코|2004.10.12|3000~3800|2500(확정)|3990||-|동원증권
케이이엔지|2004.10.07|3000~4000|2700(확정)|7829||-|동양증권
국일제지|2004.10.06|-|15000(확정)|6000||-|현대증권
디엠에스|2004.09.06|-|28400(확정)|36920||-|한화증권
아이레보|-|5000~6500|6300(확정)|10500||-|교보증권
레인콤|-|37000~47000|47000(확정)|48840||-|현대증권
비트윈|-|3500~4500|4000(확정)|4690||-|미래에셋
텔코웨어|-|12000~15500|12000(확정)|33357||-|삼성증권
다날|-|10000~12000|8500(확정)|18400||-|LG증권
한국경제티브이|-|10600~13000|10600(확정)|5151||-|삼성증권
신성델타테크|-|1700~2200|1700(확정)|3298||-|하나증권
LG필립스엘시디|-|37100~52600|34500(확정)|356160||-|동원증권
동아에스텍|-|1800~2100|1800(예정)|5616||-|동원증권
유니퀘스트|-|5500~6500|4000(확정)|19800||-|LG증권
코아로직|-|28000~32000|23000(확정)|26450||-|미래에셋증권
한서제약|-|-|1400(확정)|-||-|
테스텍|-|-|1260|-||-|대우증권
글로벌에스엠테크리미티드|-|2800~3200|3200|-||-|미래에셋증권
케이탑리츠|-|-|5500|16500||-|한국투자증권
모두투어리츠|-|6000~6000|6000|14100||-|교보증권,케이비투자증권
신한알파리츠|-|5000~5000|5000|114000||-|신한금융투자
대신밸런스스팩10호|-|2000~2000|2000|10000||-|대신증권
