유일로보틱스|2022.02.24~02.25|7600~9200|-|16340|한국투자증권
보로노이|2022.02.24~02.25|50000~65000|-|100000|한국투자증권,미래에셋증권
대명에너지|2022.02.23~02.24|25000~29000|-|112500|한국투자증권,삼성증권
지투파워|2022.02.22~02.23|13500~16400|-|11947|한국투자증권,KB증권
모아데이타|2022.02.21~02.22|24000~28000|-|-|하나금융투자
SK증권스팩7호|2022.02.16~02.17|2000~2000|-|6000|SK증권
비씨엔씨|2022.02.16~02.17|9000~11500|-|22500|NH투자증권
노을|2022.02.15~02.16|13000~17000|-|19500|한국투자증권㈜한국투자증권,삼성증권
브이씨|2022.02.10~02.11|15000~19500|-|15000|한국투자증권
풍원정밀|2022.02.10~02.11|13200~15200|-|39600|대신증권
스톤브릿지벤처스|2022.02.09~02.10|9000~10500|-|40500|KB증권,삼성증권
하나금융스팩21호|2022.02.09~02.10|2000~2000|-|12000|하나금융투자
퓨런티어|2022.02.07~02.08|11400~13700|-|18240|유안타증권,신한금융투자
IBKS스팩17호|2022.02.03~02.04|2000~2000|-|5000|IBK투자증권
한국스팩10호|2022.01.25~01.26|2000~2000|2000|9000|한국투자증권
바이오에프디엔씨|2022.01.24~01.25|23000~29000|28000|29900|DB금융투자
인카금융서비스|2022.01.24~01.25|23000~27000|18000|20235|한국투자증권
나래나노텍|2022.01.17~01.18|17500~20500|17500|54250|미래에셋증권
아셈스|2022.01.17~01.18|7000~8000|8000|14000|한국투자증권
스코넥엔터테인먼트|2022.01.13~01.14|9000~12000|13000|20036|신영증권
이지트로닉스|2022.01.13~01.14|19000~22000|22000|37620|NH투자증권
LG에너지솔루션|2022.01.11~01.12|257000~300000|300000|10922500|KB증권,대신증권,신한금융,미래에셋증권,신영증권,하나금융,하이투자
애드바이오텍|2022.01.06~01.07|7000~8000|7000|9520|대신증권
디비금융스팩10호|2022.01.06~01.07|2000~2000|2000|10000|DB금융투자
케이옥션|2022.01.06~01.07|17000~20000|20000|27200|신영증권
오토앤|2022.01.05~01.06|4200~4800|5300|12085|미래에셋증권,현대차증권
래몽래인|2021.12.15~12.16|11500~13000|15000|13800|IBK투자증권
하나금융스팩20호|2021.12.13~12.14|2000~2000|2000|6000|하나금융투자
NH스팩22호|2021.12.13~12.14|2000~2000|2000|12000|NH투자증권
하이스팩7호|2021.12.06~12.07|2000~2000|2000|10000|하이투자증권
교보스팩11호|2021.12.06~12.07|2000~2000|2000|8400|교보증권
케이티비네트워크|2021.11.29~11.30|5800~7200|5800|116000|한국투자증권,NH투자증권,삼성증권,유진투자증권,하이투자증권,KB증권
툴젠|2021.11.25~11.26|100000~120000|70000|100000|한국투자증권
대신밸런스스팩11호|2021.11.17~11.18|2000~2000|2000|13000|대신증권
신한서부티엔디리츠|2021.11.17~11.18|5000~5000|5000|134889|한국투자증권,신한금융투자,하나금융투자
미래에셋글로벌리츠|2021.11.15~11.17|5000~5000|5000|75100|미래에셋증권,KB증권,NH투자증권
마인즈랩|2021.11.08~11.09|26000~30000|30000|15715|NH투자증권,하나금융투자
알비더블유|2021.11.05~11.08|18700~21400|21400|23431|미래에셋증권
바이옵트로|2021.11.03~11.04|7500~8500|7500|7500|한국투자증권
트윔|2021.11.02~11.03|17800~20400|22000|21716|대신증권
지오엘리먼트|2021.10.28~10.29|7600~8700|10000|11757|NH투자증권
NH올원리츠|2021.10.28~10.29|5000~5000|5000|140500|한국투자증권,NH투자증권,대신증권
비트나인|2021.10.25~10.26|8700~9700|11000|18017|하나금융투자
디어유|2021.10.25~10.26|18000~24000|26000|59400|한국투자증권
아이티아이즈|2021.10.25~10.26|12500~14300|14300|22212|신한금융투자
지니너스|2021.10.21~10.22|24700~32200|20000|49400|대신증권,NH투자증권
카카오페이|2021.10.20~10.21|60000~90000|90000|1020000|삼성증권,대신증권,한국투자증권,신한금융투자
피코그램|2021.10.19~10.20|11000~12500|12500|11000|IBK투자증권
엔켐|2021.10.15~10.18|30000~35000|42000|67878|대신증권,신한금융투자
리파인|2021.10.14~10.15|21000~24000|21000|90930|KB증권
지앤비에스엔지니어링|2021.10.14~10.15|14300~17400|17400|20377|삼성증권
아이패밀리에스씨|2021.10.12~10.13|39000~48000|25000|38142|삼성증권
차백신연구소|2021.10.05~10.06|11000~15000|11000|43450|삼성증권
지아이텍|2021.10.05~10.06|11500~13100|14000|31050|미래에셋증권
NH스팩21호|2021.09.28~09.29|2000~2000|2000|12500|NH투자증권
씨유테크|2021.09.23~09.24|5100~5600|6000|26775|대신증권
아스플로|2021.09.16~09.17|19000~22000|25000|11970|미래에셋증권
원준|2021.09.15~09.16|52000~60000|65000|52249|NH투자증권
하나금융스팩19호|2021.09.15~09.16|2000~2000|2000|11000|하나금융투자
NH스팩20호|2021.09.14~09.15|2000~2000|2000|40000|NH투자증권
케이카|2021.09.13~09.28|34300~43200|25000|577278|NH투자증권,대신증권,삼성증권,하나금융투자
실리콘투|2021.09.09~09.10|23800~27200|27200|39365|삼성증권,미래에셋증권
프롬바이오|2021.09.09~09.10|21500~24500|18000|64500|NH투자증권
신한스팩8호|2021.09.08~09.09|2000~2000|2000|12500|신한금융투자
바이오플러스|2021.09.08~09.09|28500~31500|31500|39900|키움증권
에스앤디|2021.09.07~09.08|30000~32000|28000|30690|유진투자증권
현대중공업|2021.09.02~09.03|52000~60000|60000|936000|미래에셋,한국투자,하나금융,KB증권,삼성증권,대신증권,DB금융,신영증권
유진스팩7호|2021.08.26~08.27|2000~2000|2000|8000|유진증권
와이엠텍|2021.08.25~08.26|21000~25000|28000|12600|KB증권
에이비온|2021.08.24~08.25|14500~17000|17000|33060|미래에셋증권,한화투자증권,유진투자증권
SK리츠|2021.08.23~08.24|5000~5000|5000|232551|한국투자증권,삼성증권,SK증권,하나금융투자
일진하이솔루스|2021.08.19~08.20|25700~34300|34300|279975|미래에셋증권,삼성증권,현대차증권,대신증권
IBKS스팩16호|2021.08.19~08.20|2000~2000|2000|100|IBK투자증권
바이젠셀|2021.08.06~08.09|42800~52700|52700|80741|대신증권,KB증권
브레인즈컴퍼니|2021.08.03~08.04|20000~22500|25000|12000|키움증권
롯데렌탈|2021.08.03~08.04|47000~59000|59000|677834|NH투자증권,한국투자증권,KB증권,미래에셋증권,삼성증권,신한금융,키움증권,하나금융
딥노이드|2021.08.02~08.03|31500~42000|42000|9450|KB증권
아주스틸|2021.08.02~08.03|12700~15100|15100|88106|미래에셋증권
플래티어|2021.07.30~08.02|8500~10000|11000|15300|KB증권,하나금융투자
엠로|2021.07.29~07.30|20100~22600|22600|20423|한국투자증권
한컴라이프케어|2021.07.29~07.30|10700~13700|13700|88834|미래에셋증권
원티드랩|2021.07.26~07.27|28000~35000|35000|20440|한국투자증권
디앤디플랫폼리츠|2021.07.26~07.28|5000~5000|5000|175000|NH투자증권,신한금융투자,대신증권
에이치케이이노엔|2021.07.22~07.26|50000~59000|59000|505850|한국투자증권,삼성증권
한화플러스스팩2호|2021.07.21~07.22|2000~2000|2000|7500|한화투자증권
카카오뱅크|2021.07.20~07.21|33000~39000|39000|2159850|KB증권,한국투자증권,하나금융투자,현대차증권
크래프톤|2021.07.14~07.27|400000~498000|498000|3461692|미래에셋증권,NH투자증권,삼성증권
에브리봇|2021.07.13~07.14|32600~36700|36700|36512|NH투자증권
맥스트|2021.07.12~07.13|11000~13000|15000|11000|하나금융투자
큐라클|2021.07.07~07.08|20000~25000|25000|42666|삼성증권,NH투자증권
에스디바이오센서|2021.07.05~07.06|45000~52000|52000|559899|NH투자증권,한국투자증권,삼성증권,KB증권
오비고|2021.06.28~06.29|12400~14300|14300|27426|NH투자증권
아모센스|2021.06.10~06.11|12400~15200|12400|34470|신한금융투자
삼성머스트스팩5호|2021.06.03~06.04|2000~2000|2000|8000|삼성증권
이노뎁|2021.06.03~06.04|14000~18000|18000|14700|하이투자증권
라온테크|2021.05.31~06.01|12800~15800|18000|6400|KB증권
엘비루셈|2021.05.26~05.27|12000~14000|14000|72000|한국투자증권,KB증권
에이디엠코리아|2021.05.17~05.18|2900~3300|3800|13050|하나금융투자
제주맥주|2021.05.10~05.11|2600~2900|3200|21741|대신증권
삼영에스앤씨|2021.05.06~05.07|7800~10000|11000|8619|미래에셋증권
삼성스팩4호|2021.05.06~05.07|2000~2000|2000|7400|삼성증권
진시스템|2021.05.06~05.07|16000~20000|20000|22800|삼성증권
NH스팩19호|2021.05.06~05.07|2000~2000|2000|96000|NH투자증권
샘씨엔에스|2021.05.03~05.04|5000~5700|6500|60000|대신증권
씨앤씨인터내셔널|2021.04.28~04.29|35000~47500|47500|51800|NH투자증권,삼성증권,대신증권
에이치피오|2021.04.27~04.28|22200~25400|22200|88525|대신증권,키움증권
하이스팩6호|2021.04.22~04.23|2000~2000|2000|8500|하이투자증권
SK아이이테크놀로지|2021.04.22~04.23|78000~105000|105000|1668|미래에셋증권,한국투자증권,SK증권,삼성증권,NH투자증권
쿠콘|2021.04.13~04.14|31000~40000|45000|49981|하나금융투자,삼성증권
해성티피씨|2021.04.06~04.07|9500~11500|13000|9500|한국투자증권
이삭엔지니어링|2021.04.06~04.07|9500~11500|11500|19950|신한금융투자
유진스팩6호|2021.03.23~03.24|2000~2000|2000|5600|유진증권
유안타스팩8호|2021.03.19~03.22|2000~2000|2000|12500|유안타증권
엔시스|2021.03.16~03.17|13000~16500|19000|29900|미래에셋증권
자이언트스텝|2021.03.09~03.10|9000~11000|11000|12600|한국투자증권
제노코|2021.03.09~03.10|27000~33000|36000|13230|DB금융투자
라이프시맨틱스|2021.03.08~03.09|9000~12500|12500|9000|한국투자증권
SK바이오사이언스|2021.03.04~03.05|49000~65000|65000|1124550|NH투자증권,한국투자증권,미래에셋증권,SK증권,삼성증권,하나금융투자
바이오다인|2021.03.02~03.03|22500~28700|30000|22500|대신증권
디비금융스팩9호|2021.03.02~03.03|2000~2000|2000|8000|DB금융투자
싸이버원|2021.02.24~02.25|7600~8300|9500|10343|키움증권
네오이뮨텍|2021.02.23~02.24|5400~6400|7500|81000|하나금융투자,미래에셋대우
프레스티지바이오로직스|2021.02.23~02.24|8700~12400|12400|63945|미래에셋증권,유안타증권
나노씨엠에스|2021.02.22~02.23|14500~18500|20000|11600|키움증권
하나머스트스팩7호|2021.02.17~02.18|2000~2000|2000|7000|하나금융투자
IBKS스팩15호|2021.02.15~02.16|2000~2000|2000|6400|IBK투자증권
뷰노|2021.02.08~02.09|15000~19500|21000|27000|미래에셋대우,삼성증권
씨이랩|2021.02.08~02.09|23000~31000|35000|16900|아이비케이투자증권
오로스테크놀로지|2021.02.08~02.09|17000~21000|21000|32300|키움증권
유일에너테크|2021.02.04~02.05|11000~14000|16000|26567|신영증권
피엔에이치테크|2021.01.28~01.29|14000~17000|18000|9632|한국투자증권
하나금융스팩17호|2021.01.25~01.26|2000~2000|2000|12000|하나금융투자
아이퀘스트|2021.01.20~01.21|9200~10600|11000|18400|미래에셋대우
프레스티지바이오파마|2021.01.19~01.20|25000~32000|32000|383541|삼성증권,KB증권
와이더플래닛|2021.01.18~01.19|12000~15000|16000|12000|한국투자증권
레인보우로보틱스|2021.01.18~01.19|7000~9000|10000|18550|미래에셋대우,대신증권
신한스팩7호|2021.01.18~01.19|2000~2000|2000|8000|신한금융투자
솔루엠|2021.01.14~01.15|13700~15500|17000|87680|미래에셋대우,케이비증권,하나금융투자,신한금융투자,삼성증권
모비릭스|2021.01.14~01.15|10500~14000|14000|18900|한국투자증권,KB증권,신영증권
핑거|2021.01.14~01.15|13000~15000|16000|16900|대신증권
씨앤투스성진|2021.01.12~01.13|26000~32000|32000|41600|미래에셋대우
선진뷰티사이언스|2021.01.12~01.13|10100~11500|11500|18533|신한금융투자,삼성증권
엔비티|2021.01.06~01.07|13200~17600|19000|10982|미래에셋대우
한국스팩9호|2021.01.06~01.07|2000~2000|2000|8000|한국투자증권
유안타스팩7호|2020.12.10~12.11|2000~2000|2000|8700|유안타증권
석경에이티|2020.12.10~12.11|8000~10000|10000|8000|한국투자증권
대신밸런스스팩9호|2020.12.09~12.10|2000~2000|2000|7000|대신증권
프리시젼바이오|2020.12.08~12.09|10500~12500|12500|15750|한국투자증권
지놈앤컴퍼니|2020.12.07~12.08|36000~40000|40000|72000|한국투자증권
엔에이치스팩18호|2020.12.07~12.08|2000~2000|2000|7000|NH투자증권
알체라|2020.12.03~12.04|8000~10000|10000|16000|신영증권,NH투자증권
에이치엠씨아이비스팩5호|2020.12.02~12.03|2000~2000|2000|10000|현대차증권
에프앤가이드|2020.12.02~12.03|5200~6500|7000|8456|신영증권,삼성증권
티엘비|2020.11.30~12.01|33200~38000|38000|33200|DB금융투자
인바이오|2020.11.25~11.26|5100~5800|5800|8313|한국투자증권
퀀타매트릭스|2020.11.25~11.26|19700~25500|25500|33627|미래에셋대우
이에스알켄달스퀘어리츠|2020.11.25~12.02|5000~5000|5000|357295|한국투자증권,씨티증권,모간스탠리
명신산업|2020.11.24~11.25|4900~5800|6500|77071|미래에셋대우,현대차증권,하나금융투자,케이비증권
디비금융스팩8호|2020.11.24~11.25|2000~2000|2000|10000|DB금융투자
엔젠바이오|2020.11.23~11.24|10500~14000|14000|34216|삼성증권
앱코|2020.11.17~11.18|21400~24300|24300|53649|미래에셋대우
클리노믹스|2020.11.17~11.18|10900~13900|13900|21498|대신증권
엔에프씨|2020.11.16~11.17|10200~13400|13400|20400|삼성증권
포인트모바일|2020.11.16~11.17|13000~15000|15000|14233|하나금융투자
제일전기공업|2020.11.10~11.11|15000~17000|17000|43500|하나금융투자,한화투자증권
티앤엘|2020.11.09~11.10|34000~38000|36000|27200|한국투자증권
하나기술|2020.11.09~11.10|31000~35000|35000|24800|하나금융투자
에이플러스에셋어드바이저|2020.11.05~11.06|10500~12300|7500|29379|NH투자증권,IBK투자증권
고바이오랩|2020.11.03~11.04|18000~23000|15000|43200|삼성증권,대신증권
네패스아크|2020.11.02~11.03|23400~26500|26500|54765|미래에셋대우
교촌에프앤비|2020.10.28~10.29|10600~12300|12300|61480|미래에셋대우
소룩스|2020.10.23~10.26|8000~10000|10000|15789|미래에셋대우
위드텍|2020.10.14~10.15|21000~25000|25000|22260|하나금융투자
센코|2020.10.13~10.14|10000~13000|13000|16120|한국투자증권
바이브컴퍼니|2020.10.12~10.13|23000~28000|28000|14950|한국투자증권,신영증권
미코바이오메드|2020.10.06~10.07|12000~15000|15000|30000|KB증권
하이브(구.빅히트)|2020.09.24~09.25|105000~135000|135000|748650|NH투자증권,한국투자증권,미래에셋대우,키움증권
피플바이오|2020.09.23~09.24|25000~30000|20000|12500|키움증권
넥스틴|2020.09.18~09.21|61500~75400|75400|19680|케이비증권
원방테크|2020.09.08~09.09|43000~54300|54300|55156|미래에셋대우
엔에이치스팩17호|2020.09.08~09.09|2000~2000|2000|12000|NH투자증권
비나텍|2020.09.07~09.08|27000~32000|33000|19800|대신증권
박셀바이오|2020.09.03~09.04|30000~35000|30000|29554|하나금융투자
압타머사이언스|2020.09.02~09.03|20000~25000|25000|26000|키움증권
비비씨|2020.09.02~09.03|27100~30700|30700|32520|미래에셋대우
핌스|2020.09.02~09.03|15000~19000|19000|30000|DB금융투자
교보스팩10호|2020.08.31~09.01|2000~2000|2000|7500|교보증권
이오플로우|2020.08.27~08.28|18000~21000|19000|25200|하나금융투자
카카오게임즈|2020.08.26~08.27|20000~24000|24000|320000|한국투자증권,삼성증권,KB증권
피엔케이피부임상연구센타|2020.08.25~08.26|16100~18300|18300|35951|미래에셋대우
미래에셋대우스팩5호|2020.08.10~08.11|2000~2000|2000|9400|미래에셋대우
아이디피|2020.08.06~08.07|8800~9800|9800|14080|키움증권
셀레믹스|2020.08.03~08.04|16100~20000|20000|21252|대신증권
브랜드엑스코퍼레이션|2020.07.30~07.31|12400~15300|13000|47085|대신증권,삼성증권
미투젠|2020.07.30~07.31|21000~27000|27000|67183|미래에셋대우
코람코에너지플러스리츠|2020.07.28~07.30|5000~5000|5000|106600|NH투자증권,대신증권,신영증권,이베스트투자증권,한국투자증권
영림원소프트랩|2020.07.27~07.28|9500~11500|11500|16150|미래에셋대우
한국파마|2020.07.22~07.23|6500~8500|9000|21079|미래에셋대우,SK증권
이루다|2020.07.20~07.21|7500~9000|9000|13500|미래에셋대우
와이팜|2020.07.16~07.17|9700~11000|11000|72054|NH투자증권
제이알글로벌리츠|2020.07.16~07.17|5000~5000|5000|485000|KB증권,메리츠증권,대신증권
에이치엠씨아이비스팩4호|2020.07.15~07.16|2000~2000|2000|8000|현대차증권
이엔드디|2020.07.14~07.15|12350~14400|14400|28899|아이비케이투자증권
엠투아이|2020.07.09~07.10|15600~18900|15600|52026|미래에셋대우
더네이쳐홀딩스|2020.07.08~07.09|45000~50000|46000|54000|한국투자증권
제놀루션|2020.07.08~07.09|12000~14000|14000|9600|신영증권
미래에셋맵스리츠1호|2020.07.08~07.09|5000~5000|5000|72000|미래에셋대우,신한금융투자,SK증권
솔트룩스|2020.07.07~07.08|24000~30000|25000|18000|한국투자증권
하나금융스팩16호|2020.07.07~07.08|2000~2000|2000|2800000|하나금융투자
티에스아이|2020.07.06~07.07|7500~9500|10000|500|한국투자증권
에이프로|2020.07.02~07.03|19000~21600|21600|25990|NH투자증권
IBKS스팩13호|2020.07.01~07.02|2000~2000|2000|9500|아이비케이투자증권
이지스레지던스리츠|2020.06.30~07.01|5000~5000|5000|89500|삼성증권,디비금융투자,유안타증권
소마젠|2020.06.22~06.23|11000~15000|11000|46200|신한금융투자
신도기연|2020.06.22~06.23|14000~16000|16000|18200|한국투자증권
위더스제약|2020.06.18~06.19|13900~15900|15900|22240|NH투자증권,삼성증권
SK바이오팜|2020.06.17~06.18|36000~49000|49000|704819|NH투자증권,한국투자증권,SK증권,하나금융투자
마크로밀엠브레인|2020.06.15~06.16|5200~6400|6800|7280|NH투자증권
젠큐릭스|2020.06.10~06.11|22700~26100|22700|22700|미래에셋대우
이지스밸류플러스리츠|2020.06.10~06.11|5000~5000|5000|118500|삼성증권,한화투자증권,신영증권
IBKS스팩14호|2020.06.08~06.09|2000~2000|2000|8000|아이비케이투자증권
엘이티|2020.06.04~06.05|6400~7800|7800|14060|미래에셋대우
엔에이치스팩16호|2020.06.03~06.04|2000~2000|2000|7500|NH투자증권
에스씨엠생명과학|2020.06.02~06.03|14000~17000|17000|25200|한국투자증권
드림씨아이에스|2020.05.07~05.08|13000~14900|14900|17612|NH투자증권
이베스트스팩5호|2020.05.06~05.07|2000~2000|2000|-|이베스트투자증권
케이프이에스스팩4호|2020.03.09~03.10|2000~2000|2000|5000|케이프증권
엔피디|2020.02.25~02.26|5400~6300|5400|40770|유안타증권
에스케이스팩6호|2020.02.25~02.26|2000~2000|2000|11000|SK증권
플레이디|2020.02.24~02.25|6800~7700|8500|25087|KB증권
서울바이오시스|2020.02.20~02.21|6500~7500|7500|13000|KB증권
제이앤티씨|2020.02.19~02.20|8500~10500|11000|93500|신한금융투자,유진투자증권
켄코아에어로스페이스|2020.02.17~02.18|13000~15000|10000|20440|NH투자증권
레몬|2020.02.12~02.13|6200~7200|7200|25420|미래에셋대우,현대차증권
서남|2020.02.04~02.05|2700~3100|3100|9450|한국투자증권
신영스팩6호|2020.01.29~01.30|2000~2000|2000|-|신영증권
위세아이텍|2020.01.20~01.21|10000~11200|12000|8500|교보증권
케이비스팩20호|2020.01.13~01.14|2000~2000|2000|12000|KB증권
하나금융스팩15호|2020.01.09~01.10|2000~2000|2000|9000|하나금융투자
천랩|2019.12.12~12.13|63000~78000|40000|27090|한국투자증권
한화플러스스팩1호|2019.12.11~12.12|2000~2000|2000|8000|한화투자증권
피피아이|2019.12.10~12.11|6000~7000|7000|6000|미래에셋대우
브릿지바이오테라퓨틱스|2019.12.09~12.10|70000~80000|60000|49000|대신증권,KB증권
엔에이치스팩15호|2019.12.09~12.10|2000~2000|2000|12000|NH투자증권
메탈라이프|2019.12.09~12.10|10500~13000|13000|7350|한국투자증권
메드팩토|2019.12.05~12.06|34000~43000|40000|51374|삼성증권
하이스팩5호|2019.12.05~12.06|2000~2000|2000|8500|하이투자증권
대신밸런스스팩8호|2019.12.03~12.04|2000~2000|2000|10000|대신증권
유안타스팩6호|2019.12.03~12.04|2000~2000|2000|13000|유안타증권
신테카바이오|2019.12.02~12.03|15000~19000|12000|24000|케이비증권
제이엘케이인스펙션|2019.11.26~11.27|11000~14500|9000|22000|한국투자증권
IBKS스팩12호|2019.11.25~11.26|2000~2000|2000|5800|아이비케이투자증권
태웅로직스|2019.11.21~11.22|3700~4500|4500|18500|아이비케이투자증권,BNK투자증권
에스케이스팩5호|2019.11.20~11.21|2000~2000|2000|8000|SK증권
리메드|2019.11.19~11.20|14500~16500|13000|8700|한국투자증권
코리아센터|2019.11.18~11.19|24000~27200|18000|61091|NH투자증권,신한금융투자,삼성증권
IBKS스팩11호|2019.11.18~11.19|2000~2000|2000|9000|아이비케이투자증권
유안타스팩5호|2019.11.13~11.14|2000~2000|2000|11200|유안타증권
엔에이치프라임리츠|2019.11.13~11.14|5000~5000|5000|68800|NH투자증권,키움증권,하나금융투자,한국투자증권
노터스|2019.11.07~11.08|17000~20000|20000|8500|대신증권
센트랄모텍|2019.11.07~11.08|5000~6000|6000|10500|한국투자증권,BNK투자증권
티움바이오|2019.11.05~11.06|16000~20000|12000|40000|키움증권,삼성증권
우양|2019.11.05~11.06|3800~4200|4200|13680|미래에셋대우
코리아에셋투자증권|2019.11.04~11.05|8000~10000|10000|12800|신영증권
현대에너지솔루션|2019.11.04~11.05|24000~28000|18000|96000|한국투자증권,하나금융투자,KB증권,하이투자증권,유안타증권
씨에스베어링|2019.11.04~11.05|7400~8400|8400|17612|한국투자증권
에스제이그룹|2019.10.31~11.01|32000~38600|38600|26240|NH투자증권,아이비케이투자증권
제테마|2019.10.30~10.31|36000~48000|21000|20160|한국투자증권,DB금융투자
라파스|2019.10.25~10.28|24000~29000|20000|38400|DB금융투자
아이티엠반도체|2019.10.24~10.25|23000~26000|26000|-|케이비증권
미래에셋대우스팩4호|2019.10.22~10.23|2000~2000|2000|8150|미래에셋대우
자이에스앤디|2019.10.21~10.22|4200~5200|5200|45760|한국투자증권
한화시스템|2019.10.21~10.30|12250~14000|12250|402552|NH투자증권,한국투자증권,한화투자증권,SK증권,대신증권,신영증권
하나금융스팩14호|2019.10.16~10.17|2000~2000|2000|8000|하나금융투자
지누스|2019.10.16~10.17|80000~90000|70000|241668|NH투자증권,신한금융투자,대신증권,하나금융투자,삼성증권
티라유텍|2019.10.16~10.17|10550~12050|12050|11868|미래에셋대우
미디어젠|2019.10.14~10.15|9400~10600|10600|8742|교보증권
신한스팩6호|2019.10.14~10.15|2000~2000|2000|8000|신한금융투자
캐리소프트|2019.10.14~10.15|7000~9000|9000|6370|미래에셋대우
케이엔제이|2019.10.10~10.11|8400~11000|11000|7353|미래에셋대우
교보스팩9호|2019.10.07~10.08|2000~2000|2000|6900|교보증권
엔바이오니아|2019.10.07~10.08|8200~10300|8200|9102|미래에셋대우
팜스빌|2019.10.01~10.02|11000~14000|14000|19923|대신증권
라온피플|2019.10.01~10.02|14000~17000|14000|28329|미래에셋대우
아톤|2019.09.30~10.01|30000~43000|43000|26915|NH투자증권,KB증권
대신밸런스스팩7호|2019.09.24~09.25|2000~2000|2000|10000|대신증권
녹십자웰빙|2019.09.24~09.25|9400~11300|11300|42300|하나금융투자
롯데리츠|2019.09.23~10.02|4750~5000|5000|408426|한국투자증권,KB증권,삼성증권,하나금융투자
유진스팩5호|2019.09.17~09.18|2000~2000|2000|7000|유진증권
케이비스팩19호|2019.09.16~09.17|2000~2000|2000|8000|KB증권
올리패스|2019.08.30~09.02|37000~45000|20000|29600|미래에셋대우,키움증권
라닉스|2019.08.29~08.30|8000~10500|6000|12800|한국투자증권
하나금융스팩13호|2019.08.29~08.30|2000~2000|2000|6000|하나금융투자
한독크린텍|2019.08.22~08.23|13300~15100|15100|9310|한국투자증권
상상인이안스팩2호|2019.08.13~08.14|2000~2000|2000|6500|상상인증권
네오크레마|2019.08.07~08.08|10000~11500|8000|15500|키움증권
마니커에프앤지|2019.08.01~08.02|3400~4000|4000|8840|유진투자증권
나노브릭|2019.08.01~08.02|18000~22000|16000|8208|KB증권
미래에셋대우스팩3호|2019.07.31~08.01|2000~2000|2000|12300|미래에셋대우
에스피시스템스|2019.07.29~07.30|4300~4900|4900|8600|한국투자증권
레이|2019.07.22~07.23|17000~20000|20000|17000|한국투자증권,DB금융투자
코윈테크|2019.07.18~07.19|28400~34500|34500|56800|미래에셋대우
그린플러스|2019.07.18~07.19|8500~10000|10000|5950|한국투자증권
세경하이테크|2019.07.17~07.18|46000~52000|35000|46000|키움증권
덕산테코피아|2019.07.17~07.18|17000~19000|19000|69051|NH투자증권
한국바이오젠|2019.07.17~07.18|4700~5700|6000|8387|미래에셋대우
슈프리마아이디|2019.07.16~07.17|23000~27000|27000|19872|한국투자증권
윌링스|2019.07.10~07.11|10000~12500|12500|13820|신영증권
대모(구.대모엔지니어링)|2019.07.09~07.10|4800~5200|5200|10320|신한금융투자
에이스토리|2019.07.03~07.04|11600~14300|14300|21692|NH투자증권
플리토|2019.07.01~07.02|19000~23000|26000|27996|한국투자증권
세틀뱅크|2019.06.27~06.28|44000~49000|55000|63668|한국투자증권,신한금융투자
이베스트이안스팩1호|2019.06.26~06.27|2000~2000|2000|6000|이베스트투자증권㈜
아이스크림에듀|2019.06.25~06.26|15900~18000|15900|23055|대신증권,삼성증권
펌텍코리아|2019.06.18~06.19|240000~270000|190000|153600|한국투자증권
에이에프더블류|2019.06.12~06.13|19500~22500|22500|76471|NH투자증권
신영스팩5호|2019.06.10~06.11|2000~2000|2000|6800|신영증권
케이비스팩18호|2019.06.10~06.11|2000~2000|2000|15000|KB증권
신한스팩5호|2019.06.04~06.05|2000~2000|2000|8000|신한금융투자
압타바이오|2019.05.28~05.29|21000~25000|30000|45780|삼성증권,미래에셋대우
까스텔바쟉|2019.05.27~05.28|16000~19000|12000|37800|NH투자증권㈜
디비금융스팩7호|2019.05.22~05.22|2000~2000|2000|8000|DB금융투자
마이크로디지탈|2019.05.20~05.21|20000~23000|23000|14000|하나금융투자
유진스팩4호|2019.05.16~05.17|2000~2000|2000|6500|유진투자증권
컴퍼니케이파트너스|2019.05.08~05.09|3600~4000|4500|14400|NH투자증권
수젠텍|2019.05.07~05.08|12000~14000|12000|18000|한국투자증권
엔에이치스팩14호|2019.04.24~04.25|2000~2000|2000|16000|NH투자증권
에스앤케이|2019.04.17~04.18|30800~40400|40400|129360|NH투자증권,미래에셋대우
한화에스비아이스팩|2019.04.16~04.17|2000~2000|2000|7500|한화투자증권
하이스팩4호|2019.04.11~04.12|2000~2000|2000|8000|하이투자증권
현대오토에버|2019.03.13~03.14|40000~44000|48000|140400|NH투자증권,현대차투자증권,미래에셋대우
케이비스팩17호|2019.03.13~03.14|2000~2000|2000|10000|KB증권
아모그린텍|2019.03.12~03.13|8800~9900|9900|36326|삼성증권
지노믹트리|2019.03.11~03.12|17000~25000|27000|68000|키움증권
이지케어텍|2019.03.05~03.06|10100~12300|12300|13130|미래에셋대우
유안타스팩4호|2019.03.04~03.05|2000~2000|2000|8200|유안타증권
미래에셋벤처투자|2019.02.27~02.28|3700~4500|4500|16650|KB증권,대신증권
드림텍|2019.02.25~02.26|11000~13000|13000|50001|NH투자증권
에코프로비엠|2019.02.14~02.15|37500~42900|48000|112500|대신증권,SK증권,유안타증권,하나금융투자
셀리드|2019.01.29~01.30|25000~31000|33000|30000|삼성증권
천보|2019.01.21~01.22|35000~40000|40000|87500|하나금융투자
이노테라피|2019.01.16~01.17|20200~25200|18000|9000|대신증권
노랑풍선|2019.01.15~01.16|15500~19000|20000|15500|한국투자증권,KB증권
웹케시|2019.01.09~01.10|24000~26000|26000|23280|하나금융투자,BNK투자증권
에어부산|2018.12.13~12.14|3600~4000|3600|18745|NH투자증권,미래에셋대우,BNK투자증권
키움스팩5호|2018.12.12~12.13|2000~2000|2000|7000|키움증권
비피도|2018.12.11~12.12|22100~28700|18000|9061|한국투자증권
엔에이치스팩13호|2018.12.10~12.11|2000~2000|2000|6000|NH투자증권
유틸렉스|2018.12.10~12.11|38000~50000|50000|27626|NH투자증권
디케이티|2018.12.06~12.07|6000~7400|7400|12116|NH투자증권
에이비엘바이오|2018.12.06~12.07|13000~17000|15000|78000|한국투자증권
위지윅스튜디오|2018.12.06~12.07|9000~13000|11000|19795|삼성증권,NH투자증권
미래에셋대우스팩2호|2018.12.05~12.06|2000~2000|2000|5500|미래에셋대우
한국스팩8호|2018.12.05~12.06|2000~2000|2000|6000|한국투자증권
신영스팩4호|2018.12.04~12.05|2000~2000|2000|8500|신영증권
삼성머스트스팩3호|2018.12.04~12.05|2000~2000|2000|7500|삼성증권,신한금융투자
대신밸런스스팩6호|2018.12.03~12.04|2000~2000|2000|9000|대신증권
머큐리|2018.11.29~11.30|5200~6100|6100|26624|미래에셋대우
전진바이오팜|2018.11.28~11.29|15000~17000|10000|7500|미래에셋대우
이노메트리|2018.11.27~11.28|21000~25000|26000|25331|유진투자증권
뉴트리|2018.11.27~11.28|14500~17000|14500|32799|미래에셋대우
골든브릿지이안스팩5호|2018.11.22~11.23|2000~2000|2000|8500|골든브릿지투자증권
에스케이에이씨피씨스팩4호|2018.11.22~11.23|2000~2000|2000|8000|SK증권
대유에이피|2018.11.21~11.22|2600~3300|3000|7280|신영증권
교보스팩8호|2018.11.19~11.20|2000~2000|2000|6200|교보증권
하나머스트스팩6호|2018.11.15~11.16|2000~2000|2000|7500|하나금융투자
베스파|2018.11.15~11.16|44800~59700|35000|71680|미래에셋대우,교보증권
윙입푸드|2018.11.14~11.15|2000~3000|2000|20400|유진투자증권
티로보틱스|2018.11.14~11.15|16000~18000|16000|12800|키움증권
에코캡|2018.11.12~11.13|4200~5200|4200|16800|IBK투자증권
티앤알바이오팹|2018.11.12~11.13|18000~23000|18000|21600|키움증권
엠아이텍|2018.11.12~11.13|3900~4500|4500|27300|하나금융투자
네오펙트|2018.11.12~11.13|10000~12500|11000|18000|한국투자증권,삼성증권
남화산업|2018.11.08~11.09|3100~3700|3700|9572|대신증권
싸이토젠|2018.11.08~11.09|13000~17000|17000|15600|키움증권
아시아나IDT|2018.11.07~11.08|19300~24100|15000|63690|KB증권
아주IB투자|2018.11.06~11.07|2000~2400|1500|48800|미래에셋대우,대신증권
디알젬|2018.11.05~11.06|5000~7000|6500|7500|한국투자증권
파멥신|2018.11.05~11.06|43000~55000|60000|34400|KB증권,삼성증권
디케이앤디|2018.11.02~11.05|5800~6600|6000|10440|키움증권
디자인|2018.11.01~11.02|9000~10100|10100|3573|대신증권
노바렉스|2018.10.30~10.31|19000~24000|19000|18240|NH투자증권
셀리버리|2018.10.22~10.23|20000~25000|25000|22800|DB금융투자
대보마그네틱|2018.10.18~10.19|22500~25500|31000|18450|한국투자증권
디비금융스팩6호|2018.10.17~10.18|2000~2000|2000|8000|DB금융투자
엘앤씨바이오|2018.10.16~10.17|18000~20000|24000|18000|한국투자증권,DB금융투자
노바텍|2018.10.16~10.17|12500~16500|10000|18125|하나금융투자
옵티팜|2018.10.11~10.12|10000~12000|10000|29458|NH투자증권
로보티즈|2018.10.10~10.11|9200~11300|14000|15640|미래에셋대우,KTB투자증권
에스퓨얼셀|2018.09.18~09.19|10600~14000|16500|20034|한국투자증권,유진투자증권
크리스에프앤씨|2018.09.11~09.12|34000~38200|30000|119544|KB증권,KTB투자증권
푸드나무|2018.09.11~09.12|18700~22700|24000|29093|미래에셋대우,신한금융투자
나우아이비캐피탈|2018.09.10~09.11|9500~11000|8500|23750|신영증권
IBKS스팩10호|2018.09.10~09.11|2000~2000|2000|-|아이비케이투자증권
하나제약|2018.09.10~09.11|24500~28000|26000|99995|미래에셋대우
지티지웰니스|2018.09.04~09.05|9000~9800|11000|7200|대신증권
우진아이엔에스|2018.08.30~08.31|15000~17000|15000|31500|신영증권
명성티엔에스|2018.08.29~08.30|16100~18700|20000|25760|KB증권
삼성스팩2호|2018.08.27~08.28|2000~2000|2000|13000|삼성증권,신한금융투자
디지캡|2018.08.22~08.23|8500~10500|12000|4967|KB증권
대신밸런스스팩5호|2018.08.16~08.17|2000~2000|2000|7000|대신증권
액트로|2018.08.09~08.10|20000~24000|20000|24000|키움증권
에이피티씨|2018.08.07~08.08|11500~13000|9000|26450|대신증권
오파스넷|2018.08.06~08.07|8500~9700|11000|8568|교보증권
바이오솔루션|2018.08.02~08.03|24000~29000|29000|36000|한국투자증권
대유|2018.07.24~07.25|8900~10000|9000|27412|KB증권
에스에스알|2018.07.19~07.20|6600~7500|9000|9372|하나금융투자
휴네시온|2018.07.19~07.20|8700~10000|10000|12097|NH투자증권
디아이티|2018.07.18~07.19|9400~10400|10000|35320|삼성증권
티웨이항공|2018.07.17~07.18|14600~16700|12000|233600|신한금융투자,대신증권,하나금융투자
롯데정보통신|2018.07.11~07.12|28300~33800|29800|121293|미래에셋대우,신한금융투자,케이비증권,하나금융투자
한국유니온제약|2018.07.09~07.10|13500~16000|18000|-|DB금융투자
엠코르셋|2018.07.05~07.06|10100~11500|11500|-|대신증권
IBKS스팩9호|2018.07.05~07.06|2000~2000|2000|-|아이비케이투자증권
올릭스|2018.07.02~07.03|26000~30000|36000|-|NH투자증권
아이큐어|2018.06.28~06.29|44000~55000|65000|-|키움증권
에스브이인베스트먼트|2018.06.21~06.22|5600~6300|7000|21840|미래에셋대우
이원다이애그노믹스|2018.06.11~06.12|4700~5700|6500|33840|SK증권,삼성증권,하나금융투자
이리츠코크렙기업|2018.06.07~06.08|4800~5200|5000|75943|NH투자증권,신영증권,이베스트투자증권,KB증권
파워넷|2018.05.24~05.25|5500~6500|6500|19639|DB금융투자
하나금융스팩11호|2018.05.23~05.24|2000~2000|2000|9000|하나금융투자
현대사료|2018.05.16~05.17|5700~6600|6600|8699|신한금융투자
세종메디칼|2018.05.14~05.15|10800~13700|15000|21924|한국투자증권
제노레이|2018.05.09~05.10|17500~20500|23000|10533|한국투자증권
한국스팩7호|2018.04.24~04.25|2000~2000|2000|8500|한국투자증권
유안타스팩3호|2018.04.18~04.19|2000~2000|2000|7000|유안타증권
대신밸런스스팩3호|2018.03.21~03.22|2000~2000|2000|10000|대신증권
제이티씨(JTC)|2018.03.20~03.21|6200~7600|8500|-|삼성증권
케어랩스|2018.03.12~03.13|15000~18000|20000|19500|한국투자증권
애경산업|2018.03.07~03.08|29100~34100|29100|197880|대신증권,NH투자증권,신한금융투자,하나금융투자
린드먼아시아인베스트먼트|2018.02.26~02.27|5000~5500|6500|16990|키움증권
에코마이스터|2018.02.26~02.27|6000~8500|5200|500|대신증권,한화투자증권
엔지켐생명과학|2018.02.05~02.06|45000~70000|56000|34650|한국투자증권
오스테오닉|2018.02.01~02.02|5800~7500|7700|6960|키움증권㈜
동구바이오제약|2018.01.30~01.31|12000~14500|16000|24829|NH투자증권
아시아종묘|2018.01.29~01.30|4200~5200|4500|4200|대신증권,KTB증권
알리코제약|2018.01.25~01.26|10000~13000|12000|23500|아이비케이투자증권
카페24|2018.01.23~01.24|43000~57000|57000|38700|미래에셋대우,유안타증권,한화투자증권
링크제니시스|2018.01.18~01.19|22000~25000|30000|6600|하나금융투자
배럴|2018.01.15~01.16|8000~9500|9500|13680|하나금융투자
에스지이|2018.01.11~01.12|6300~7200|6000|19734|대신증권,KTB투자증권
씨앤지하이테크|2018.01.10~01.11|16000~20000|16000|20608|신한금융투자
시스웍|2017.12.08~12.11|3300~3900|2800|14746|하나금융투자
한국스팩6호|2017.12.07~12.08|2000~2000|2000|8000|한국투자증권
디바이스이엔지|2017.12.04~12.05|15500~17500|12000|27125|한국투자증권
동부스팩5호|2017.11.27~11.28|2000~2000|2000|8000|DB금융투자
진에어|2017.11.23~11.24|26800~31800|31800|321600|미래에셋대우,삼성증권,케이비증권,한국투자증권,NH투자증권
동양피스톤|2017.11.22~11.23|5700~7300|5700|18810|아이비케이투자증권,대신증권
메카로|2017.11.21~11.22|25000~30000|33000|50000|한국투자증권
씨티케이코스메틱스|2017.11.21~11.22|46000~55000|55000|92000|미래에셋대우,신영증권
에스트래픽|2017.11.20~11.20|8000~10000|10000|17040|미래에셋대우
대원|2017.11.16~11.17|13000~15000|15000|26000|신한금융투자,미래에셋대우
체리부로|2017.11.16~11.17|4300~4700|4700|26453|미래에셋대우,케이비증권,케이티비투자증권
비즈니스온커뮤니케이션|2017.11.15~11.16|8100~9000|9000|15373|케이비증권
삼양패키징|2017.11.13~11.14|26000~30000|26000|119481|한국투자증권
한화에이스스팩4호|2017.11.09~11.10|2000~2000|2000|6300|한화투자증권
스튜디오드래곤|2017.11.09~11.10|30900~35000|35000|185400|미래에셋대우,하나금융투자
IBKS스팩7호|2017.10.30~10.31|2000~2000|2000|7000|아이비케이투자증권
비디아이|2017.10.23~10.24|9500~12000|10000|12825|신영증권
테이팩스|2017.10.17~10.18|23000~26000|23000|38180|케이비증권,신한금융투자
티슈진|2017.10.17~10.18|16000~27000|27000|120000|NH투자증권,한국투자증권,하나금융투자,한화투자증권,이베스트투자증권
영화테크|2017.10.11~10.12|12500~15500|12500|8800|신한금융투자
신한스팩4호|2017.09.27~09.28|2000~2000|2000|10000|신한금융투자
세원|2017.09.26~09.27|5200~6200|5700|5720|현대차투자증권
상신전자|2017.09.20~09.21|11600~13300|13300|8120|미래에셋대우
IBKS스팩8호|2017.09.18~09.19|2000~2000|2000|4000|아이비케이투자증권
에스엔피월드|2017.09.14~09.15|4300~5100|5100|8600|대신증권
야스|2017.09.14~09.15|23500~26500|23500|54050|한국투자증권
유티아이|2017.09.11~09.12|28000~33000|25000|31360|한국투자증권
신흥에스이씨|2017.09.11~09.12|11000~14000|16000|23100|삼성증권
엠플러스|2017.09.06~09.07|14000~16000|18000|17500|키움증권
선익시스템|2017.09.04~09.05|37000~44000|37000|69375|대신증권
샘코|2017.08.31~09.01|14000~18000|11000|21000|한국투자증권,대신증권
앱클론|2017.08.31~09.01|8000~10000|10000|5445|NH투자증권
펄어비스|2017.08.29~08.30|80000~103000|103000|144000|한국투자증권
케이피에스|2017.08.23~08.24|16000~20000|14000|17268|키움증권
덕우전자|2017.08.09~08.10|13500~15500|15500|33750|한국투자증권
하나금융스팩10호|2017.08.07~08.08|2000~2000|2000|9000|하나금융투자
이더블유케이|2017.08.03~08.04|4200~5000|5000|9324|신영증권
컬러레이|2017.07.25~07.26|3800~5800|3800|53200|신한금융투자
엔에이치스팩12호|2017.07.24~07.25|2000~2000|2000|13000|NH투자증권
알에스오토메이션|2017.07.24~07.25|5250~6000|6000|12799|미래에셋대우
모트렉스|2017.07.20~07.21|31200~38300|38300|56160|미래에셋대우,HMC투자증권
디앤씨미디어|2017.07.19~07.20|17000~20000|20000|17119|키움증권
데이타솔루션|2017.07.18~07.19|2700~3300|3300|12420|미래에셋대우
지니언스|2017.07.17~07.18|12000~13500|13500|9960|하나금융투자
셀트리온헬스케어|2017.07.13~07.14|32500~41000|41000|799630|미래에셋대우,유비에스증권리미티드,맥쿼리증권,신한금융투자,한화투자증권
이즈미디어|2017.07.10~07.11|7500~10000|7500|11400|한국투자증권
한국스팩5호|2017.07.10~07.11|2000~2000|2000|7000|한국투자증권
힘스|2017.07.04~07.05|15500~18800|20000|12400|KB증권,SK증권
아우딘퓨쳐스|2017.06.27~06.28|26000~30000|26000|26000|하나금융투자
브이원텍|2017.06.26~06.27|15200~17700|17700|27800|미래에셋대우
제일홀딩스|2017.06.12~06.13|20700~22700|20700|442267|케이비증권,신한금융투자
하나금융스팩9호|2017.06.12~06.13|2000~2000|2000|10000|하나금융투자
교보스팩7호|2017.06.08~06.09|2000~2000|2000|8500|교보증권
한화수성스팩|2017.05.24~05.25|2000~2000|2000|10000|한화투자증권
보라티알|2017.05.23~05.24|12500~14300|14300|21096|대신증권
삼양옵틱스|2017.05.18~05.19|16700~20600|16700|66800|미래에셋대우
필옵틱스|2017.05.17~05.18|41000~48000|48000|47560|신한금융투자,삼성증권
IBKS스팩6호|2017.05.15~05.16|2000~2000|2000|8000|아이비케이투자증권
미래에셋대우스팩1호|2017.05.10~05.11|2000~2000|2000|8000|미래에셋대우
엔에이치스팩10호|2017.04.17~04.18|2000~2000|2000|13000|NH투자증권
한화에이스스팩3호|2017.04.13~04.14|2000~2000|2000|5500|한화투자증권
하나머티리얼즈|2017.04.12~04.13|10000~12000|12000|19400|NH투자증권,대신증권
케이비스팩11호|2017.04.12~04.13|2000~2000|2000|6000|케이비증권
넷마블게임즈|2017.04.11~04.20|121000~157000|157000|2051387|NH투자증권,한국투자증권,SK증권
와이엠티|2017.04.11~04.12|16500~18500|21000|9283|하나금융투자
ING생명보험|2017.04.06~04.21|31500~40000|33000|1055250|삼성증권,미래에셋대우,케이비증권
신영스팩3호|2017.03.23~03.24|2000~2000|2000|5000|신영증권
이엘피|2017.03.23~03.24|17000~20000|20000|13600|NH투자증권
서진시스템|2017.03.13~03.14|21000~25000|25000|30030|NH투자증권
코미코|2017.03.07~03.08|11000~13000|13000|27500|NH투자증권
아스타|2017.03.06~03.07|13000~18000|8000|22750|키움증권
덴티움|2017.02.27~02.28|45000~50000|32000|114562|NH투자증권
대신밸런스스팩4호|2017.02.15~02.16|2000~2000|2000|10000|대신증권
에스디생명공학|2017.02.14~02.15|15000~18000|12000|57600|한국투자증권,신한금융투자,대우증권
모바일어플라이언스|2017.02.13~02.14|3000~3500|3500|11298|NH투자증권
신한스팩3호|2017.02.09~02.10|2000~2000|2000|6000|신한금융투자
에프엔에스테크|2017.02.09~02.10|11000~13000|14000|11000|한국투자증권
신신제약|2017.02.08~02.09|5900~6700|4500|19175|케이비증권
피씨엘|2017.02.08~02.09|10500~13000|8000|15750|한국투자증권
호전실업|2017.01.16~01.17|30000~35000|25000|49940|NH투자증권
서플러스글로벌|2017.01.12~01.13|7400~9400|8000|34410|한국투자증권
유바이오로직스|2017.01.09~01.10|6000~6800|6000|19200|한국투자증권
엔에이치스팩11호|2016.12.14~12.15|2000~2000|2000|13000|NH투자증권
퓨전데이타|2016.12.06~12.07|10000~11500|11500|10000|한국투자증권
디에스씨인베스트먼트|2016.12.05~12.06|2500~2800|1700|10922|키움증권
티에스인베스트먼트|2016.12.01~12.02|1450~1550|1300|8265|한국투자증권
마이크로프랜드|2016.11.28~11.29|7300~8500|7300|21900|키움증권
코썬바이오|2016.11.24~11.25|7000~9000|7000|24500|NH투자증권
신라젠|2016.11.23~11.24|15000~18000|15000|150000|NH투자증권,하나금융투자,동부증권,메리츠종금증권
애니젠|2016.11.22~11.23|22000~26000|18000|15400|키움증권
유니온커뮤니티|2016.11.21~11.22|4400~5000|5000|12804|미래에셋증권
IBKS스팩5호|2016.11.17~11.18|2000~2000|2000|10000|아이비케이투자증권
퓨쳐켐|2016.11.16~11.17|19000~22000|15000|26600|NH투자증권,이베스트투자증권
뉴파워프라즈마|2016.11.16~11.17|15000~17000|17500|25500|키움증권
핸즈코퍼레이션|2016.11.15~11.16|12000~14000|12000|65784|케이비투자증권,삼성증권
오션브릿지|2016.11.15~11.16|5400~6600|6600|12231|대신증권
엘앤케이바이오|2016.11.14~11.15|14500~18000|15000|14833|NH투자증권
에이치엔티일렉트로닉스|2016.11.14~11.15|14000~16000|10000|18900|키움증권
핸디소프트|2016.11.07~11.08|4500~5600|5600|8550|케이비투자증권
두산밥캣|2016.11.03~11.04|29000~33000|30000|870817|한국투자증권,신영증권,한화투자증권
에스케이스팩3호|2016.10.31~11.01|2000~2000|2000|6600|SK증권
삼성바이오로직스|2016.10.26~10.27|113000~136000|136000|1869167|한국투자증권,NH투자증권,삼성증권,신한금융투자,케이비투자증권,하나금융투자
클리오|2016.10.25~10.26|36400~41000|41000|163712|NH투자증권
오가닉티코스메틱|2016.10.20~10.21|3200~3700|4000|45760|유진투자증권
로고스바이오시스템스|2016.10.19~10.20|22200~25500|25500|15719|신한금융투자
아이비케이에스지엠비스팩|2016.10.18~10.19|2000~2000|2000|11000|아이비케이투자증권
인크로스|2016.10.13~10.14|38000~43000|43000|17917|신한금융투자
에이치엘사이언스(구.건강사랑)|2016.10.12~10.13|23900~30700|27000|36115|미래에셋대우,케이비투자증권
코스메카코리아|2016.10.11~10.12|48000~54000|54000|64320|삼성증권,이베스트투자증권
제이더블유생명과학|2016.10.10~10.11|27000~32500|30000|64800|케이비투자증권,유안타증권
그레이트리치과기|2016.10.10~10.11|4000~6000|5000|67500|NH투자증권
금세기차륜(골든센츄리)|2016.10.04~10.05|3200~4200|3500|25295|유안타증권
인텔리안테크놀로지스|2016.09.28~09.29|18000~20500|19000|26100|한국투자증권
에이치시티|2016.09.28~09.29|19200~22500|17000|21820|미래에셋대우
잉글우드랩|2016.09.26~09.27|6000~7000|6000|21000|하나금융투자
앤디포스|2016.09.26~09.27|13000~14500|14500|54600|미래에셋대우
수산아이앤티(구.플러스기술)|2016.09.22~09.23|10500~11500|11500|17850|삼성증권
미투온|2016.09.20~09.21|3800~4300|3800|27210|미래에셋증권
화승엔터프라이즈|2016.09.08~09.09|14600~16500|15000|114464|한국투자증권
케이비스팩10호|2016.09.07~09.08|2000~2000|2000|10000|케이비투자증권
엘에스전선아시아|2016.09.05~09.06|10000~11500|8000|126501|한국투자증권,하나금융투자,이베스트투자증권
유니테크노|2016.08.31~09.01|10300~11500|10300|15450|한국투자증권
교보비엔케이스팩|2016.08.23~08.24|2000~2000|2000|12000|교보증권,BNK투자증권
하나금융스팩8호|2016.08.23~08.24|2000~2000|2000|12000|하나금융투자
자이글|2016.08.18~08.19|20000~23000|11000|112000|하나금융투자,케이비투자증권
헝셩그룹|2016.08.03~08.04|3400~5300|3600|68000|신한금융투자
에코마케팅|2016.07.18~07.19|27000~31000|35000|29700|한국투자증권
엔지스테크널러지|2016.07.13~07.14|8900~10000|10000|4156|교보증권,엘아이지투자증권
두올|2016.07.13~07.14|7500~9000|8500|54750|미래에셋증권,HMC투자증권
팍스넷|2016.07.11~07.12|4600~5200|5200|12737|한국투자증권
우리손에프앤지|2016.07.11~07.12|1935~2210|2210|35239|미래에셋대우
옵토팩|2016.07.05~07.06|5000~5900|5900|3500|아이비케이투자증권
장원테크|2016.07.04~07.05|15000~17500|17500|22500|신한금융투자
대유위니아(구.위니아만도)|2016.06.27~06.28|6800~8300|6800|51000|신영증권
한국자산신탁|2016.06.23~06.24|9100~10300|10300|248405|대신증권,신한금융투자,미래에셋대우
바이오리더스|2016.06.22~06.23|11000~15000|15000|13200|키움증권
피앤씨테크|2016.06.16~06.17|9000~10200|10200|23850|케이비투자증권
로스웰|2016.06.13~06.14|2100~3200|3200|63000|신한금융투자
해성디에스|2016.06.09~06.10|12000~15000|12000|48000|NH투자증권
에스티팜|2016.06.09~06.10|24000~27000|29000|111936|유진투자증권,한국투자증권
녹십자랩셀|2016.06.08~06.09|13600~15900|18500|27200|하나금융투자,엘아이지투자증권
한국스팩4호|2016.06.07~06.08|2000~2000|2000|10000|한국투자증권
알엔투테크놀로지|2016.06.07~06.08|5100~5800|5800|3417|하나금융투자
미래에셋스팩5호|2016.05.25~05.26|2000~2000|2000|9000|미래에셋증권
용평리조트|2016.05.10~05.11|8100~9200|7000|135432|대우증권,대신증권
해태제과식품|2016.04.21~04.22|12300~15100|15100|71709|NH투자증권,삼성증권
레이언스|2016.03.24~03.25|22000~25000|25000|88000|대신증권
씨엠에스에듀|2016.03.24~03.25|19000~23200|23200|23560|삼성증권,유안타증권
동양파일|2016.03.23~03.24|10000~11600|10000|80000|대신증권
대림씨엔에스|2016.03.15~03.16|23500~27700|27700|104720|대우증권
팬젠|2016.02.23~02.24|12500~16500|16500|18750|한국투자증권
하이에이아이스팩1호|2016.02.17~02.18|2000~2000|2000|9200|하이투자증권
IBKS스팩4호|2016.02.16~02.17|2000~2000|2000|3500|아이비케이투자증권
에이피위성통신|2016.02.15~02.16|8700~9700|9700|28344|현대증권
케이비스팩9호|2016.02.15~02.16|2000~2000|2000|27000|케이비투자증권
큐리언트|2016.02.15~02.16|18000~21000|21000|32508|한국투자증권
안트로젠|2016.01.27~01.28|17000~22000|24000|10200|키움증권
제이에스코퍼레이션|2016.01.20~01.21|19000~23000|23000|62379|NH투자증권
아이엠텍|2016.01.20~01.21|6500~7500|7500|27950|대우증권
차이나크리스탈신소재|2016.01.14~01.15|2900~4200|3000|26970|신한금융투자
유니트론텍|2016.01.14~01.15|12300~14000|14000|8056|하나금융투자
한솔씨앤피|2016.01.13~01.14|13000~16800|13000|11700|신한금융투자,케이비투자증권
에스와이패널|2015.12.14~12.15|7000~8000|5000|14951|미래에셋증권
코리아오토글라스|2015.12.14~12.15|10500~12000|11000|84420|NH투자증권
육일씨엔에쓰|2015.12.10~12.11|6000~6700|6000|4200|엘아이지투자증권
코디엠|2015.12.10~12.11|4700~5800|4700|4700|미래에셋증권
대신밸런스스팩2호|2015.12.10~12.11|2000~2000|2000|20000|대신증권
이에스브이|2015.12.10~12.11|13000~15000|10000|20540|NH투자증권
잇츠스킨|2015.12.10~12.11|208500~253000|170000|161213|대우증권,삼성증권
아진산업|2015.12.09~12.10|6500~7500|6500|29250|미래에셋증권
휴젤|2015.12.09~12.10|190000~210000|150000|54000|한국투자증권,대우증권,하나금융투자
한국맥널티|2015.12.08~12.09|10500~11500|8000|13125|키움증권
덱스터|2015.12.08~12.09|11000~14000|14000|23558|NH투자증권
메가엠디|2015.12.07~12.08|3600~4600|3000|19340|NH투자증권
씨트리|2015.12.07~12.08|8300~10200|6500|9960|신한금융투자
강스템바이오텍|2015.12.07~12.08|8000~10000|6000|16000|키움증권
동부스팩4호|2015.12.04~12.07|2000~2000|2000|10000|동부증권
파크시스템스|2015.12.03~12.04|9000~11000|9000|9000|케이비투자증권
보광산업|2015.12.03~12.04|6000~7000|4000|18000|하나금융투자
예스티|2015.12.02~12.03|14500~18500|14500|15587|NH투자증권
뉴트리바이오텍|2015.12.01~12.02|21000~24000|21000|43680|동부증권
멕아이씨에스|2015.11.30~12.01|7500~9000|4500|4125|키움증권
하나금융스팩7호|2015.11.30~12.01|2000~2000|2000|14000|하나금융투자
엔에스|2015.11.16~11.17|6300~7200|8000|6255|케이비투자증권
세진중공업|2015.11.12~11.13|3500~3900|3500|20054|대우증권,신한금융투자
미래테크놀로지|2015.11.12~11.13|14300~16100|16100|21450|현대증권
엠지메드|2015.11.05~11.06|33000~40000|40000|11550|신한금융투자
매직마이크로|2015.11.05~11.06|5200~6400|5500|8320|미래에셋증권
케이디켐|2015.11.04~11.05|14700~17800|16000|17052|대신증권
하이즈항공|2015.11.04~11.05|23000~26000|18000|100625|케이비투자증권
리드|2015.11.04~11.05|4500~5100|5100|3517|대우증권
네오오토|2015.11.02~11.03|11400~12800|12000|17664|신영증권
골든브릿지스팩4호|2015.11.02~11.03|2000~2000|2000|12500|골든브릿지투자증권
아이진|2015.10.29~10.30|12000~13500|13500|17823|NH투자증권
나무가|2015.10.28~10.29|32000~37000|37000|28096|교보증권
유앤아이|2015.10.28~10.29|25000~30000|30000|37500|키움증권
케어젠|2015.10.27~10.28|80000~90000|110000|129600|현대증권
금호에이치티|2015.10.27~10.28|12700~15700|10000|57098|NH투자증권
에이치엠씨스팩3호|2015.10.21~10.22|2000~2000|2000|12000|HMC투자증권
제주항공|2015.10.21~10.22|23000~28000|30000|126500|NH투자증권
더블유게임즈|2015.10.19~10.20|51000~61000|65000|217894|한국투자증권,대우증권
연우|2015.10.15~10.16|20300~25200|25200|48835|대우증권,HMC투자증권
키움스팩4호|2015.10.15~10.16|2000~2000|2000|20000|키움증권
현대드림스팩4호|2015.10.07~10.07|2000~2000|2000|10000|현대증권
에이티젠|2015.10.07~10.08|12500~14500|17000|12590|NH투자증권
엑시콘|2015.10.06~10.07|13500~16500|10000|27000|아이비케이투자증권
이베스트스팩3호|2015.10.01~10.02|2000~2000|2000|8000|이베스트투자증권
에치디프로|2015.09.23~09.24|7800~8900|8900|11826|대신증권
IBKS스팩3호|2015.09.21~09.22|2000~2000|2000|8000|아이비케이투자증권
엘아이지넥스원|2015.09.17~09.18|66000~76000|76000|455400|NH투자증권,한국투자증권
동부스팩3호|2015.09.16~09.17|2000~2000|2000|8300|동부증권
신영해피투모로우2호스팩|2015.09.15~09.16|2000~2000|2000|10000|신영증권
타이거일렉|2015.09.10~09.11|6000~6900|6000|9258|한국투자증권
동일제강|2015.09.10~09.11|2700~3300|3000|13500|NH투자증권
엔에이치스팩9호|2015.09.09~09.10|2000~2000|2000|15500|NH투자증권
제너셈|2015.09.09~09.10|9000~10500|10500|11700|하나금융투자
인포마크|2015.09.09~09.10|12000~14000|14000|10440|삼성증권
아이콘트롤스|2015.09.08~09.09|28000~32000|32000|73143|대우증권,신영증권
유진스팩3호|2015.08.26~08.27|2000~2000|2000|11500|유진투자증권
한국스팩3호|2015.08.18~08.19|2000~2000|2000|13000|한국투자증권
케이티비스팩3호|2015.08.12~08.13|2000~2000|2000|12500|KTB투자증권
교보스팩5호|2015.08.10~08.11|2000~2000|2000|10200|교보증권
웹스|2015.08.05~08.06|6500~7200|7200|10400|한국투자증권
현대드림스팩3호|2015.08.05~08.05|2000~2000|2000|13000|현대증권
에이제이네트웍스|2015.08.04~08.05|30200~34300|34300|69460|한국투자증권,미래에셋증권,신영증권
교보스팩4호|2015.07.30~07.31|2000~2000|2000|6000|교보증권
파인텍|2015.07.28~07.29|9000~10500|10500|9590|NH투자증권
미래에셋스팩4호|2015.07.24~07.24|2000~2000|2000|6100|미래에셋증권
흥국에프엔비|2015.07.22~07.23|14500~17500|20000|26100|NH투자증권
케이비스팩8호|2015.07.21~07.22|2000~2000|2000|20000|케이비투자증권
칩스앤미디어|2015.07.20~07.21|9300~10500|10500|6045|한국투자증권
아시아경제신문사|2015.07.15~07.16|3200~3600|3600|27200|한국투자증권
아이쓰리시스템|2015.07.14~07.15|28500~31500|36000|14250|키움증권
로지시스|2015.07.13~07.14|2000~2500|2500|6348|삼성증권
엘아이지이에스스팩|2015.07.09~07.10|2000~2000|2000|5000|엘아이지투자증권
파마리서치프로덕트|2015.07.08~07.09|40000~47000|55000|89200|NH투자증권,하나대투증권
에스케이스팩2호|2015.07.07~07.08|2000~2000|2000|12500|SK증권
펩트론|2015.07.06~07.07|9000~12000|16000|7336|NH투자증권
한화에이스스팩2호|2015.07.02~07.03|2000~2000|2000|13250|한화투자증권
이노션|2015.07.01~07.02|64000~71000|68000|320064|NH투자증권,대우증권
유안타스팩2호|2015.07.01~07.02|2000~2000|2000|12000|유안타증권
토니모리|2015.06.24~06.25|26400~30200|32000|77616|대우증권
미래에셋생명보험|2015.06.22~06.23|8200~10000|7500|372279|삼성증권
키움스팩3호|2015.06.22~06.23|2000~2000|2000|13000|키움증권
민앤지|2015.06.17~06.18|21200~24000|28000|29930|신한금융투자
골든브릿지스팩3호|2015.06.16~06.17|2000~2000|2000|8800|골든브릿지투자증권
동운아나텍|2015.06.16~06.17|10000~12000|10000|5000|키움증권
엔에이치스팩8호|2015.06.16~06.17|2000~2000|2000|13000|NH투자증권
유테크|2015.06.15~06.16|8000~9000|9000|8080|대신증권
코아스템|2015.06.11~06.12|10800~13200|16000|27000|한국투자증권
에스엔텍|2015.06.10~06.11|5600~6300|6500|6160|케이비투자증권
경보제약|2015.06.10~06.11|13000~15000|15000|124315|NH투자증권
이베스트스팩2호|2015.06.10~06.11|2000~2000|2000|13000|이베스트투자증권
세미콘라이트|2015.06.09~06.10|11300~13700|11300|11758|NH투자증권
에스케이디앤디|2015.06.04~06.05|20200~24300|26000|59590|대신증권,신한금융투자
베셀|2015.06.03~06.04|8000~9000|9000|4800|키움증권
하나머스트스팩5호|2015.06.02~06.03|2000~2000|2000|7000|하나대투증권
대신밸런스스팩1호|2015.06.01~06.02|2000~2000|2000|10000|대신증권
하이스팩3호|2015.05.29~06.01|2000~2000|2000|8500|하이투자증권
싸이맥스|2015.05.28~05.29|14300~16300|16300|22767|대신증권
엔에이치스팩7호|2015.05.27~05.28|2000~2000|2000|8400|NH투자증권
한화에이씨피씨스팩|2015.05.26~05.27|2000~2000|2000|13500|한화투자증권
픽셀플러스|2015.05.26~05.27|33000~37000|30000|33000|한국투자증권
제노포커스|2015.05.13~05.14|8000~9000|11000|9600|한국투자증권
미래에셋스팩3호|2015.05.07~05.07|2000~2000|2000|11400|미래에셋증권
대우스팩3호|2015.04.29~04.30|2000~2000|2000|10000|대우증권
한화엠지아이스팩|2015.04.28~04.29|2000~2000|2000|10000|한화투자증권
대우에스비아이스팩1호|2015.04.22~04.23|2000~2000|2000|5500|대우증권
엔에이치스팩5호|2015.04.22~04.23|2000~2000|2000|13000|NH투자증권
유진에이씨피씨스팩2호|2015.04.13~04.14|2000~2000|2000|10000|유진투자증권
하나머스트스팩4호|2015.04.07~04.08|2000~2000|2000|5500|하나대투증권
한화에이스스팩1호|2015.04.01~04.02|2000~2000|2000|8200|한화투자증권
유지인트|2015.03.26~03.27|12400~14000|15000|25544|한국투자증권
케이티비스팩2호|2015.03.19~03.20|2000~2000|2000|10000|KTB투자증권
케이비스팩7호|2015.03.11~03.12|2000~2000|2000|8000|케이비투자증권
NS쇼핑(구.농수산홈쇼핑)|2015.03.09~03.10|205000~235000|235000|180027|한국투자증권,미래에셋증권,하나대투증권
세화아이엠씨|2015.03.03~03.04|14500~16300|16300|19002|한국투자증권
포시에스|2015.01.26~01.27|7500~9100|9100|9750|동부증권
골든브릿지스팩2호|2015.01.21~01.22|2000~2000|2000|7000|골든브릿지투자증권
국일신동|2014.12.15~12.16|1400~1700|1700|4200|아이비케이투자증권
NH스팩2호|2014.12.15~12.16|2000~2000|2000|10675|NH농협증권
영백씨엠|2014.12.12~12.15|6500~7500|5500|4377|하나대투증권
케이비스팩6호|2014.12.11~12.12|2000~2000|2000|30000|케이비투자증권
케이비스팩5호|2014.12.10~12.11|2000~2000|2000|10000|케이비투자증권
교보스팩3호|2014.12.09~12.10|2000~2000|2000|10000|교보증권
현대드림스팩2호|2014.12.09~12.10|2000~2000|2000|13000|현대증권
오킨스전자|2014.12.09~12.10|6000~6900|7100|10995|미래에셋증권
넥스트엔터테인먼트월드|2014.12.09~12.10|12700~16300|16300|26307|우리투자증권
하나머스트스팩3호|2014.12.09~12.10|2000~2000|2000|4500|하나대투증권
아스트|2014.12.09~12.10|7000~10000|9500|19982|케이비투자증권
아이티센|2014.12.09~12.10|7000~8500|7500|7000|아이비케이투자증권
서전기전|2014.12.08~12.09|10500~12000|6500|12736|동부증권
하이셈|2014.12.08~12.09|1500~1900|1500|6534|대우증권
휴메딕스|2014.12.08~12.09|22700~25500|28000|22700|한국투자증권
제일모직(구.삼성에버랜드)|2014.12.03~12.04|45000~53000|53000|1293747|대우증권,우리투자증권,씨티그룹글로벌마켓증권,제이피모간증권회사
하나머스트스팩2호|2014.12.03~12.04|2000~2000|2000|10000|하나대투증권
하이로닉|2014.12.02~12.03|43000~47400|51000|23650|신한금융투자
디티앤씨(구.디지털이엠씨)|2014.12.02~12.03|14500~18500|18500|30986|키움증권
엘아이지스팩2호|2014.12.02~12.03|2000~2000|2000|5000|엘아이지투자증권
녹십자엠에스|2014.12.02~12.03|5000~5800|6000|10000|한국투자증권
랩지노믹스|2014.12.01~12.02|12000~13200|13200|3000|한국투자증권
에이디테크놀로지|2014.12.01~12.02|16000~18000|15000|16000|한국투자증권
우리에스엘스팩|2014.12.01~12.02|2000~2000|2000|4000|우리투자증권
동부스팩2호|2014.11.27~11.28|2000~2000|2000|10000|동부증권
알테오젠|2014.11.27~11.28|23000~26000|26000|20700|한국투자증권
비씨월드제약|2014.11.26~11.27|12000~15700|15700|19872|대우증권,대신증권
한국스팩2호|2014.11.26~11.27|2000~2000|2000|10000|한국투자증권
에스케이씨코오롱피아이|2014.11.19~11.20|12500~15000|8000|102400|한국투자증권
에프엔씨엔터테인먼트|2014.11.18~11.19|24000~28000|28000|33600|유진투자증권
대창스틸|2014.11.18~11.19|2000~2500|2500|4400|하나대투증권
하이스팩2호|2014.11.13~11.14|2000~2000|2000|10000|하이투자증권
씨에스윈드|2014.11.13~11.14|31000~43500|43500|182900|미래에셋증권,삼성증권
케이티비스팩1호|2014.11.10~11.11|2000~2000|2000|10000|KTB투자증권
텔콘|2014.11.10~11.11|12500~14500|14500|17500|대신증권
IBKS스팩2호|2014.11.06~11.07|2000~2000|2000|8000|아이비케이투자증권
디에이테크놀로지|2014.11.05~11.06|6600~8500|6600|9464|대신증권
파티게임즈|2014.11.04~11.05|10500~13000|13000|10080|우리투자증권
유안타스팩1호|2014.11.03~11.04|2000~2000|2000|11000|유안타증권
삼성SDS|2014.10.29~10.30|150000~190000|190000|914940|한국투자증권,골드만삭스증권,제이피모간증권
케이비스팩4호|2014.10.27~10.28|2000~2000|2000|20000|케이비투자증권
교보위드스팩|2014.10.23~10.24|2000~2000|2000|7800|교보증권
현대에이블스팩1호|2014.10.22~10.23|2000~2000|2000|10000|현대증권
테고사이언스|2014.10.22~10.23|10500~12500|13500|5593|우리투자증권
슈피겐코리아|2014.10.20~10.21|22500~27500|27500|41625|삼성증권
테라셈|2014.10.14~10.15|3600~4100|3000|6480|한국투자증권
영우디에스피|2014.10.13~10.14|8000~9500|5000|10400|키움증권
대우스팩2호|2014.10.06~10.07|2000~2000|2000|10500|대우증권
신한스팩2호|2014.09.24~09.25|2000~2000|2000|10000|신한금융투자
데브시스터즈|2014.09.18~09.19|43000~50000|53000|116100|우리투자증권
메디아나|2014.09.17~09.18|5500~6500|6200|7920|케이비투자증권
KB스팩3호|2014.09.15~09.16|2000~2000|2000|20000|케이비투자증권
감마누|2014.07.28~07.29|10000~11500|11000|3600|한국투자증권
우리스팩3호|2014.07.28~07.29|2000~2000|2000|13000|우리투자증권
쿠쿠전자|2014.07.23~07.24|80000~104000|104000|196067|우리투자증권
신화콘텍|2014.07.21~07.22|8100~9100|9100|12960|현대증권
덕신하우징|2014.07.15~07.16|9600~11000|13000|19200|현대증권
파버나인|2014.07.15~07.16|12100~13600|12500|13310|한국투자증권,케이비투자증권
창해에탄올|2014.07.14~07.15|6000~6900|8300|11405|우리투자증권
미래에셋스팩2호|2014.07.10~07.10|2000~2000|2000|13000|미래에셋증권
윈하이텍|2014.07.10~07.11|6600~7500|8300|17424|우리투자증권
아진엑스텍|2014.07.08~07.09|5000~6000|7000|5000|신한금융투자
화인베스틸|2014.06.30~07.01|4500~5100|4700|28951|현대증권
트루윈|2014.06.24~06.25|8000~9400|10500|9600|하나대투증권
하나머스트스팩|2014.05.22~05.23|2000~2000|2000|5000|하나대투증권
캐스텍코리아|2014.05.08~05.09|5000~5800|6500|12500|한국투자증권
BGF리테일(구.보광훼미리마트)|2014.04.24~04.25|41000~46000|41000|252561|삼성증권
유진스팩1호|2014.04.21~04.22|2000~2000|2000|10000|유진투자증권
KB스팩2호|2014.04.10~04.11|2000~2000|2000|14800|케이비투자증권
오이솔루션|2014.02.12~02.13|8500~9800|10000|6604|대신증권
인터파크INT|2014.01.16~01.17|5700~6700|7700|52414|대우증권
한국정보인증|2014.01.14~01.15|1600~1800|1800|8640|현대증권
솔루에타|2013.12.11~12.12|28000~32000|24000|24000|키움증권
이지웰페어|2013.12.11~12.12|3300~4000|4400|4400|한국투자증권
키움제2호스팩|2013.12.04~12.05|2000~2000|2000|13000|키움증권
인트로메딕|2013.12.03~12.04|4500~6000|6000|4200|한국투자증권
기가레인(구.맥시스)|2013.11.26~11.27|6300~7700|5500|21786|하나대투증권
알티캐스트|2013.11.20~11.21|7500~8500|8500|15000|한국투자증권
엔브이에이치코리아|2013.11.20~11.21|4000~4600|4500|38250|미래에셋증권
현대공업|2013.11.19~11.20|6500~7500|7500|22525|신영증권
우리기업인수목적2호|2013.11.07~11.08|2000~2000|2000|13000|우리투자증권
디엠티|2013.11.06~11.07|5200~6200|5700|6113|하나대투증권
신송홀딩스|2013.11.05~11.06|5200~6000|6500|23066|우리투자증권
램테크놀러지|2013.10.30~10.31|3500~3900|3900|4875|한국투자증권
라이온켐텍|2013.10.30~11.01|10000~12000|12500|37011|하나대투증권
미동전자통신|2013.10.28~10.29|18500~21000|20000|19417|우리투자증권
에이씨티|2013.10.23~10.24|11000~14000|8100|8505|한국투자증권
해성옵틱스|2013.10.22~10.23|6000~6800|6600|19650|우리투자증권
내츄럴엔도텍|2013.10.16~10.17|32000~38000|40000|21200|키움증권
현대로템|2013.10.15~10.16|17000~23000|23000|460020|우리투자증권,대우증권
테스나|2013.10.01~10.02|12000~13500|13500|9767|키움증권
파수닷컴|2013.09.30~10.01|5400~6200|5800|9280|삼성증권
엘티씨|2013.09.23~09.24|17500~19500|20500|26728|키움증권
지엔씨에너지|2013.09.12~09.13|5000~5800|6000|7200|교보증권
아미코젠|2013.08.29~08.30|20800~23800|25000|15762|우리투자증권
파이오링크|2013.07.18~07.19|9500~10500|10500|11400|LIG투자증권
금호N.T|2013.07.17~07.18|2700~3100|3100|7440|미래에셋증권
KG이티에스|2013.07.08~07.09|3000~3900|3800|30827|우리투자증권
나스미디어|2013.07.02~07.03|7500~9000|8800|16887|KB투자증권
엑세스바이오|2013.05.07~05.08|3600~4100|4500|22888|우리투자증권,유진투자증권
디에스알|2013.04.29~04.30|4150~4650|4000|16000|우리투자증권
레고켐바이오사이언스|2013.04.23~04.24|13800~15500|15500|21700|한국투자증권
삼목강업|2013.04.11~04.12|3500~3900|2600|8320|교보증권
세호로보트|2013.03.20~03.21|6500~7500|7800|8580|IBK투자증권
윈팩|2013.02.19~02.20|4200~5100|4000|10109|키움증권
코렌텍|2013.02.14~02.15|13000~16000|16000|15600|한국투자증권
제로투세븐|2013.01.30~01.31|7200~8300|8300|24900|현대증권
지디|2013.01.23~01.24|14500~16500|18000|43200|미래에셋증권
아이원스|2013.01.22~01.23|4300~4800|4500|9884|우리투자증권
우리이앤엘|2013.01.17~01.18|4900~5700|4900|44100|현대증권
아이센스|2013.01.15~01.16|16000~19000|19000|14400|우리투자증권
포티스|2013.01.10~01.11|3500~3900|3900|4853|하나대투증권
씨에스엘쏠라|2012.12.12~12.13|10000~11000|10000|12000|키움증권
SBIAXES(구.AXES홀딩스)|2012.11.20~11.21|3000~3600|3600|19229|하나대투증권
우리로광통신|2012.11.07~11.07|9000~10300|10300|18789|미래에셋증권
디젠스|2012.11.06~11.07|1800~2300|1800|9000|우리투자증권
맥스로텍|2012.10.31~10.31|6000~7000|7000|7000|미래에셋증권
GMB코리아|2012.10.31~11.01|7600~9200|6000|34313|신한금융투자
와이엠씨|2012.10.30~10.31|5100~6000|6000|11677|우리투자증권
CJ헬로비전|2012.10.24~10.26|14000~19000|16000|293210|하이투자
아바텍|2012.10.16~10.17|5100~5800|6300|18585|한국투자증권
코이즈|2012.09.12~09.13|6500~7400|7500|8850|한국투자증권
모다정보통신|2012.09.10~09.11|7000~8500|7000|4900|키움증권
나노스|2012.07.17~07.18|6000~7000|7000|10500|한화증권
에이제이렌터카(구.아주오토렌탈)|2012.07.12~07.13|8000~9000|7000|38850|한국투자증권
우양에이치씨|2012.07.10~07.11|4000~6500|5500|13915|한화증권
엠씨넥스|2012.07.09~07.10|16200~18600|15000|12000|한국투자증권
네이블커뮤니케이션즈|2012.07.03~07.04|7500~9000|9000|5400|한국투자증권
디지탈옵틱|2012.06.27~07.28|9500~11500|11500|13058|신한금융투자
피엔티|2012.06.21~06.22|14000~16000|17000|13712|하나대투증권
사조씨푸드|2012.06.12~06.13|8600~10050|10600|63880|미래에셋증권
비아트론|2012.04.17~04.18|12900~14600|15900|14835|한국투자증권
에스비아이모기지|2012.04.05~04.06|7700~9200|7000|-|하나대투증권
코오롱패션머티리얼|2012.03.19~03.20|12000~14500|14500|43500|우리투자증권
빛샘전자|2012.03.07~03.08|4000~4400|4400|3432|미래에셋증권
휴비스|2012.02.06~02.07|11700~13200|12200|200141|대우증권
사람인에이치알|2012.02.02~02.03|4000~5000|5000|9720|현대증권
뉴로스|2012.01.26~01.27|7500~8500|8500|3750|교보증권
남화토건|2012.01.09~01.10|2600~3000|3000|9000|HMC투자증권
동아팜텍|2012.01.05~01.06|20000~24000|24000|54408|우리투자증권
원익머트리얼즈|2011.12.08~12.09|23000~26000|27000|45029|동양증권
나이스디앤비|2011.12.07~12.08|1400~1700|1700|5488|대신증권
GS리테일(지에스리테일)|2011.12.07~12.08|18000~21000|19500|300300|우리투자증권
디엔에이링크|2011.12.05~12.06|6000~7000|7700|3950|미래에셋증권
시큐브|2011.12.05~12.06|4200~4900|4900|3821|SK증권
서암기계공업|2011.11.30~12.01|3200~3800|3800|11970|한국투자증권
씨유메디칼시스템|2011.11.29~11.30|10000~11500|12000|8000|현대증권
인터지스|2011.11.29~11.30|10000~12200|10000|58350|삼성증권
넥스트리밍|2011.11.16~11.17|5000~6000|6000|3975|신한금융투자
에스에프씨|2011.11.15~11.16|13500~17000|14000|22044|우리투자증권
티브이로직|2011.11.15~11.16|10000~11200|12000|10500|한국투자증권
사파이어테크놀로지|2011.11.15~11.16|55000~65000|65000|52650|한국투자증권
신진에스엠|2011.11.10~11.11|12500~15000|15000|13500|한화증권
이엠넷|2011.11.09~11.10|5800~6400|6400|9600|KB투자증권
와이지엔터테인먼트|2011.11.07~11.08|22100~28800|34000|27548|대우증권
쎄미시스코|2011.11.02~11.03|7000~8000|9500|9137|하이투자증권
테크윙|2011.10.25~10.26|18000~20000|23000|11700|한국투자증권
아이테스트|2011.10.24~10.25|2000~2400|2400|20000|미래에셋증권
신흥기계|2011.10.20~10.21|7000~7700|8500|13396|한국투자증권
씨큐브|2011.10.19~10.20|4200~5000|5750|4025|대신증권
씨엔플러스|2011.10.17~10.18|10000~11300|11500|9200|한국투자증권
테라세미콘|2011.10.13~10.14|10000~12000|13500|16200|LIG투자증권
케이맥|2011.10.05~10.06|13000~15000|14500|17400|현대증권
넥솔론|2011.09.28~09.29|6700~8000|4000|85490|우리투자증권
로보스타|2011.09.27~09.28|4500~6000|5800|6805|미래에셋증권
대한과학|2011.09.22~09.23|2400~3200|3000|3360|대우증권
피앤이솔루션|2011.09.06~09.07|7000~8000|8000|12000|교보증권
화진|2011.07.20~07.21|3700~4300|4300|10587|HMC투자증권
제이씨케미칼|2011.07.20~07.21|6000~7200|7200|20040|삼성증권
제닉|2011.07.18~07.19|19000~22000|22000|17100|교보증권
아이씨디|2011.07.18~07.19|23000~27000|34000|52700|동양증권
경봉|2011.07.11~07.12|6000~7100|7100|9478|동양증권
상아프론테크|2011.07.06~07.07|6300~6900|6000|15000|한국투자증권
삼원강재|2011.07.04~07.05|3700~4200|4000|40000|대우증권
옵티시스|2011.06.29~06.30|6700~7600|7600|5320|키움증권
나이벡|2011.06.29~06.30|8400~10200|10000|7340|대신증권
신세계인터내셔날|2011.06.23~06.24|50000~65000|65000|130000|한국투자증권
대양전기공업|2011.06.17~06.20|8200~10000|9000|25650|삼성증권
한국항공우주산업|2011.06.16~06.17|14000~16000|15500|567515|우리투자,현대증권
하이마트|2011.06.15~06.16|59000~67700|59000|419747|대우증권
탑금속|2011.06.07~06.08|5800~6500|6500|21450|현대증권
쓰리피시스템|2011.06.02~06.03|4500~6000|5800|7691|부국증권
엠케이트렌드|2011.06.01~06.02|9000~11000|11000|21600|우리투자증권
완리인터내셔널홀딩스|2011.05.27~05.30|4100~5500|4100|50020|삼성증권
리켐|2011.05.25~05.26|11000~14000|14000|-|SK증권
넥스트아이|2011.05.25~05.26|9700~10800|10000|9700|한국투자증권
코오롱플라스틱|2011.05.25~05.26|3800~4300|4300|33060|대우증권
엘티에스|2011.05.19~05.20|32500~34500|34000|24598|우리투자증권
KT스카이라이프|2011.05.16~05.17|13500~18500|17000|42500|대우증권
세아특수강|2011.05.12~05.13|24000~28000|28000|61987|하나대투증권
케이엠에이치|2011.05.11~05.12|9500~11500|9500|-|IBK투자증권
골프존|2011.05.02~05.03|65000~79000|85000|170000|한국투자증권
한국종합기술|2011.04.11~04.12|6800~9200|7100|22323|우리투자증권
이퓨쳐|2011.04.11~04.12|5200~6400|6400|5760|삼성증권
티케이케미칼|2011.04.07~04.08|4500~5000|5000|198000|우리투자증권
일진머티리얼즈|2011.02.16~02.17|14100~15800|15800|-|미래에셋증권
현대위아|2011.01.27~01.28|53000~60000|65000|520000|미래에셋증권
부스타|2011.01.26~01.27|3500~4200|4200|8568|HMC투자증권
나노신소재|2011.01.18~01.19|14500~16500|17000|25795|한국투자증권
케이아이엔엑스|2011.01.17~01.18|6900~7500|8000|4968|하나대투증권
티피씨|2011.01.17~01.18|4500~5200|5200|5850|신영증권
제이엔케이히터|2011.01.13~01.14|10500~13600|13600|27200|우리투자증권
엘비세미콘|2011.01.12~01.13|4000~4500|4700|32000|한국투자증권
딜리|2011.01.12~01.13|7000~8000|8000|10290|현대증권
블루콤|2011.01.11~01.12|9000~12000|12000|24300|우리투자증권
인트론바이오테크놀로지|2011.01.10~01.11|4800~6100|6100|3050|신한금융투자
씨그널정보통신|2011.01.07~01.10|7500~8500|8500|7582|신영증권
중국고섬공고|2011.01.07~01.10|5970~5970|7000|179100|대우증권
다나와|2011.01.06~01.07|12000~14000|14000|20141|한국투자증권
KB게임(KB스팩)|2010.12.20~12.20|2500~2500|2500|20000|KB투자증권
티에스이|2010.12.16~12.17|45000~52000|45000|36549|한국투자증권
인텍플러스|2010.12.15~12.16|6000~7000|7000|7000|한국투자증권
두산엔진|2010.12.15~12.16|17200~20900|19300|202650|대우증권
대구도시가스|2010.12.08~12.09|4400~5400|5400|33000|신한금융투자
현대HCN|2010.12.08~12.09|3800~4500|3800|83600|현대증권
액트|2010.12.07~12.08|2400~2700|2700|10800|한국투자증권
IBKS스마트스팩|2010.12.07~12.08|1000~1000|1000|20000|IBK투자증권
한전산업개발|2010.12.01~12.02|4500~5500|5500|58680|신한금융투자
대정화금|2010.12.01~12.02|8100~9200|9200|18630|HMC투자증권
케이티스(구.한국인포서비스)|2010.12.01~12.02|2500~3100|2700|13454|우리투자증권
동부티에스블랙펄스팩|2010.11.23~11.24|2000~2000|2000|22500|동부증권
하이제1호스팩|2010.11.18~11.19|4000~4000|4000|27000|하이투자증권
세우테크|2010.11.15~11.16|5500~6500|5500|8250|신한금융투자
대구방송|2010.11.11~11.12|7500~9500|7500|7500|부국증권
코라오홀딩스|2010.11.10~11.11|3800~4800|4800|56317|IBK투자증권
케이티롤|2010.11.09~11.10|6000~6800|6800|6328|대신증권
시그네틱스|2010.11.09~11.10|2300~2600|2600|32312|미래에셋증권
한국전자인증|2010.11.02~11.03|1300~1500|1600|1820|한국투자증권
코프라|2010.10.26~10.27|5500~6500|7000|12320|미래에셋증권
디케이락|2010.10.25~10.26|7000~8000|7500|14000|신한금융투자
하나그린스팩1호|2010.10.25~10.26|4000~4000|4000|20000|하나대투
케이엔엔|2010.10.19~10.19|8000~10000|9000|11970|미래에셋증권
아나패스|2010.10.18~10.19|47000~52000|52000|22090|대우증권
삼본정밀전자|2010.10.18~10.19|7800~8800|8800|15600|현대증권
부국퓨쳐스타즈스팩|2010.10.14~10.15|2000~2000|2000|11800|부국증권
아이텍반도체|2010.10.06~10.07|8700~9100|9100|8190|대우증권
누리플랜|2010.10.05~10.06|4600~5500|5500|6050|HMC투자증권
인화정공|2010.10.04~10.05|22000~26000|26000|31200|신한금융투자
코렌|2010.10.04~10.05|5800~6600|5800|-|대우증권
아이씨코리아|2010.09.30~10.01|2400~3000|2800|3600|한화증권
키움제1호스팩|2010.09.09~09.10|2000~2000|2000|20000|키움증권
휠라코리아|2010.09.06~09.07|30000~35000|35000|97500|삼성증권
포메탈|2010.09.02~09.03|6000~6800|6000|10800|IBK투자증권
케이티씨에스(구.한국인포데이타|2010.09.01~09.02|2600~3100|2600|18597|한국투자증권
성융광전투자|2010.08.31~09.01|2700~3300|2800|50400|대우증권
다원시스|2010.08.30~08.31|9000~12000|11000|14868|하이투자증권
알파칩스|2010.08.30~08.31|10500~12000|12000|7200|현대증권
와이솔|2010.08.26~08.27|7000~9000|8000|8000|한화증권
현대홈쇼핑|2010.08.26~08.27|80000~90000|90000|-|현대증권
이트레이드1호스팩|2010.08.25~08.26|2000~-|2000|19000|이트레이드증권
씨젠|2010.08.24~08.25|28000~35000|30500|19413|대우증권
에이치엠씨아이비1호스팩|2010.08.12~08.13|2000~-|2000|23560|HMC투자증권
교보케이티비스팩|2010.08.11~08.12|4000~-|4000|25000|교보증권,KTB투자증권
에스비아이앤솔로몬드림스팩|2010.08.09~08.10|1250~-|1250|20000|솔로몬투자
대신증권그로쓰알파|2010.08.09~08.10|2000~-|2000|-|대신증권
한국투자신성장1호스팩|2010.08.09~08.10|2200~-|2200|23100|한국투자증권
도화종합기술공사|2010.07.27~07.28|20000~23000|22000|40000|우리투자증권
엠에스오토텍|2010.07.19~07.20|4500~5500|5500|15840|HMC투자증권
이글루시큐리티|2010.07.15~07.16|11000~14000|14000|21000|미래에셋증권
인터로조|2010.07.14~07.15|9000~12000|12000|12134|한화증권
아이마켓코리아|2010.07.13~07.14|12300~15300|15300|-|미래에셋증권
하이텍팜|2010.07.12~07.13|10000~11500|11500|21000|HMC투자증권
웨이포트(홍콩)|2010.07.06~07.07|1400~1800|1400|19558|메리츠증권
우진|2010.07.06~07.07|13600~15200|15000|29512|한국투자증권
크루셜텍|2010.07.05~07.06|20000~23500|23500|24107|미래에셋증권
에스디시스템|2010.06.30~07.01|13000~14800|14800|12350|대우증권
한화스팩1호|2010.06.24~06.25|5000~-|5000|20000|한화증권
신영증권스팩1호|2010.06.16~06.17|1000~-|1000|19700|신영증권
웅진에너지|2010.06.15~06.16|7500~8500|9500|119100|대신증권
처음앤씨|2010.06.07~06.08|10500~13000|13000|9260|우리투자증권
유비벨록스|2010.06.03~06.04|9500~10500|11000|9500|한국투자증권
케이엔디티앤아이|2010.05.26~05.27|7000~8500|8500|15300|교보증권
히든챔피언제1호스팩|2010.05.26~05.27|2000~2000|2000|30000|삼성증권
솔라시아|2010.05.25~05.26|4600~5100|5000|4375|한국투자증권
이연제약|2010.05.24~05.25|16500~18000|16500|21450|현대증권
실리콘웍스|2010.05.19~05.20|61000~67000|67000|67000|한국투자증권
투비소프트|2010.05.17~05.18|6500~7500|8000|2567|한국투자증권
인피니트헬스케어(구.인피니트테|2010.05.10~05.11|4200~5200|5200|12600|삼성증권
모바일리더|2010.05.06~05.07|13000~15000|15000|7800|한화증권
만도|2010.05.04~05.06|75000~90000|83000|450000|우리투자증권
신한제1호스팩|2010.04.28~04.29|4000~5000|5000|37500|신한금융투자
우리스팩1호|2010.04.26~04.27|10000~-|10000|35000|우리투자증권
삼성생명|2010.04.22~04.23|90000~115000|110000|4888116|한국투자증권
동아체육용품유한공사|2010.04.06~04.07|4600~5200|5000|27595|교보증권
뉴프라이드|2010.04.02~-|6000~7700|7500|11100|골든브릿지
케이씨에스|2010.03.26~03.27|1200~1600|1600|4320|삼성증권
차이나킹하이웨이|2010.03.16~03.17|3000~3500|3700|72000|우리투자증권
동양밸류오션SPAC|2010.03.11~03.12|10000~-|10000|45000|동양증권
디지탈아리아|2010.03.11~03.12|8000~10000|11000|8371|교보증권
현대드림투게더|2010.03.04~03.05|6000~-|6000|20004|현대증권
대한생명보험|2010.03.03~03.03|9000~11000|8200|2100000|대우증권
미래에셋스팩1호|2010.02.25~02.26|1500~-|1500|20000|미래에셋증권
대우증권그린코리아SPAC|2010.02.17~02.18|2500~3500|3500|62500|대우증권
이미지스테크놀로지|2010.02.04~02.05|6000~7500|6000|9960|교보증권
인포바인|2010.01.20~01.21|26000~31000|33000|14850|한국투자증권
차이나하오란리사이클링|2010.01.19~01.20|4300~5600|4700|43000|신한금융
하이소닉|2010.01.19~01.20|11000~13000|13000|8800|한화증권
에스이티아이|2010.01.18~01.19|16500~18000|17500|31020|삼성증권
모베이스|2010.01.18~01.19|9000~12000|13200|-|미래에셋증권
에이치디시에스|2010.01.14~01.15|11000~15000|15000|10999|하이투자증권
락앤락|2010.01.14~01.15|14000~15700|15700|157000|한국투자증권
지역난방공사|2010.01.13~01.14|33400~40800|45000|130275|삼성증권
우리넷|2010.01.12~01.13|6000~7000|6700|6412|한국투자증권
아세아텍|2010.01.08~01.11|4700~5400|4100|20680|IBK투자증권
영흥철강|2010.01.08~01.11|12000~16000|12000|26984|대우증권
스타플렉스|2010.01.07~01.08|13100~15600|15000|18340|대신증권
우노앤컴퍼니|2009.12.28~12.29|7000~10000|6500|16945|SK증권
승화엘엠씨|2009.12.17~12.18|6000~7000|6700|8004|한화증권
코디에스|2009.12.16~12.17|5000~6000|6000|6049|동부증권
아이티엑스시큐리티|2009.12.08~12.09|6500~8000|6000|8404|한화증권
위메이드엔터테인먼트|2009.12.03~12.04|60000~65000|62000|130200|우리투자증권
KPX라이프사이언스|2009.12.03~12.04|5000~6500|6200|34100|미래에셋증권
멜파스|2009.12.01~12.02|43200~48800|43200|53752|한국투자증권
동양피엔에프|2009.12.01~12.02|10000~12000|12000|17000|HMC투자증권
현대푸드시스템|2009.11.30~12.01|10000~11600|11600|59670|현대증권
한전기술|2009.11.25~11.26|21600~24400|21600|165110|동양증권
디오텍|2009.11.24~11.25|10000~12000|9000|7160|한화증권
중국엔진집단유한공사|2009.11.16~11.17|10000~11000|6000|100000|신한금융투자
이원컴포텍|2009.11.12~11.13|2000~2200|2000|2903|신영증권
GKL|2009.11.04~11.05|9500~12000|12000|176288|미래에셋증권
강원비앤이|2009.11.02~11.03|4800~6000|4700|6720|현대증권
이너스텍|2009.10.27~10.28|10000~13000|10000|3750|대우증권
동방선기|2009.10.27~10.28|5000~5800|4000|8999|신한금융투자
에스케이씨앤씨|2009.10.26~10.29|28000~32000|30000|540000|우리,한국,대신
디엠씨|2009.10.20~10.21|7500~8600|6300|5625|미래에셋증권
진매트릭스|2009.10.20~10.21|11000~14000|8000|11000|삼성증권
스틸플라워|2009.10.09~10.10|17500~21500|13500|30625|미래에셋증권
비츠로셀|2009.10.09~10.12|6700~8000|5500|21440|현대증권
진로|2009.09.28~09.29|45000~50000|41000|648000|삼성,우리투자
동양생명|2009.09.23~09.24|17000~22000|17000|340380|대우증권외2
한스바이오메드|2009.09.22~09.23|4500~5100|5500|3496|한국투자증권
네오위즈벅스|2009.09.17~09.18|9000~11000|9000|24599|우리투자증권
아이앤씨테크놀로지|2009.09.16~09.17|14000~16000|16000|32480|미래에셋증권
케이엔더블유|2009.09.10~09.11|9000~11000|11000|8100|키움닷컴증권
에리트베이직|2009.09.10~-|3400~4200|4000|6800|신한금융투자
쌍용머티리얼|2009.09.09~09.10|14500~17500|17500|26100|대우증권
모린스|2009.09.08~09.09|30000~39000|39000|38828|우리투자,현대
디에스케이|2009.09.07~09.08|4000~5000|5000|6000|신한금융투자
제넥신|2009.09.01~09.02|22000~27000|27000|22000|대우,교보증권
톱텍|2009.08.27~08.28|9100~10400|10400|18200|HMC투자증권
동국S&amp;C|2009.08.06~08.12|9000~12000|11000|205716|삼성증권
에스앤더블류|2009.07.15~07.16|5600~6700|6700|5360|대신증권
게임빌|2009.07.13~07.14|13000~15500|15000|12600|동양증권
동일금속|2009.07.09~07.10|7000~8000|8000|16800|동양증권
대우캐피탈|2009.06.10~06.11|7000~8500|8000|46400|한국투자증권
한미파슨스건축사사무소|2009.06.02~06.03|10000~13000|14500|15950|삼성증권
동아지질|2009.05.26~05.27|12500~14000|14500|50750|대우증권
어보브반도체|2009.05.20~05.21|2500~3000|3300|4056|한국투자증권
조이맥스|2009.05.18~05.19|40000~50000|55000|47891|교보증권
차이나그레이트스타인터내셔널리|2009.05.11~05.12|1200~1600|1700|51000|NH투자증권
이엔에프테크놀로지|2009.05.11~05.12|4500~5100|5500|14850|한국투자증권
뉴그리드테크놀로지|2009.05.08~05.08|2800~3200|3500|2092|미래에셋증권
중국원양자원유한공사|2009.05.04~05.06|2300~2900|3100|53320|현대증권
해덕선기|2009.04.29~04.30|7500~8500|8500|20825|메리츠증권
서울마린|2009.04.29~04.30|8000~10000|10000|31497|미래에셋증권
한국정밀기계|2009.04.27~04.28|18000~22000|22000|50490|현대증권
STX엔파코|2009.04.27~04.28|10000~13000|13000|29900|굿모닝신한,우리
흥국|2009.04.22~04.23|3200~3800|4200|4713|한국투자증권
신텍|2009.04.15~04.16|9500~12500|12500|17500|우리투자증권
티플랙스|2009.04.07~-|2200~2600|3000|3177|미래에셋증권
우림기계|2009.04.07~04.09|8000~10000|10000|19580|동양증권
네프로아이티|2009.04.06~04.07|3500~4500|4500|3600|삼성증권
엔에스브이|2009.03.31~04.01|3600~4300|4300|10900|대우증권
에스티오|2009.03.31~04.01|4000~5000|5000|4700|삼성증권
뷰웍스|2009.03.25~03.26|8000~10000|9000|9450|한국투자증권
에스앤에스텍|2009.03.25~03.26|3500~4500|4000|9200|대우증권
에이테크솔루션|2009.03.25~03.26|5000~5800|5400|2700|현대증권
코오롱생명과학|2009.03.17~03.18|19500~23500|23500|16920|삼성증권
네오피델리티|2009.03.12~03.13|4000~5000|4500|2250|한화증권
중국식품포장유한공사|2009.03.04~03.05|2700~3700|1500|9000|굿모닝신한증권
이수앱지스|2009.01.13~01.14|5000~5500|5500|7480|삼성증권
유비쿼스|2009.01.07~01.08|6000~7000|6100|6278|미래에셋증권
대성파인텍|2009.01.07~01.08|4000~4500|3500|1575|현대증권
메디톡스|2008.12.26~12.29|13200~14700|14000|3542|한국투자증권
엠게임|2008.12.01~12.02|11000~13000|10000|3100|미래에셋증권
아이컴포넌트|2008.11.25~11.26|5100~5600|3500|1358|한국투자증권
연합과기공고유한공사|2008.11.18~11.19|4000~5000|2200|13200|대우증권
LG파워콤|2008.11.12~11.13|8500~10000|5700|76380|우리투자증권
에너지솔루션즈|2008.11.04~11.05|5000~6000|3000|2100|현대증권
이크레더블|2008.10.06~10.07|20000~25000|18000|11880|한화증권
심팩에이앤씨|2008.09.22~09.25|18000~20000|12000|62400|동양증권
사이버다임|2008.09.17~09.18|4000~5000|3100|2456|우리투자증권
세운메디칼|2008.09.10~09.11|6000~7000|5600|5600|한화증권
케이제이프리텍|2008.09.02~09.03|5000~6000|3000|3757|교보증권
마이크로컨텍솔루션|2008.09.01~09.02|2400~3100|2000|2000|HMC투자증권
삼강엠앤티|2008.07.10~07.11|8200~10000|6500|12350|신영증권
LG이노텍|2008.07.07~07.08|50000~60000|40500|137700|대우증권
아이엠|2008.07.03~07.04|7700~9100|5000|10000|한국투자증권
코리아에스이|2008.06.26~06.27|6000~7000|5500|5280|동양증권
한텍엔지니어링|2008.06.25~06.26|10200~11500|8500|15300|굿모닝신한증권
슈프리마|2008.06.24~06.25|27100~34000|27100|16260|한국투자증권
명문제약|2008.06.24~06.26|6300~7100|6000|15234|우리투자증권
서울옥션|2008.06.12~06.13|9000~12000|11000|36428|우리투자증권
비유와상징|2008.06.12~06.13|36000~40000|33000|59103|현대증권
이스트소프트|2008.06.11~06.12|9000~12000|9800|4361|한화증권
씨디아이홀딩스|2008.06.09~06.10|30000~33000|33000|16187|삼성증권
윌덱스|2008.06.04~06.05|9100~10300|10000|20000|한국투자증권
쎄트렉아이|2008.05.27~05.28|33500~43000|43000|10062|한국투자증권
브리지텍|2008.05.19~05.20|2700~3100|3100|5541|굿모닝신한
고영테크놀러지|2008.05.16~05.19|10000~11500|11500|12132|한국투자증권
제이씨엔터테인먼트|2008.05.14~05.15|8500~10500|10500|21000|삼성증권
테스|2008.04.28~04.29|33000~38000|34000|28949|하나IB증권
우진비앤지|2008.04.28~-|3600~4100|4000|4800|한국투자증권
세미텍|2008.04.24~04.25|6000~7000|5000|8485|동양증권
엘디티|2008.04.15~-|3700~4300|3800|4770|한국투자증권
예스이십사|2008.04.15~-|6500~7500|6300|21735|동양증권
실리콘화일|2008.04.08~-|9000~12000|6000|9000|현대증권
메타바이오메드|2008.03.25~-|10500~13000|9000|90000|한국투자증권
네패스신소재|2008.03.18~-|6200~6800|4400|2904|우리투자증권
효성오앤비|2008.03.18~-|8500~11000|7500|13500|SK증권
제너시스템즈|2008.03.10~-|5500~6500|3500|6160|한국투자증권
넥실리온|2008.01.16~-|6200~7200|3500|3675|한국투자증권
네오엠텔|2008.01.11~-|13000~14200|8500|7650|삼성증권
텔레필드|2008.01.10~-|11000~13000|5000|5218|굿모닝신한증권
코웰이홀딩스|2008.01.10~-|3000~3500|2000|22400|교보증권
에스맥|2008.01.09~-|7200~8200|3500|5900|한국투자증권
엔케이|2008.01.09~-|11900~15500|10000|32000|한국투자증권
마이스코|2008.01.08~-|25000~30000|18000|39600|교보증권
일신랩|2007.12.07~-|6000~7000|4500|3600|현대증권
쎄믹스|2007.12.06~-|5500~7000|3300|3159|CJ투자증권
서원인텍|2007.12.05~-|7000~8000|6000|15000|교보증권
이씨에스텔레콤|2007.11.30~-|3200~4000|2500|3750|현대증권
대창메탈|2007.11.27~-|9500~11500|6500|19581|미래에셋증권
한전KPS|2007.11.23~-|11000~13300|13300|119700|굿모닝신한증권
미성포리테크|2007.11.22~-|7000~8000|6300|15120|굿모닝신한증권
위즈위드|2007.11.16~-|6500~7500|5200|11658|굿모닝신한증권
성진지오텍|2007.11.13~-|14000~17000|14000|80003|대우증권
화풍방직|2007.11.07~-|5212~5212|5600|33600|대우증권
세실|2007.11.02~-|11000~13000|11000|27500|CJ투자증권
알에프세미|2007.11.01~-|6500~7500|4800|4320|대우증권
디엔에프|2007.10.30~-|18700~21500|12000|9960|한국투자증권
씨모텍|2007.10.26~-|32000~37000|23000|36379|동양증권
제이에스전선|2007.10.26~-|20000~24000|24000|48000|삼성증권
일진정공|2007.10.19~-|5000~5600|5200|9360|신흥증권
쉘라인|2007.10.19~-|18300~20600|17400|50025|삼성증권
비엠티|2007.10.18~-|8500~10000|8000|12000|동양증권
현우산업|2007.10.14~-|7400~9600|6800|9520|대신증권
기신정기|2007.10.11~-|9500~11500|10000|31500|동양증권
이엘케이|2007.10.11~-|10500~12500|10000|24000|한화증권
KSS해운|2007.10.10~-|60000~65000|65000|11303|우리투자증권
이엠코리아|2007.10.09~-|8300~9300|8500|12495|한국투자증권
효성ITX|2007.10.09~-|4000~5150|5000|18650|삼성증권
다믈멀티미디어|2007.10.02~-|5000~6500|4500|5572|미래에셋증권
디아이씨|2007.09.28~-|55000~65000|63000|41326|동양증권
엘지에스|2007.09.21~-|10000~12000|11000|18150|한화증권
에스에너지|2007.09.20~-|17000~19000|19000|16530|한화증권
제이엠텔레콤|2007.09.19~-|5000~6000|5700|11400|대우증권
성우전자|2007.09.18~-|9000~11000|11000|10450|CJ투자증권
오디텍|2007.09.17~-|8300~10300|10000|10000|미래에셋증권
미래나노텍|2007.09.12~-|32000~37000|37000|55500|한국투자증권
상보|2007.09.11~-|12000~15000|15000|19500|한화증권
네오티스|2007.09.11~-|10000~12000|11500|18400|대우증권
에스티엑스팬오션|2007.09.10~-|1270~1270|1720|590125|삼성증권
아이에스시테크놀러지|2007.09.07~-|17000~21000|21000|32340|현대증권
옴니시스템|2007.09.06~-|5500~6500|6500|7359|한국투자증권
바이오톡스텍|2007.09.05~-|4000~5500|5500|4950|한화증권
연이정보통신|2007.09.05~-|3500~4000|4000|13200|교보증권
푸른기술|2007.08.31~-|11000~13000|12500|9375|한국투자증권
웨이브일렉트로닉스|2007.08.29~-|9300~10300|10000|24800|한국투자증권
빅솔론|2007.08.03~-|8000~9000|10000|8560|교보증권
3노드디지탈|2007.07.27~-|1800~2200|2500|21600|신영증권
넥스지|2007.07.24~-|7500~9100|9600|8352|동부증권
에스엔케이폴리텍|2007.07.11~-|6500~7500|8900|15405|키움증권
아구스|2007.07.10~-|11000~13000|14500|17600|미래에셋증권
아로마소프트|2007.07.06~-|7000~7500|8200|10552|교보증권
바로비젼|2007.07.05~-|7000~8500|8900|7420|우리투자증권
에코프로|2007.07.02~-|7000~8000|9000|7700|동양종합
메모리앤테스팅|2007.06.26~-|7000~8000|8000|7000|동양증권
화풍방직국제집단유한공사|2007.06.22~-|4400~6400|0|26400|대우증권
컴투스|2007.06.21~-|8000~10300|12000|12800|한국투자증권
디지텍시스템스|2007.06.12~-|18500~22500|21000|30622|교보증권
삼성카드|2007.06.12~-|40000~45000|48000|48000|한국투자증권
넥스트칩|2007.05.31~-|14500~16200|15700|15080|한국투자증권
엔텔스|2007.05.30~-|9500~10500|10000|7696|한국투자증권
풍강|2007.05.15~-|3600~4100|3700|10660|서울증권
케이프|2007.05.08~-|14500~16500|18000|31500|미래에셋증권
동국제약|2007.05.08~-|11800~14400|14000|25620|삼성증권
상신이디피|2007.05.03~-|6300~7300|7000|7000|대한투자증권
한라레벨|2007.05.03~-|8000~9000|8600|15480|대우증권
에버테크노|2007.05.02~-|4500~5500|5200|10400|미래에셋증권
에프알텍|2007.04.26~-|3000~3800|3300|3828|동양증권
잘만테크|2007.04.26~-|12500~14000|14000|14000|CJ투자증권
이엠텍|2007.04.12~-|7000~8000|7100|4688|하나증권
이트레이드증권|2007.01.25~-|7400~9800|6500|13000|한국투자증권
오스템임플란트|2007.01.18~-|13800~16400|15000|39240|한국투자증권
네오팜|2007.01.10~-|7500~9200|8000|88000|삼성증권
비에이치|2007.01.09~-|5500~6500|4600|5175|대우증권
나노캠텍|2007.01.08~-|7900~8800|7000|7000|한국투자증권
오스코텍|2006.12.28~-|17000~21000|9000|10800|대우증권,신흥증권
켐트로닉스|2006.12.26~-|9000~11000|9500|9215|교보증권
젯텍|2006.12.19~-|6500~8000|7000|5180|미래에셋증권
동아엘텍|2006.12.12~-|5500~6500|6000|6000|교보증권
아비스타|2006.12.08~-|10000~12000|11100|33300|대우증권
디앤티|2006.12.04~-|6000~7000|6200|4960|동양증권
신양엔지니어링|2006.12.04~-|8500~10000|9100|10920|CJ투자증권
펜타마이크로|2006.11.29~-|10000~11000|10200|10209|한화증권
휴온스|2006.11.28~-|8000~9500|9300|11160|한국투자증권
파트론|2006.11.27~-|7500~8500|8300|9296|한국투자증권
한국컴퓨터|2006.11.21~-|20000~25000|23500|12102|교보증권
다사테크|2006.11.17~-|12000~16400|12000|5856|한국투자증권
유니테스트|2006.11.14~-|23000~26000|22000|168225|동양증권
큐에스아이|2006.11.06~-|7500~8500|6800|9316|한국투자증권
에스에이티|2006.11.06~-|5500~6500|5200|4524|키움증권
크레듀|2006.11.01~-|22500~25500|24000|31200|한국투자증권
화신테크|2006.10.27~-|2500~3000|2700|6750|대우증권
주연테크|2006.10.20~-|6000~8000|6400|27520|하나증권
성창에어텍|2006.10.17~-|3300~4000|3400|5440|동양증권
고려반도체시스템|2006.10.13~-|6050~7150|5500|6050|한화증권
넥스턴|2006.10.12~-|3700~4700|4100|7380|동양증권
인천도시가스|2006.10.11~-|18000~22000|19000|22800|한양증권
제이티|2006.10.10~-|2700~3700|2700|3078|한화증권
광진윈텍|2006.09.27~-|2400~2800|2600|6474|신영증권
이녹스|2006.09.26~-|7000~8000|6500|7020|한국투자증권
삼정펄프|2006.09.14~-|28000~32000|29000|11259|서울증권
용현비엠|2006.09.14~-|8000~9000|9000|11700|동양증권
바텍|2006.09.12~-|7000~9000|6700|11457|교보증권
엠디에스테크놀로지|2006.09.06~-|13000~16000|13000|15990|교보증권
현대EP|2006.09.05~-|17200~21000|18500|22200|현대증권
평산|2006.08.01~-|13500~15000|15500|62000|미래에셋증권
엘씨텍|2006.07.20~-|1600~2100|1500|2400|신영증권
지오텔|2006.07.13~-|10000~11000|9800|6762|한국증권
엑스씨이|2006.07.04~-|7500~8500|7500|6000|동양증권
티엘아이|2006.07.04~-|12000~15000|11400|11258|미래에셋증권
젠트로|2006.06.29~-|3000~4000|2200|3300|키움닷컴
한국전자금융|2006.06.26~-|20000~25000|20500|16400|현대증권
트라이콤|2006.06.20~-|6000~7000|4800|4992|굿모닝신한증권
인포뱅크|2006.06.15~-|6000~7000|4600|7424|동양증권
미디어플렉스|2006.06.14~-|23000~29000|24000|45183|한국투자증권
맥스엔지니어링|2006.06.13~-|3500~4500|2900|3549|한화증권
사이버패스|2006.06.13~-|5500~7500|5200|6240|교보증권
온미디어|2006.06.13~-|4500~5500|5200|62400|삼성증권
팬엔터테인먼트|2006.06.12~-|7000~8500|7000|9002|NH투자증권
에이치앤티|2006.06.09~-|7000~9000|6800|13600|교보증권
오엘케이|2006.06.08~-|4400~5700|4000|4000|한국증권
포인트아이|2006.06.08~-|9000~10000|7300|3905|교보증권
동우|2006.05.30~-|3700~4800|3000|20580|대신증권
롯데관광개발|2006.05.17~-|15000~17000|18000|54000|우리투자증권
씨앤비텍|2006.05.17~-|5000~6000|5600|5697|한화증권
제이브이엠|2006.05.15~-|14000~18000|17000|32300|교보증권
팅크웨어|2006.05.03~-|8500~9500|10000|13000|한국투자증권
엔트로피|2006.04.26~-|7000~9000|8500|10328|키움닷컴증권
진바이오텍|2006.04.07~-|4500~6500|5000|7050|한국투자증권
애강|2006.03.22~-|2400~3000|2800|5040|한화증권
미래에셋증권|2006.01.26~-|43000~53000|48000|197520|삼성증권
롯데쇼핑|2006.01.26~-|340000~430000|400000|685714|대우증권
엠비즈네트웍스글로벌|2006.01.16~-|12000~15000|15000|15375|한국투자증권
제우스|2006.01.12~-|13000~18000|13500|38340|교보증권
모건코리아|2006.01.12~-|1300~1700|1600|2880|신영증권
글로벌스탠다드테크놀로지|2006.01.10~-|5000~6000|5800|5461|우리투자증권
모빌탑|2006.01.06~-|9100~12400|12400|6703|한국투자
뉴프렉스|2005.12.28~-|7000~8000|7100|8591|한국투자증권
유진테크|2005.12.27~-|7000~8000|7800|7644|현대증권
오늘과내일|2005.12.27~-|3600~4400|4100|6693|굿모닝신한
크리스탈지노믹스|2005.12.22~-|18000~23000|18000|22680|대우증권
바이로메드|2005.12.19~-|14000~17000|15000|28350|현대증권
바이오니아|2005.12.14~-|6000~11000|11000|22000|대우증권
윈포넷|2005.12.09~-|8000~9000|8600|8539|미래에셋증권
글로비스|2005.12.07~-|19000~21000|21300|159750|대우증권
디오스텍|2005.12.07~-|5000~5700|6200|6324|미래에셋증권
대봉엘에스|2005.12.07~-|3400~4200|4200|5460|한국투자증권
드림씨티방송|2005.12.06~-|39100~47900|0|-|삼성증권
와이엔텍|2005.12.06~-|2300~2700|2700|10098|교보증권
모젬|2005.12.06~-|12000~16000|17000|17350|대투증권
더베이직하우스|2005.12.01~-|9000~11000|11000|44000|대우증권
우진ACT|2005.11.30~-|6000~8000|8300|16600|교보증권
수성|2005.11.30~-|2500~3100|3000|7422|부국증권
엠피씨|2005.11.23~-|3600~4500|4300|7740|교보증권
이노칩테크놀로지|2005.11.17~-|11000~15000|14500|19807|대우증권
범우이엔지|2005.11.15~-|12000~16000|15200|20064|동원증권
제일연마공업|2005.11.15~-|5000~6000|5300|7950|대신증권
아이디에스|2005.11.09~-|13000~16000|13500|27000|교보증권
이엠따블유안테나|2005.11.09~-|9000~11000|11000|12923|한화증권
화우테크놀러지|2005.11.07~-|3100~3700|3700|2220|우리투자증권
자연과환경|2005.11.01~-|3000~4000|3700|3700|하나증권
리바트|2005.10.27~-|10000~12000|11500|14950|우리증권
와토스코리아|2005.10.26~-|6000~9000|7000|9800|sk증권
아이피에스|2005.10.25~-|8000~9000|9000|26369|동양증권
루미마이크로|2005.10.25~-|6000~9000|6600|12804|교보증권
인프라웨어|2005.10.12~-|6000~7000|7300|15929|대우증권
대한제강|2005.10.06~-|15000~18000|17300|24220|삼성증권
성일텔레콤|2005.10.06~-|3600~4000|3600|6704|교보증권
두올산업|2005.10.06~-|1200~1600|1600|2080|메리츠증권
서린바이오사이언스|2005.09.29~-|10000~12000|10000|11212|대신증권
가비아|2005.09.27~-|6000~7500|5600|36232|교보증권
에스에스씨피|2005.09.27~-|6000~8000|7700|26885|미래에셋증권
덕산하이메탈|2005.09.27~-|7500~10000|9000|15480|삼성증권
하나마이크론|2005.09.23~-|6500~8000|7600|16150|대우증권
그린소프트켐|2005.09.22~-|10700~12700|11600|6960|굿모닝신한
아바코|2005.09.21~-|5500~6400|5700|14308|현대증권
엘오티베큠|2005.09.13~-|7000~8500|7700|9940|한투증권
참테크|2005.09.13~-|11000~13000|9700|14162|교보증권
실리샌드|2005.09.13~-|4500~5500|4500|5040|한화증권
이상네트웍스|2005.09.12~-|10000~12000|9500|9500|현대증권
금호타이어|2005.02.03~-|13250~16000|13250(예정)|90100|대신증권
이노와이어리스|2005.01.18~-|11000~14000|13400(확정)|11000|동원증권
동양계전공업|2005.01.15~-|7000~9000|7100(확정)|16520|교보증권
이엠엘에스아이|2005.01.13~-|-|18000(확정)|31800|대우증권
에이디피엔지니어링|2005.01.13~-|10000~10500|10500(확정)|13221|우리증권
서산|2005.01.11~-|-|12000(확정)|1678|미래에셋
에이블씨엔씨|2005.01.11~-|18000~24000|20000(확정)|14774|미래에셋증권
한창산업|2005.01.11~-|2300~2700|2400(확정)|3680|LG투자증권
디이엔티|2005.01.10~-|4200~5000|4000(확정)|7114|대우증권
인터넷엠비씨|2005.01.06~-|4000~4800|3400(확정)|10200|미래에셋
에스엔유프리시젼|2005.01.04~-|25000~29000|27000(확정)|18900|동원증권
인프라밸리|2004.12.28~-|10000~12000|8400(확정)|12820|교보증권
비아이이엠티|2004.12.23~-|3700~4500|3000(확정)|4560|대신증권
손오공|2004.12.17~-|9000~11000|9300|13032|한양증권
아이크래프트|2004.12.15~-|6500~8000|6000|5438|미래에셋증권
메가스터디|2004.11.30~-|19000~23000|18500(확정)|25722|굿모닝신한증권
대주전자재료|2004.11.25~-|3200~4000|3000|5264|한투증권
텔레칩스|2004.11.25~-|5000~6000|4700|8089|대우증권
모빌리언스|2004.11.24~-|6500~8500|4700|7800|교보증권
넥스트인스트루먼트|2004.11.23~-|3200~4100|2800|6480|교보증권
화인에이티씨|2004.11.15~-|2800~3200|2800(예정)|3052|LG투자증권
유니드|2004.11.10~-|14200~17400|14200(예정)|28052|삼성증권
토비스|2004.11.03~-|2600~3300|2200(확정)|4940|브릿지증권
신지소프트|2004.10.12~-|9000~12000|9000(확정)|6300|미래에셋증권
태양기전|2004.10.12~-|16000~21000|14000(확정)|21984|교보증권
디지탈디바이스|2004.10.12~-|3500~4500|3100(확정)|3500|우리증권
모코코|2004.10.12~-|3000~3800|2500(확정)|3990|동원증권
케이이엔지|2004.10.07~-|3000~4000|2700(확정)|7829|동양증권
국일제지|2004.10.06~-|-|15000(확정)|6000|현대증권
디엠에스|2004.09.06~-|-|28400(확정)|36920|한화증권
아이레보|-~-|5000~6500|6300(확정)|10500|교보증권
레인콤|-~-|37000~47000|47000(확정)|48840|현대증권
비트윈|-~-|3500~4500|4000(확정)|4690|미래에셋
텔코웨어|-~-|12000~15500|12000(확정)|33357|삼성증권
다날|-~-|10000~12000|8500(확정)|18400|LG증권
한국경제티브이|-~-|10600~13000|10600(확정)|5151|삼성증권
신성델타테크|-~-|1700~2200|1700(확정)|3298|하나증권
LG필립스엘시디|-~-|37100~52600|34500(확정)|356160|동원증권
동아에스텍|-~-|1800~2100|1800(예정)|5616|동원증권
유니퀘스트|-~-|5500~6500|4000(확정)|19800|LG증권
코아로직|-~-|28000~32000|23000(확정)|26450|미래에셋증권
한서제약|-~-|-|1400(확정)|-|
테스텍|-~-|-|1260|-|대우증권
글로벌에스엠테크리미티드|-~-|2800~3200|3200|-|미래에셋증권
케이탑리츠|-~-|-|5500|16500|한국투자증권
모두투어리츠|-~-|6000~6000|6000|14100|교보증권,케이비투자증권
신한알파리츠|-~-|5000~5000|5000|114000|신한금융투자
대신밸런스스팩10호|-~-|2000~2000|2000|10000|대신증권
