대명에너지|2022/03/16|-|%|-|-%|-|%|예정
지투파워|2022/03/14|-|%|-|-%|-|%|예정
브이씨|2022/02/24|-|%|-|-%|-|%|예정
바이오에프디엔씨|2022/02/21|-|%|28000|-%|-|%|예정
한국스팩10호|2022/02/21|-|%|2000|-%|-|%|예정
인카금융서비스|2022/02/16|-|%|18000|-%|-|%|예정
나래나노텍|2022/02/08|-|%|17500|-%|-|%|예정
아셈스|2022/02/07|-|%|8000|-%|-|%|예정
스코넥엔터테인먼트|2022/02/04|34000|0.00%|13000|161.54%|-|%|예정
이지트로닉스|2022/02/04|40000|0.00%|22000|81.82%|-|%|예정
LG에너지솔루션|2022/01/27|450000|-10.89%|300000|50%|597000|99%|505000
애드바이오텍|2022/01/24|5190|-0.38%|7000|-25.86%|6730|-3.86%|5950
케이옥션|2022/01/24|33350|-13.60%|20000|66.75%|40000|100%|52000
오토앤|2022/01/20|16850|-16.58%|5300|217.92%|8800|66.04%|11400
디비금융스팩10호|2022/01/20|2110|0.48%|2000|5.5%|2075|3.75%|2115
래몽래인|2021/12/30|15150|2.71%|15000|1%|26000|73.33%|24000
하나금융스팩20호|2021/12/27|2620|-2.60%|2000|31%|2130|6.5%|2135
NH스팩22호|2021/12/24|2110|0.72%|2000|5.5%|2090|4.5%|2085
하이스팩7호|2021/12/20|2100|0.00%|2000|5%|2060|3%|2085
교보스팩11호|2021/12/20|2125|0.00%|2000|6.25%|2065|3.25%|2095
케이티비네트워크|2021/12/16|4190|-0.24%|5800|-27.76%|6030|3.97%|5350
신한서부티엔디리츠|2021/12/10|4740|0.74%|5000|-5.2%|4805|-3.9%|4915
툴젠|2021/12/10|64100|-0.93%|70000|-8.43%|82300|17.57%|91100
미래에셋글로벌리츠|2021/12/03|5490|1.29%|5000|9.8%|5310|6.2%|5230
대신밸런스스팩11호|2021/12/02|2095|0.00%|2000|4.75%|2060|3%|2070
마인즈랩|2021/11/23|24550|1.03%|30000|-18.17%|29650|-1.17%|38000
알비더블유|2021/11/22|20400|2.77%|21400|-4.67%|42800|100%|38950
바이옵트로|2021/11/18|10100|5.21%|7500|34.67%|7300|-2.67%|6290
NH올원리츠|2021/11/18|5060|0.40%|5000|1.2%|5490|9.8%|5370
트윔|2021/11/17|21800|1.87%|22000|-0.91%|44000|100%|41100
지오엘리먼트|2021/11/11|24400|5.86%|10000|144%|20000|100%|15900
아이티아이즈|2021/11/11|17250|4.55%|14300|20.63%|28600|100%|20050
비트나인|2021/11/10|14600|5.04%|11000|32.73%|15250|38.64%|11400
디어유|2021/11/10|49750|-1.68%|26000|91.35%|52000|100%|66500
지니너스|2021/11/08|10700|0.47%|20000|-46.5%|18000|-10%|13400
카카오페이|2021/11/03|126000|-1.56%|90000|40%|180000|100%|193000
피코그램|2021/11/03|16300|3.16%|12500|30.4%|25000|100%|18600
엔켐|2021/11/01|95400|1.71%|42000|127.14%|81600|94.29%|80000
리파인|2021/10/29|12100|0.83%|21000|-42.38%|18900|-10%|14300
지앤비에스엔지니어링|2021/10/29|20450|-1.68%|17400|17.53%|24000|37.93%|19200
아이패밀리에스씨|2021/10/28|17000|1.19%|25000|-32%|28650|14.6%|25400
차백신연구소|2021/10/22|8440|2.68%|11000|-23.27%|11700|6.36%|13000
지아이텍|2021/10/21|21150|-5.16%|14000|51.07%|28000|100%|36400
NH스팩21호|2021/10/15|2305|0.00%|2000|15.25%|2075|3.75%|2075
케이카|2021/10/13|27650|3.36%|25000|10.6%|22500|-10%|23000
씨유테크|2021/10/08|6800|2.10%|6000|13.33%|12000|100%|8400
원준|2021/10/07|99700|-7.08%|65000|53.38%|102000|56.92%|87000
하나금융스팩19호|2021/10/07|2100|0.24%|2000|5%|2045|2.25%|2045
아스플로|2021/10/07|21050|4.47%|25000|-15.8%|36000|44%|28350
NH스팩20호|2021/10/05|2075|0.24%|2000|3.75%|2030|1.5%|2050
에스앤디|2021/09/29|17750|2.60%|28000|-36.61%|25200|-10%|21700
실리콘투|2021/09/29|18000|0.28%|27200|-33.82%|38500|41.54%|29000
프롬바이오|2021/09/28|9190|3.14%|18000|-48.94%|19250|6.94%|19850
신한스팩8호|2021/09/27|2090|0.00%|2000|4.5%|2100|5%|2080
바이오플러스|2021/09/27|21150|-2.08%|31500|-32.86%|39500|25.4%|32450
대신밸런스스팩10호|2021/09/17|2130|-1.39%|2000|6.5%|2305|15.25%|2220
현대중공업|2021/09/17|99300|6.32%|60000|65.5%|111000|85%|111500
SK리츠|2021/09/14|6060|0.17%|5000|21.2%|5340|6.8%|5780
유진스팩7호|2021/09/13|2120|0.71%|2000|6%|4000|100%|2800
와이엠텍|2021/09/10|35050|-3.18%|28000|25.18%|56000|100%|59000
에이비온|2021/09/08|10200|0.49%|17000|-40%|16800|-1.18%|15700
IBKS스팩16호|2021/09/03|2145|0.47%|2000|7.25%|4000|100%|2475
일진하이솔루스|2021/09/01|39500|1.15%|34300|15.16%|68600|100%|89100
디앤디플랫폼리츠|2021/08/27|5210|0.58%|5000|4.2%|5390|7.8%|5290
바이젠셀|2021/08/25|24700|3.35%|52700|-53.13%|73500|39.47%|59500
아주스틸|2021/08/20|16450|1.23%|15100|8.94%|30200|100%|33500
브레인즈컴퍼니|2021/08/19|23850|0.00%|25000|-4.6%|50000|100%|65000
롯데렌탈|2021/08/19|31400|0.80%|59000|-46.78%|57500|-2.54%|55500
딥노이드|2021/08/17|14300|4.76%|42000|-65.95%|72000|71.43%|50400
한컴라이프케어|2021/08/17|6710|3.07%|13700|-51.02%|16050|17.15%|12800
엠로|2021/08/13|18300|-1.08%|22600|-19.03%|32700|44.69%|28300
플래티어|2021/08/12|16150|0.31%|11000|46.82%|22000|100%|28600
원티드랩|2021/08/11|30000|5.82%|35000|-14.29%|70000|100%|91000
크래프톤|2021/08/10|274500|3.98%|498000|-44.88%|448500|-9.94%|454000
에이치케이이노엔|2021/08/09|39950|3.23%|59000|-32.29%|68100|15.42%|68500
카카오뱅크|2021/08/06|41000|3.40%|39000|5.13%|53700|37.69%|69800
한화플러스스팩2호|2021/08/05|2170|-0.23%|2000|8.5%|4000|100%|-
에브리봇|2021/07/28|34900|8.55%|36700|-4.9%|33050|-9.95%|30300
맥스트|2021/07/27|42400|-0.35%|15000|182.67%|30000|100%|39000
큐라클|2021/07/22|16100|6.98%|25000|-35.6%|36500|46%|30650
에스디바이오센서|2021/07/16|60500|10.00%|52000|16.35%|57000|9.62%|61000
오비고|2021/07/13|14350|0.35%|14300|0.35%|19200|34.27%|20700
아모센스|2021/06/25|17750|5.97%|12400|43.15%|12250|-1.21%|15900
이노뎁|2021/06/18|18900|-1.31%|18000|5%|22200|23.33%|18050
삼성머스트스팩5호|2021/06/17|3010|1.86%|2000|50.5%|4000|100%|5200
라온테크|2021/06/17|38000|5.41%|18000|111.11%|20250|12.5%|20500
엘비루셈|2021/06/11|11250|2.27%|14000|-19.64%|18000|28.57%|15200
에이디엠코리아|2021/06/03|6340|0.96%|3800|66.84%|7600|100%|9880
제주맥주|2021/05/26|2050|3.54%|3200|-35.94%|4780|49.38%|4900
진시스템|2021/05/26|10350|8.83%|20000|-48.25%|19100|-4.5%|17400
삼영에스앤씨|2021/05/21|10150|1.00%|11000|-7.73%|22000|100%|28600
삼성스팩4호|2021/05/21|4430|1.72%|2000|121.5%|2070|3.5%|2105
NH스팩19호|2021/05/21|2090|0.24%|2000|4.5%|2075|3.75%|2100
샘씨엔에스|2021/05/20|6200|2.99%|6500|-4.62%|6400|-1.54%|8320
씨앤씨인터내셔널|2021/05/17|15900|2.91%|47500|-66.53%|47250|-0.53%|41150
에이치피오|2021/05/14|11050|4.25%|22200|-50.23%|20000|-9.91%|16750
SK아이이테크놀로지|2021/05/11|115000|-9.45%|105000|9.52%|210000|100%|154500
하이스팩6호|2021/05/10|2105|0.24%|2000|5.25%|2060|3%|2065
쿠콘|2021/04/28|52800|1.93%|45000|17.33%|80000|77.78%|65500
해성티피씨|2021/04/21|8500|5.99%|13000|-34.62%|26000|100%|33800
이삭엔지니어링|2021/04/21|11400|1.33%|11500|-0.87%|23000|100%|26150
유진스팩6호|2021/04/08|2165|0.23%|2000|8.25%|2050|2.5%|2045
유안타스팩8호|2021/04/05|2105|0.48%|2000|5.25%|2030|1.5%|2030
엔시스|2021/04/01|19650|-0.25%|19000|3.42%|38000|100%|31400
자이언트스텝|2021/03/24|45550|4.71%|11000|314.09%|22000|100%|28600
제노코|2021/03/24|22400|4.43%|36000|-37.78%|65000|80.56%|80100
라이프시맨틱스|2021/03/23|8950|7.19%|12500|-28.4%|25000|100%|17500
SK바이오사이언스|2021/03/18|165000|2.48%|65000|153.85%|130000|100%|169000
바이오다인|2021/03/17|30600|1.16%|30000|2%|40000|33.33%|42600
네오이뮨텍|2021/03/16|6950|4.98%|7500|-7.33%|15000|100%|14350
디비금융스팩9호|2021/03/16|2105|0.24%|2000|5.25%|2025|1.25%|2020
프레스티지바이오로직스|2021/03/11|7870|-0.13%|12400|-36.53%|12100|-2.42%|14300
싸이버원|2021/03/11|12200|12.44%|9500|28.42%|18000|89.47%|21200
나노씨엠에스|2021/03/09|61000|2.52%|20000|205%|33000|65%|23950
하나머스트스팩7호|2021/03/05|2120|-0.47%|2000|6%|2055|2.75%|2050
뷰노|2021/02/26|12350|3.35%|21000|-41.19%|32900|56.67%|32150
IBKS스팩15호|2021/02/26|2555|7.13%|2000|27.75%|2060|3%|2070
유일에너테크|2021/02/25|20450|-0.49%|16000|27.81%|32000|100%|34500
씨이랩|2021/02/24|23100|5.72%|35000|-34%|46600|33.14%|40800
오로스테크놀로지|2021/02/24|25300|7.66%|21000|20.48%|42000|100%|54600
피엔에이치테크|2021/02/16|28000|2.38%|18000|55.56%|20500|13.89%|23850
하나금융스팩17호|2021/02/10|2810|0.00%|2000|40.5%|2045|2.25%|2050
프레스티지바이오파마|2021/02/05|16100|-0.62%|32000|-49.69%|28800|-10%|32800
아이퀘스트|2021/02/05|9720|2.64%|11000|-11.64%|22000|100%|20000
신한스팩7호|2021/02/04|2080|0.24%|2000|4%|2020|1%|2030
와이더플래닛|2021/02/03|16250|0.31%|16000|1.56%|24900|55.63%|20000
레인보우로보틱스|2021/02/03|21750|3.33%|10000|117.5%|20000|100%|26000
솔루엠|2021/02/02|22700|1.34%|17000|33.53%|34000|100%|29150
핑거|2021/01/29|19350|6.32%|16000|20.94%|32000|100%|29100
씨앤투스성진|2021/01/28|5980|2.57%|32000|-81.31%|31700|-0.94%|28700
모비릭스|2021/01/28|17650|3.22%|14000|26.07%|28000|100%|36400
선진뷰티사이언스|2021/01/27|12700|2.42%|11500|10.43%|23000|100%|29900
엔비티|2021/01/21|17850|1.42%|19000|-6.05%|38000|100%|36500
한국스팩9호|2021/01/21|2910|0.00%|2000|45.5%|2020|1%|2030
유안타스팩7호|2020/12/28|2175|2.11%|2000|8.75%|2010|0.5%|2005
지놈앤컴퍼니|2020/12/23|28800|2.86%|40000|-28%|80000|100%|68800
대신밸런스스팩9호|2020/12/23|4395|4.39%|2000|119.75%|2020|1%|2050
석경에이티|2020/12/23|14300|5.54%|10000|43%|20000|100%|26000
이에스알켄달스퀘어리츠|2020/12/23|5820|0.17%|5000|16.4%|4970|-0.6%|5190
프리시젼바이오|2020/12/22|10300|9.57%|12500|-17.6%|25000|100%|32500
알체라|2020/12/21|26450|2.92%|10000|164.5%|20000|100%|26000
엔에이치스팩18호|2020/12/21|2120|0.71%|2000|6%|2025|1.25%|2025
에프앤가이드|2020/12/17|10000|0.70%|7000|42.86%|14000|100%|12850
에이치엠씨아이비스팩5호|2020/12/16|2085|0.00%|2000|4.25%|2000|0%|-
티엘비|2020/12/14|34400|4.72%|38000|-9.47%|75900|99.74%|54500
인바이오|2020/12/11|7000|1.45%|5800|20.69%|11600|100%|12200
엔젠바이오|2020/12/10|11550|10.00%|14000|-17.5%|28000|100%|25650
퀀타매트릭스|2020/12/09|8060|4.00%|25500|-68.39%|25050|-1.76%|24100
디비금융스팩8호|2020/12/09|2125|0.00%|2000|6.25%|1985|-0.75%|1985
명신산업|2020/12/07|23950|1.05%|6500|268.46%|13000|100%|16900
클리노믹스|2020/12/04|11100|3.74%|13900|-20.14%|18500|33.09%|19000
포인트모바일|2020/12/03|16550|1.53%|15000|10.33%|30000|100%|30550
엔에프씨|2020/12/02|11300|2.73%|13400|-15.67%|20700|54.48%|16950
앱코|2020/12/02|14050|-0.35%|24300|-42.18%|30150|24.07%|28900
제일전기공업|2020/11/26|15000|3.45%|17000|-11.76%|34000|100%|28650
하나기술|2020/11/25|64500|-0.31%|35000|84.29%|70000|100%|91000
티앤엘|2020/11/20|39400|4.23%|36000|9.44%|72000|100%|54000
에이플러스에셋어드바이저|2020/11/20|7820|3.30%|7500|4.27%|8100|8%|6880
고바이오랩|2020/11/18|17600|2.03%|15000|17.33%|30000|100%|31300
네패스아크|2020/11/17|45950|4.91%|26500|73.4%|36200|36.6%|38700
교촌에프앤비|2020/11/12|13400|0.75%|12300|8.94%|23850|93.9%|31000
소룩스|2020/11/06|11950|0.00%|10000|19.5%|20000|100%|26000
위드텍|2020/10/30|16350|4.81%|25000|-34.6%|37100|48.4%|41100
센코|2020/10/29|14300|2.14%|13000|10%|13350|2.69%|15250
바이브컴퍼니|2020/10/28|49850|6.40%|28000|78.04%|40000|42.86%|31300
미코바이오메드|2020/10/22|8140|14.81%|15000|-45.73%|16100|7.33%|13700
피플바이오|2020/10/19|11150|5.19%|20000|-44.25%|18000|-10%|23400
하이브(구.빅히트)|2020/10/15|237000|-1.86%|135000|75.56%|270000|100%|258000
넥스틴|2020/10/08|60800|5.56%|75400|-19.36%|71100|-5.7%|71600
원방테크|2020/09/24|12800|1.19%|54300|-76.43%|48900|-9.94%|43700
엔에이치스팩17호|2020/09/23|1865|2.19%|2000|-6.75%|2005|0.25%|1995
비나텍|2020/09/23|37850|1.61%|33000|14.7%|44000|33.33%|40750
박셀바이오|2020/09/22|34250|7.20%|30000|14.17%|27000|-10%|21300
비비씨|2020/09/21|12600|0.00%|30700|-58.96%|27650|-9.93%|22300
교보스팩10호|2020/09/18|2115|0.24%|2000|5.75%|2020|1%|2005
핌스|2020/09/18|29300|7.72%|19000|54.21%|21000|10.53%|18300
압타머사이언스|2020/09/16|12600|7.69%|25000|-49.6%|28850|15.4%|27750
이오플로우|2020/09/14|22200|8.29%|19000|16.84%|21750|14.47%|20000
카카오게임즈|2020/09/10|65700|0.00%|24000|173.75%|48000|100%|62400
피엔케이피부임상연구센타|2020/09/09|16550|0.30%|18300|-9.56%|28000|53.01%|26800
코람코에너지플러스리츠|2020/08/31|6230|-0.32%|5000|24.6%|4800|-4%|4735
미래에셋대우스팩5호|2020/08/28|2125|1.67%|2000|6.25%|2000|0%|2010
아이디피|2020/08/24|7750|0.13%|9800|-20.92%|13200|34.69%|12500
셀레믹스|2020/08/21|11200|4.67%|20000|-44%|24900|24.5%|25800
미투젠|2020/08/18|18500|3.06%|27000|-31.48%|29100|7.78%|25500
브랜드엑스코퍼레이션|2020/08/13|8110|-2.05%|13000|-37.62%|12900|-0.77%|11700
영림원소프트랩|2020/08/12|9920|3.33%|11500|-13.74%|17600|53.04%|13650
한국파마|2020/08/10|36200|7.42%|9000|302.22%|18000|100%|16850
제이알글로벌리츠|2020/08/07|5230|0.77%|5000|4.6%|4700|-6%|4825
이루다|2020/08/06|9660|2.77%|9000|7.33%|18000|100%|17650
이지스레지던스리츠|2020/08/05|5170|0.78%|5000|3.4%|4500|-10%|4190
미래에셋맵스리츠1호|2020/08/05|4810|0.73%|5000|-3.8%|4500|-10%|4350
와이팜|2020/07/31|6080|11.15%|11000|-44.73%|15550|41.36%|18800
이엔드디|2020/07/30|24100|0.00%|14400|67.36%|18200|26.39%|21000
엠투아이|2020/07/29|9990|4.61%|15600|-35.96%|18850|20.83%|15900
에이치엠씨아이비스팩4호|2020/07/29|2080|0.24%|2000|4%|2010|0.5%|2000
더네이쳐홀딩스|2020/07/27|27550|0.92%|46000|-40.11%|41400|-10%|43000
제놀루션|2020/07/24|13700|9.16%|14000|-2.14%|28000|100%|24750
솔트룩스|2020/07/23|16000|3.56%|25000|-36%|40000|60%|34300
하나금융스팩16호|2020/07/23|2130|0.71%|2000|6.5%|2020|1%|2020
티에스아이|2020/07/22|11850|1.28%|10000|18.5%|20000|100%|17200
이지스밸류플러스리츠|2020/07/16|5620|-0.53%|5000|12.4%|4800|-4%|4410
에이프로|2020/07/16|32950|-1.49%|21600|52.55%|43200|100%|56100
IBKS스팩13호|2020/07/15|2125|0.00%|2000|6.25%|2010|0.5%|2010
소마젠|2020/07/13|7040|5.55%|11000|-36%|11650|5.91%|15100
신도기연|2020/07/06|14400|2.13%|16000|-10%|32000|100%|22400
위더스제약|2020/07/03|9720|6.58%|15900|-38.87%|31800|100%|34400
SK바이오팜|2020/07/02|75800|3.55%|49000|54.69%|98000|100%|127000
마크로밀엠브레인|2020/07/01|8620|3.86%|6800|26.76%|13600|100%|16050
젠큐릭스|2020/06/25|14600|0.00%|22700|-35.68%|25100|10.57%|21650
IBKS스팩14호|2020/06/22|5140|1.58%|2000|157%|2010|0.5%|2010
엘이티|2020/06/22|19550|12.03%|7800|150.64%|15600|100%|20250
에스씨엠생명과학|2020/06/17|15000|9.89%|17000|-11.76%|29500|73.53%|36100
엔에이치스팩16호|2020/06/17|1725|0.29%|2000|-13.75%|2005|0.25%|2005
드림씨아이에스|2020/05/22|10400|0.48%|14900|-30.2%|28000|87.92%|30500
이베스트스팩5호|2020/05/20|2095|0.72%|2000|4.75%|2000|0%|2000
케이프이에스스팩4호|2020/03/24|2070|0.49%|2000|3.5%|2005|0.25%|1980
엔피디|2020/03/16|2800|2.75%|5400|-48.15%|4860|-10%|3775
플레이디|2020/03/12|6400|3.90%|8500|-24.71%|11250|32.35%|8800
에스케이스팩6호|2020/03/11|2065|-0.48%|2000|3.25%|2025|1.25%|2010
서울바이오시스|2020/03/06|11650|3.56%|7500|55.33%|13000|73.33%|11100
제이앤티씨|2020/03/04|6740|4.82%|11000|-38.73%|10200|-7.27%|10350
켄코아에어로스페이스|2020/03/03|11950|5.29%|10000|19.5%|11500|15%|10250
레몬|2020/02/28|4545|3.65%|7200|-36.88%|8620|19.72%|10400
서남|2020/02/20|3295|0.76%|3100|6.29%|3900|25.81%|4750
신영스팩6호|2020/02/12|2110|0.00%|2000|5.5%|2000|0%|2010
위세아이텍|2020/02/10|15000|1.01%|12000|25%|13900|15.83%|12400
하나금융스팩15호|2020/01/30|2130|1.19%|2000|6.5%|2000|0%|2000
케이비스팩20호|2020/01/30|2060|0.49%|2000|3%|2000|0%|2000
한화플러스스팩1호|2019/12/27|2265|2.03%|2000|13.25%|2005|0.25%|2000
피피아이|2019/12/26|3915|1.16%|7000|-44.07%|11000|57.14%|9630
천랩|2019/12/26|41500|7.93%|40000|3.75%|42950|7.38%|38500
엔에이치스팩15호|2019/12/24|3145|2.28%|2000|57.25%|2000|0%|2000
메탈라이프|2019/12/24|13300|9.02%|13000|2.31%|26000|100%|33800
하이스팩5호|2019/12/23|2355|0.00%|2000|17.75%|2000|0%|2005
브릿지바이오테라퓨틱스|2019/12/20|11200|4.67%|60000|-81.33%|62400|4%|54300
메드팩토|2019/12/19|34800|8.41%|40000|-13%|40000|0%|35900
대신밸런스스팩8호|2019/12/19|2675|0.00%|2000|33.75%|2005|0.25%|2005
유안타스팩6호|2019/12/19|1910|2.69%|2000|-4.5%|2005|0.25%|2000
신테카바이오|2019/12/17|14150|4.04%|12000|17.92%|14950|24.58%|16700
제이엘케이인스펙션|2019/12/11|7130|3.48%|9000|-20.78%|8500|-5.56%|9000
태웅로직스|2019/12/10|7690|5.78%|4500|70.89%|8170|81.56%|6110
IBKS스팩12호|2019/12/09|2135|0.71%|2000|6.75%|2040|2%|2050
리메드|2019/12/06|20300|4.10%|13000|56.15%|14100|8.46%|13450
에스케이스팩5호|2019/12/05|2055|-0.24%|2000|2.75%|2010|0.5%|2010
엔에이치프라임리츠|2019/12/05|4590|0.55%|5000|-8.2%|5000|0%|6500
IBKS스팩11호|2019/12/03|2160|2.61%|2000|8%|2005|0.25%|2010
코리아센터|2019/11/29|6100|5.17%|18000|-66.11%|23000|27.78%|22850
유안타스팩5호|2019/11/28|3045|3.05%|2000|52.25%|2145|7.25%|2010
노터스|2019/11/27|25500|0.59%|20000|27.5%|29750|48.75%|36500
센트랄모텍|2019/11/25|19400|2.11%|6000|223.33%|7650|27.5%|9940
티움바이오|2019/11/22|16600|6.07%|12000|38.33%|11800|-1.67%|13450
씨에스베어링|2019/11/21|12750|3.66%|8400|51.79%|8400|0%|8950
코리아에셋투자증권|2019/11/20|10250|1.49%|10000|2.5%|9900|-1%|8290
우양|2019/11/20|5480|3.01%|4200|30.48%|6060|44.29%|4785
현대에너지솔루션|2019/11/19|21200|0.24%|18000|17.78%|18200|1.11%|17300
에스제이그룹|2019/11/18|20800|2.46%|38600|-46.11%|43500|12.69%|46400
제테마|2019/11/14|17800|2.89%|21000|-15.24%|20100|-4.29%|22450
한화시스템|2019/11/13|14700|2.80%|12250|20%|11600|-5.31%|11100
라파스|2019/11/11|29950|10.11%|20000|49.75%|19950|-0.25%|18050
아이티엠반도체|2019/11/07|38700|1.18%|26000|48.85%|26750|2.88%|24700
자이에스앤디|2019/11/06|9380|4.22%|5200|80.38%|6650|27.88%|6120
미래에셋대우스팩4호|2019/11/06|-|%|2000|%|2000|0%|2000
미디어젠|2019/11/05|12200|4.72%|10600|15.09%|11250|6.13%|9150
하나금융스팩14호|2019/11/01|-|%|2000|%|2000|0%|2005
신한스팩6호|2019/10/31|-|%|2000|%|2010|0.5%|2010
티라유텍|2019/10/31|13200|-0.38%|12050|9.54%|24100|100%|20650
롯데리츠|2019/10/30|5180|0.78%|5000|3.6%|5000|0%|6500
지누스|2019/10/30|66600|6.05%|70000|-4.86%|73500|5%|83000
교보스팩9호|2019/10/29|-|%|2000|%|2010|0.5%|2010
캐리소프트|2019/10/29|11100|-0.45%|9000|23.33%|12100|34.44%|13850
케이엔제이|2019/10/25|14100|2.17%|11000|28.18%|15700|42.73%|14900
엔바이오니아|2019/10/24|12200|5.63%|8200|48.78%|10700|30.49%|12100
팜스빌|2019/10/22|16650|0.60%|14000|18.93%|16800|20%|14350
라온피플|2019/10/18|13900|3.35%|14000|-0.71%|13300|-5%|15550
아톤|2019/10/17|36450|2.39%|43000|-15.23%|46050|7.09%|42850
녹십자웰빙|2019/10/14|8780|2.09%|11300|-22.3%|11900|5.31%|12500
대신밸런스스팩7호|2019/10/11|-|%|2000|%|2025|1.25%|2025
유진스팩5호|2019/10/02|-|%|2000|%|2045|2.25%|2045
케이비스팩19호|2019/09/30|-|%|2000|%|2045|2.25%|2050
올리패스|2019/09/20|7460|1.08%|20000|-62.7%|30600|53%|24800
라닉스|2019/09/18|8150|3.03%|6000|35.83%|7100|18.33%|8090
하나금융스팩13호|2019/09/18|-|%|2000|%|2040|2%|2070
한독크린텍|2019/09/05|10400|2.46%|15100|-31.13%|24500|62.25%|19250
상상인이안스팩2호|2019/08/30|-|%|2000|%|2150|7.5%|2035
네오크레마|2019/08/22|21150|3.93%|8000|164.38%|9530|19.13%|8370
미래에셋대우스팩3호|2019/08/20|-|%|2000|%|2120|6%|-
마니커에프앤지|2019/08/20|4110|2.24%|4000|2.75%|8000|100%|6950
나노브릭|2019/08/19|2925|2.81%|16000|-81.72%|14400|-10%|14800
에스피시스템스|2019/08/14|8400|5.00%|4900|71.43%|9800|100%|12700
레이|2019/08/08|24400|4.27%|20000|22%|25150|25.75%|24750
그린플러스|2019/08/07|14500|5.84%|10000|45%|11150|11.5%|10700
코윈테크|2019/08/05|29450|-2.81%|34500|-14.64%|31050|-10%|21750
덕산테코피아|2019/08/02|29300|-3.30%|19000|54.21%|17100|-10%|15600
슈프리마아이디|2019/08/01|15700|5.02%|27000|-41.85%|34750|28.7%|28000
한국바이오젠|2019/08/01|8410|2.69%|6000|40.17%|12000|100%|13200
세경하이테크|2019/07/30|24550|5.36%|35000|-29.86%|33250|-5%|33350
윌링스|2019/07/25|20700|8.38%|12500|65.6%|22800|82.4%|29600
대모(구.대모엔지니어링)|2019/07/24|4905|3.92%|5200|-5.67%|8710|67.5%|11300
에이스토리|2019/07/19|25550|5.58%|14300|78.67%|12900|-9.79%|-
플리토|2019/07/17|39800|4.60%|26000|53.08%|31600|21.54%|27800
이베스트이안스팩1호|2019/07/15|-|%|2000|%|3040|52%|-
세틀뱅크|2019/07/12|26900|4.47%|55000|-51.09%|49500|-10%|51600
아이스크림에듀|2019/07/11|6260|2.79%|15900|-60.63%|14350|-9.75%|11700
펌텍코리아|2019/07/04|16000|0.95%|190000|-91.58%|171000|-10%|152300
에이에프더블류|2019/07/01|6130|1.66%|22500|-72.76%|28000|24.44%|21750
신영스팩5호|2019/06/24|-|%|2000|%|4000|100%|3740
케이비스팩18호|2019/06/24|-|%|2000|%|2300|15%|2990
신한스팩5호|2019/06/19|-|%|2000|%|3860|93%|2805
압타바이오|2019/06/12|26900|8.03%|30000|-10.33%|50200|67.33%|38900
까스텔바쟉|2019/06/10|9120|6.54%|12000|-24%|17000|41.67%|19250
마이크로디지탈|2019/06/05|15450|9.57%|23000|-32.83%|41050|78.48%|39100
유진스팩4호|2019/05/31|-|%|2000|%|2500|25%|3250
디비금융스팩7호|2019/05/31|-|%|2000|%|2080|4%|2700
수젠텍|2019/05/28|19200|26.32%|12000|60%|11150|-7.08%|10150
컴퍼니케이파트너스|2019/05/23|8370|-2.33%|4500|86%|8200|82.22%|10650
엔에이치스팩14호|2019/05/08|-|%|2000|%|2115|5.75%|2030
에스앤케이|2019/05/07|36950|0.00%|40400|-8.54%|36400|-9.9%|33650
한화에스비아이스팩|2019/05/03|-|%|2000|%|2005|0.25%|2655
하이스팩4호|2019/04/29|-|%|2000|%|2005|0.25%|2015
아모그린텍|2019/03/29|10200|2.00%|9900|3.03%|10300|4.04%|10200
현대오토에버|2019/03/28|130000|4.84%|48000|170.83%|75500|57.29%|88700
지노믹트리|2019/03/27|11800|2.16%|27000|-56.3%|29450|9.07%|27300
케이비스팩17호|2019/03/27|-|%|2000|%|1995|-0.25%|2000
이지케어텍|2019/03/22|36500|4.29%|12300|196.75%|24600|100%|31950
유안타스팩4호|2019/03/21|-|%|2000|%|2005|0.25%|2000
미래에셋벤처투자|2019/03/15|7830|0.77%|4500|74%|6150|36.67%|5310
드림텍|2019/03/14|9820|3.70%|13000|-24.46%|17350|33.46%|15400
에코프로비엠|2019/03/05|328300|0.67%|48000|583.96%|61100|27.29%|63200
셀리드|2019/02/20|-|%|33000|%|43750|32.58%|51100
천보|2019/02/11|256800|-2.17%|40000|542%|52500|31.25%|47650
이노테라피|2019/02/01|11350|5.09%|18000|-36.94%|22200|23.33%|19350
노랑풍선|2019/01/30|-|%|20000|%|30350|51.75%|34150
웹케시|2019/01/25|23650|0.00%|26000|-9.04%|31700|21.92%|28500
에어부산|2018/12/27|-|%|3600|%|4020|11.67%|5220
비피도|2018/12/26|8510|3.28%|18000|-52.72%|36000|100%|36500
키움스팩5호|2018/12/26|-|%|2000|%|2000|0%|2010
엔에이치스팩13호|2018/12/24|-|%|2000|%|2000|0%|2010
유틸렉스|2018/12/24|19100|4.37%|50000|-61.8%|60100|20.2%|78100
신영스팩4호|2018/12/21|-|%|2000|%|2005|0.25%|2005
미래에셋대우스팩2호|2018/12/21|-|%|2000|%|2015|0.75%|2010
디케이티|2018/12/21|-|%|7400|%|12900|74.32%|10550
한국스팩8호|2018/12/20|-|%|2000|%|2005|0.25%|2005
삼성머스트스팩3호|2018/12/20|-|%|2000|%|2005|0.25%|2000
위지윅스튜디오|2018/12/20|-|%|11000|%|11250|2.27%|9350
대신밸런스스팩6호|2018/12/19|-|%|2000|%|2005|0.25%|2000
에이비엘바이오|2018/12/19|28050|1.45%|15000|87%|13500|-10%|13650
머큐리|2018/12/14|-|%|6100|%|9630|57.87%|7800
전진바이오팜|2018/12/14|5300|4.33%|10000|-47%|11550|15.5%|12750
뉴트리|2018/12/13|-|%|14500|%|13050|-10%|13900
골든브릿지이안스팩5호|2018/12/12|-|%|2000|%|2000|0%|1995
이노메트리|2018/12/12|-|%|26000|%|40000|53.85%|29550
대유에이피|2018/12/07|-|%|3000|%|6000|100%|4935
에스케이에이씨피씨스팩4호|2018/12/07|-|%|2000|%|2020|1%|2010
에코캡|2018/12/05|-|%|4200|%|4100|-2.38%|5330
교보스팩8호|2018/12/05|-|%|2000|%|2020|1%|2015
베스파|2018/12/03|-|%|35000|%|33400|-4.57%|30000
윙입푸드|2018/11/30|-|%|2000|%|1800|-10%|2340
하나머스트스팩6호|2018/11/30|-|%|2000|%|2020|1%|2030
남화산업|2018/11/29|-|%|3700|%|5610|51.62%|7290
엠아이텍|2018/11/29|-|%|4500|%|4050|-10%|4770
티로보틱스|2018/11/29|8110|3.05%|16000|-49.31%|14400|-10%|13050
티앤알바이오팹|2018/11/28|37700|1.62%|18000|109.44%|16200|-10%|12500
네오펙트|2018/11/28|2985|4.37%|11000|-72.86%|9900|-10%|7700
아시아나IDT|2018/11/23|16150|3.53%|15000|7.67%|14300|-4.67%|12450
디알젬|2018/11/22|-|%|6500|%|8470|30.31%|6760
싸이토젠|2018/11/22|60000|1.35%|17000|252.94%|17800|4.71%|15600
파멥신|2018/11/21|5640|6.42%|60000|-90.6%|58100|-3.17%|63600
아주IB투자|2018/11/21|-|%|1500|%|1350|-10%|1150
디케이앤디|2018/11/20|-|%|6000|%|7570|26.17%|6230
디자인|2018/11/15|-|%|10100|%|20200|100%|15200
노바렉스|2018/11/14|37800|3.00%|19000|98.95%|25450|33.95%|20100
셀리버리|2018/11/09|31950|10.55%|25000|27.8%|32000|28%|28700
대보마그네틱|2018/11/06|-|%|31000|%|60200|94.19%|58500
노바텍|2018/11/02|-|%|10000|%|14100|41%|18300
엘앤씨바이오|2018/11/01|-|%|24000|%|29800|24.17%|26950
디비금융스팩6호|2018/10/31|-|%|2000|%|2010|0.5%|2010
옵티팜|2018/10/26|9670|4.43%|10000|-3.3%|9000|-10%|11700
로보티즈|2018/10/26|24300|11.21%|14000|73.57%|28000|100%|19600
에스퓨얼셀|2018/10/15|21200|2.66%|16500|28.48%|33000|100%|33800
나우아이비캐피탈|2018/10/04|-|%|8500|%|9300|9.41%|7180
푸드나무|2018/10/04|26700|3.89%|24000|11.25%|43350|80.63%|34000
하나제약|2018/10/02|18150|1.11%|26000|-30.19%|30100|15.77%|33150
크리스에프앤씨|2018/10/01|-|%|30000|%|27000|-10%|24000
IBKS스팩10호|2018/09/21|-|%|2000|%|2110|5.5%|2110
지티지웰니스|2018/09/21|-|%|11000|%|15250|38.64%|-
우진아이엔에스|2018/09/14|-|%|15000|%|15150|1%|19650
삼성스팩2호|2018/09/13|-|%|2000|%|2030|1.5%|2040
명성티엔에스|2018/09/13|-|%|20000|%|22000|10%|28600
디지캡|2018/09/07|-|%|12000|%|13250|10.42%|10900
대신밸런스스팩5호|2018/08/30|-|%|2000|%|2050|2.5%|2075
액트로|2018/08/28|8190|1.87%|20000|-59.05%|20700|3.5%|18000
오파스넷|2018/08/24|-|%|11000|%|18000|63.64%|14200
에이피티씨|2018/08/23|19150|2.41%|9000|112.78%|9310|3.44%|7980
바이오솔루션|2018/08/20|16950|-2.31%|29000|-41.55%|28200|-2.76%|28500
대유|2018/08/10|-|%|9000|%|13250|47.22%|12400
신한알파리츠|2018/08/08|-|%|5000|%|5330|6.6%|5200
디아이티|2018/08/07|-|%|10000|%|10550|5.5%|10650
에스에스알|2018/08/06|5940|0.34%|9000|-34%|18000|100%|23400
휴네시온|2018/08/02|-|%|10000|%|15000|50%|16350
티웨이항공|2018/08/01|3000|4.71%|12000|-75%|11600|-3.33%|11550
롯데정보통신|2018/07/27|36350|-6.79%|29800|21.98%|30550|2.52%|29000
한국유니온제약|2018/07/26|-|%|18000|%|23000|27.78%|19500
엠코르셋|2018/07/23|-|%|11500|%|11050|-3.91%|12950
IBKS스팩9호|2018/07/20|-|%|2000|%|2250|12.5%|2230
올릭스|2018/07/18|28850|4.34%|36000|-19.86%|72000|100%|65600
아이큐어|2018/07/12|13450|6.75%|65000|-79.31%|58500|-10%|60600
에스브이인베스트먼트|2018/07/06|-|%|7000|%|9000|28.57%|7710
이리츠코크렙기업|2018/06/27|-|%|5000|%|5010|0.2%|4600
이원다이애그노믹스|2018/06/26|4250|6.38%|6500|-34.62%|9000|38.46%|10800
하나금융스팩11호|2018/06/08|-|%|2000|%|2000|0%|2000
파워넷|2018/06/07|4530|1.80%|6500|-30.31%|10100|55.38%|7750
현대사료|2018/06/01|-|%|6600|%|13200|100%|17150
세종메디칼|2018/05/29|-|%|15000|%|23100|54%|30000
제노레이|2018/05/28|9630|3.22%|23000|-58.13%|45900|99.57%|37350
한국스팩7호|2018/05/11|-|%|2000|%|2000|0%|1985
유안타스팩3호|2018/05/08|-|%|2000|%|1980|-1%|1980
제이티씨(JTC)|2018/04/06|2850|2.15%|8500|-66.47%|14050|65.29%|16300
대신밸런스스팩3호|2018/04/04|-|%|2000|%|2005|0.25%|1990
케어랩스|2018/03/28|-|%|20000|%|40000|100%|52000
애경산업|2018/03/22|16050|2.88%|29100|-44.85%|28000|-3.78%|34000
에코마이스터|2018/03/15|2750|0.00%|5200|-47.12%|7000|34.62%|6030
린드먼아시아인베스트먼트|2018/03/14|-|%|6500|%|13000|100%|16900
오스테오닉|2018/02/22|3255|4.66%|7700|-57.73%|15400|100%|13100
엔지켐생명과학|2018/02/21|46550|7.88%|56000|-16.88%|87000|55.36%|85200
동구바이오제약|2018/02/13|6840|3.95%|16000|-57.25%|32000|100%|41600
알리코제약|2018/02/12|-|%|12000|%|18100|50.83%|23500
아시아종묘|2018/02/12|-|%|4500|%|4520|0.44%|4570
카페24|2018/02/08|21000|5.00%|57000|-63.16%|84500|48.25%|84700
링크제니시스|2018/02/05|-|%|30000|%|53000|76.67%|40500
배럴|2018/02/01|-|%|9500|%|10400|9.47%|13500
에스지이|2018/01/26|-|%|6000|%|5400|-10%|5260
씨앤지하이테크|2018/01/25|-|%|16000|%|18600|16.25%|18650
시스웍|2017/12/26|-|%|2800|%|3810|36.07%|3390
한국스팩6호|2017/12/21|-|%|2000|%|1965|-1.75%|1975
디바이스이엔지|2017/12/20|-|%|12000|%|10800|-10%|12100
동부스팩5호|2017/12/12|-|%|2000|%|2010|0.5%|1955
동양피스톤|2017/12/08|-|%|5700|%|5130|-10%|4845
진에어|2017/12/08|14000|5.66%|31800|-55.97%|31800|0%|28850
씨티케이코스메틱스|2017/12/07|-|%|55000|%|49500|-10%|42300
메카로|2017/12/06|-|%|33000|%|43000|30.3%|38500
에스트래픽|2017/12/05|-|%|10000|%|20000|100%|15000
체리부로|2017/12/04|-|%|4700|%|5020|6.81%|3980
대원|2017/12/01|-|%|15000|%|16000|6.67%|13300
비즈니스온커뮤니케이션|2017/11/30|-|%|9000|%|16900|87.78%|14000
삼양패키징|2017/11/29|-|%|26000|%|25750|-0.96%|23800
한화에이스스팩4호|2017/11/27|-|%|2000|%|2010|0.5%|1990
스튜디오드래곤|2017/11/24|-|%|35000|%|55300|58%|71800
IBKS스팩7호|2017/11/10|-|%|2000|%|2030|1.5%|2020
비디아이|2017/11/09|-|%|10000|%|17600|76%|16950
티슈진|2017/11/06|8010|0.00%|27000|-70.33%|52000|92.59%|42700
테이팩스|2017/10/31|-|%|23000|%|26600|15.65%|27000
영화테크|2017/10/26|-|%|12500|%|25000|100%|32500
세원|2017/10/20|-|%|5700|%|8600|50.88%|11150
신한스팩4호|2017/10/20|-|%|2000|%|2000|0%|1995
상신전자|2017/10/16|-|%|13300|%|13300|0%|22000
야스|2017/09/29|15750|6.78%|23500|-32.98%|21150|-10%|19100
IBKS스팩8호|2017/09/29|-|%|2000|%|2080|4%|2080
에스엔피월드|2017/09/28|-|%|5100|%|5100|0%|5270
유티아이|2017/09/27|-|%|25000|%|22500|-10%|-
신흥에스이씨|2017/09/27|-|%|16000|%|29400|83.75%|-
선익시스템|2017/09/20|-|%|37000|%|33300|-10%|29750
엠플러스|2017/09/20|-|%|18000|%|28350|57.5%|23400
앱클론|2017/09/18|13700|5.79%|10000|37%|20000|100%|26000
샘코|2017/09/15|-|%|11000|%|12000|9.09%|10250
펄어비스|2017/09/14|94200|1.07%|103000|-8.54%|92700|-10%|98900
케이피에스|2017/09/06|-|%|14000|%|13500|-3.57%|14000
덕우전자|2017/08/28|-|%|15500|%|16900|9.03%|15850
이더블유케이|2017/08/22|-|%|5000|%|10000|100%|11950
하나금융스팩10호|2017/08/22|-|%|2000|%|2020|1%|2005
알에스오토메이션|2017/08/11|-|%|6000|%|11950|99.17%|15500
컬러레이|2017/08/10|-|%|3800|%|3660|-3.68%|4050
엔에이치스팩12호|2017/08/07|-|%|2000|%|2040|2%|2000
모트렉스|2017/08/04|-|%|38300|%|38000|-0.78%|33400
데이타솔루션|2017/08/03|-|%|3300|%|6600|100%|5680
지니언스|2017/08/02|-|%|13500|%|20050|48.52%|15200
디앤씨미디어|2017/08/01|-|%|20000|%|32300|61.5%|27300
셀트리온헬스케어|2017/07/28|62500|4.17%|41000|52.44%|43650|6.46%|50300
이즈미디어|2017/07/26|-|%|7500|%|8400|12%|9360
한국스팩5호|2017/07/24|-|%|2000|%|2020|1%|2000
힘스|2017/07/20|-|%|20000|%|32500|62.5%|33000
브이원텍|2017/07/13|-|%|17700|%|20100|13.56%|18900
아우딘퓨쳐스|2017/07/12|-|%|26000|%|23400|-10%|23300
제일홀딩스|2017/06/30|8930|2.76%|20700|-56.86%|18650|-9.9%|19050
하나금융스팩9호|2017/06/26|-|%|2000|%|1955|-2.25%|1960
교보스팩7호|2017/06/22|-|%|2000|%|2020|1%|2005
한화수성스팩|2017/06/08|-|%|2000|%|2020|1%|1970
보라티알|2017/06/08|-|%|14300|%|18900|32.17%|17600
삼양옵틱스|2017/06/02|-|%|16700|%|16700|0%|16800
IBKS스팩6호|2017/06/01|-|%|2000|%|1980|-1%|1990
필옵틱스|2017/06/01|-|%|48000|%|48200|0.42%|56000
미래에셋대우스팩1호|2017/05/26|-|%|2000|%|2000|0%|1980
넷마블게임즈|2017/05/12|109500|1.39%|157000|-30.25%|165000|5.1%|162000
ING생명보험|2017/05/11|-|%|33000|%|31200|-5.45%|31600
한화에이스스팩3호|2017/05/02|-|%|2000|%|2000|0%|2010
엔에이치스팩10호|2017/05/02|-|%|2000|%|1995|-0.25%|1980
하나머티리얼즈|2017/04/28|-|%|12000|%|17500|45.83%|15950
와이엠티|2017/04/27|-|%|21000|%|35100|67.14%|31050
케이비스팩11호|2017/04/27|-|%|2000|%|2000|0%|1980
신영스팩3호|2017/04/06|-|%|2000|%|2000|0%|2040
이엘피|2017/04/06|-|%|20000|%|22000|10%|22400
서진시스템|2017/03/27|-|%|25000|%|40000|60%|37350
코미코|2017/03/23|-|%|13000|%|29050|123.46%|21500
아스타|2017/03/20|-|%|8000|%|9700|21.25%|12600
덴티움|2017/03/15|55700|2.77%|32000|74.06%|38200|19.38%|34500
대신밸런스스팩4호|2017/03/03|-|%|2000|%|2000|0%|1990
에스디생명공학|2017/03/02|2845|5.37%|12000|-76.29%|15200|26.67%|12200
신신제약|2017/02/28|-|%|4500|%|6170|37.11%|8020
에프엔에스테크|2017/02/27|-|%|14000|%|17050|21.79%|17450
모바일어플라이언스|2017/02/24|-|%|3500|%|5900|68.57%|5980
신한스팩3호|2017/02/23|-|%|2000|%|2010|0.5%|1980
피씨엘|2017/02/23|-|%|8000|%|7800|-2.5%|9160
호전실업|2017/02/02|-|%|25000|%|24500|-2%|24250
서플러스글로벌|2017/01/25|-|%|8000|%|8500|6.25%|7140
유바이오로직스|2017/01/24|-|%|6000|%|5600|-6.67%|5070
엔에이치스팩11호|2016/12/28|-|%|2000|%|1990|-0.5%|1970
퓨전데이타|2016/12/21|-|%|11500|%|20750|80.43%|19800
디에스씨인베스트먼트|2016/12/19|-|%|1700|%|3400|100%|3560
티에스인베스트먼트|2016/12/15|-|%|1300|%|1470|13.08%|1910
마이크로프랜드|2016/12/12|-|%|7300|%|6570|-10%|5950
코썬바이오|2016/12/09|-|%|7000|%|6300|-10%|5090
애니젠|2016/12/07|11850|3.04%|18000|-34.17%|17800|-1.11%|12600
유니온커뮤니티|2016/12/07|-|%|5000|%|4465|-10.7%|3340
신라젠|2016/12/06|12100|0.00%|15000|-19.33%|13500|-10%|12850
핸즈코퍼레이션|2016/12/02|5020|0.40%|12000|-58.17%|10800|-10%|9100
IBKS스팩5호|2016/12/02|-|%|2000|%|2000|0%|1990
퓨쳐켐|2016/12/01|-|%|15000|%|15750|5%|11050
오션브릿지|2016/12/01|-|%|6600|%|7730|17.12%|6700
엘앤케이바이오|2016/11/30|-|%|15000|%|15750|5%|11900
뉴파워프라즈마|2016/11/30|-|%|17500|%|17500|0%|16800
에이치엔티일렉트로닉스|2016/11/28|-|%|10000|%|12100|21%|10550
핸디소프트|2016/11/24|-|%|5600|%|8180|46.07%|7220
두산밥캣|2016/11/18|-|%|30000|%|36000|20%|35900
에스케이스팩3호|2016/11/16|-|%|2000|%|2050|2.5%|2010
삼성바이오로직스|2016/11/10|739000|3.79%|136000|443.38%|135000|-0.74%|144000
클리오|2016/11/09|-|%|41000|%|39950|-2.56%|36800
오가닉티코스메틱|2016/11/04|-|%|4000|%|6510|62.75%|5730
로고스바이오시스템스|2016/11/03|-|%|25500|%|25500|0%|21350
아이비케이에스지엠비스팩|2016/11/02|-|%|2000|%|2050|2.5%|2000
인크로스|2016/10/31|-|%|43000|%|67700|57.44%|47400
코스메카코리아|2016/10/28|-|%|54000|%|71400|32.22%|62500
에이치엘사이언스(구.건강사랑)|2016/10/28|-|%|27000|%|38400|42.22%|38200
제이더블유생명과학|2016/10/27|12900|3.20%|30000|-57%|33050|10.17%|42950
그레이트리치과기|2016/10/25|-|%|5000|%|5000|0%|6500
금세기차륜(골든센츄리)|2016/10/19|-|%|3500|%|4005|14.43%|3815
인텔리안테크놀로지스|2016/10/18|-|%|19000|%|18750|-1.32%|17050
에이치시티|2016/10/17|-|%|17000|%|19500|14.71%|17550
잉글우드랩|2016/10/14|-|%|6000|%|8360|39.33%|7300
앤디포스|2016/10/12|-|%|14500|%|17500|20.69%|18800
수산아이앤티(구.플러스기술)|2016/10/11|-|%|11500|%|11500|0%|14950
미투온|2016/10/10|-|%|3800|%|3420|-10%|4445
화승엔터프라이즈|2016/10/04|-|%|15000|%|13500|-10%|14950
케이비스팩10호|2016/09/29|-|%|2000|%|2000|0%|2005
엘에스전선아시아|2016/09/22|-|%|8000|%|7200|-10%|6350
모두투어리츠|2016/09/22|-|%|6000|%|5700|-5%|5230
유니테크노|2016/09/20|-|%|10300|%|12750|23.79%|11400
교보비엔케이스팩|2016/09/08|-|%|2000|%|2100|5%|1990
하나금융스팩8호|2016/09/08|-|%|2000|%|2010|0.5%|1995
자이글|2016/09/06|-|%|11000|%|13600|23.64%|12900
헝셩그룹|2016/08/18|-|%|3600|%|3240|-10%|2690
에코마케팅|2016/08/08|14200|3.65%|35000|-59.43%|68000|94.29%|47600
팍스넷|2016/08/01|-|%|5200|%|10400|100%|12550
두올|2016/07/29|-|%|8500|%|8190|-3.65%|7060
엔지스테크널러지|2016/07/28|-|%|10000|%|19000|90%|24700
우리손에프앤지|2016/07/27|-|%|2210|%|4000|81%|2910
옵토팩|2016/07/20|-|%|5900|%|6210|5.25%|8070
장원테크|2016/07/15|-|%|17500|%|22250|27.14%|17150
대유위니아(구.위니아만도)|2016/07/14|-|%|6800|%|7900|16.18%|7670
한국자산신탁|2016/07/13|-|%|10300|%|9900|-3.88%|9600
바이오리더스|2016/07/07|-|%|15000|%|17100|14%|14200
피앤씨테크|2016/07/04|-|%|10200|%|11000|7.84%|10350
로스웰|2016/06/30|-|%|3200|%|3915|22.34%|3415
해성디에스|2016/06/24|-|%|12000|%|16700|39.17%|14600
녹십자랩셀|2016/06/23|-|%|18500|%|37000|100%|48100
에스티팜|2016/06/23|-|%|29000|%|47000|62.07%|48800
한국스팩4호|2016/06/22|-|%|2000|%|1950|-2.5%|1930
알엔투테크놀로지|2016/06/22|-|%|5800|%|12500|115.52%|8750
미래에셋스팩5호|2016/06/09|-|%|2000|%|1995|-0.25%|1935
용평리조트|2016/05/27|-|%|7000|%|9000|28.57%|11700
해태제과식품|2016/05/11|7250|3.13%|15100|-51.99%|18960|25.56%|24600
레이언스|2016/04/11|11200|4.67%|25000|-55.2%|23700|-5.2%|23050
씨엠에스에듀|2016/04/07|-|%|23200|%|26800|15.52%|24950
동양파일|2016/04/06|-|%|10000|%|9000|-10%|9100
대림씨엔에스|2016/03/30|-|%|27700|%|24950|-9.93%|23250
팬젠|2016/03/11|-|%|16500|%|24900|50.91%|22300
하이에이아이스팩1호|2016/03/08|-|%|2000|%|1970|-1.5%|1945
에이피위성통신|2016/03/04|-|%|9700|%|12400|27.84%|10750
IBKS스팩4호|2016/03/02|-|%|2000|%|2030|1.5%|1975
케이비스팩9호|2016/02/29|-|%|2000|%|1975|-1.25%|1975
큐리언트|2016/02/29|-|%|21000|%|33900|61.43%|39000
안트로젠|2016/02/15|26250|6.92%|24000|9.38%|38000|58.33%|39100
제이에스코퍼레이션|2016/02/04|-|%|23000|%|39100|70%|37750
아이엠텍|2016/02/03|-|%|7500|%|8500|13.33%|12350
유니트론텍|2016/02/02|-|%|14000|%|25300|80.71%|24850
차이나크리스탈신소재|2016/01/28|-|%|3000|%|4000|33.33%|3870
한솔씨앤피|2016/01/27|-|%|13000|%|18950|45.77%|19600
에스와이패널|2015/12/29|-|%|5000|%|4700|-6%|6110
코리아오토글라스|2015/12/29|-|%|11000|%|11600|5.45%|13600
코디엠|2015/12/29|-|%|4700|%|7490|59.36%|6100
잇츠스킨|2015/12/28|-|%|170000|%|172000|1.18%|152000
육일씨엔에쓰|2015/12/24|-|%|6000|%|6560|9.33%|5160
휴젤|2015/12/24|-|%|150000|%|199500|33%|168300
대신밸런스스팩2호|2015/12/24|-|%|2000|%|2000|0%|2000
이에스브이|2015/12/24|-|%|10000|%|18500|85%|13600
한국맥널티|2015/12/23|-|%|8000|%|16000|100%|13250
아진산업|2015/12/22|-|%|6500|%|7620|17.23%|6320
덱스터|2015/12/22|-|%|14000|%|24800|77.14%|28800
씨트리|2015/12/21|11050|7.28%|6500|70%|9250|42.31%|12000
강스템바이오텍|2015/12/21|-|%|6000|%|7200|20%|9360
메가엠디|2015/12/18|-|%|3000|%|5020|67.33%|3800
동부스팩4호|2015/12/18|-|%|2000|%|2000|0%|2005
파크시스템스|2015/12/17|-|%|9000|%|11000|22.22%|8660
보광산업|2015/12/17|-|%|4000|%|6110|52.75%|6310
하나금융스팩7호|2015/12/16|-|%|2000|%|2010|0.5%|2005
뉴트리바이오텍|2015/12/16|-|%|21000|%|23000|9.52%|29000
예스티|2015/12/16|-|%|14500|%|15500|6.9%|18000
멕아이씨에스|2015/12/14|-|%|4500|%|8000|77.78%|6600
엔에스|2015/12/07|-|%|8000|%|12950|61.88%|14750
미래테크놀로지|2015/12/01|-|%|16100|%|14950|-7.14%|13700
세진중공업|2015/11/30|-|%|3500|%|3495|-0.14%|3135
하이즈항공|2015/11/25|-|%|18000|%|16200|-10%|16800
엠지메드|2015/11/20|-|%|40000|%|41000|2.5%|36300
리드|2015/11/20|-|%|5100|%|4590|-10%|3945
케이디켐|2015/11/19|-|%|16000|%|14850|-7.19%|12500
매직마이크로|2015/11/19|-|%|5500|%|5420|-1.45%|4850
네오오토|2015/11/18|-|%|12000|%|11800|-1.67%|10000
골든브릿지스팩4호|2015/11/18|-|%|2000|%|1990|-0.5%|2000
케어젠|2015/11/17|-|%|110000|%|101500|-7.73%|107000
아이진|2015/11/16|-|%|13500|%|12900|-4.44%|13100
나무가|2015/11/12|-|%|37000|%|33400|-9.73%|33000
유앤아이|2015/11/12|-|%|30000|%|28650|-4.5%|24350
금호에이치티|2015/11/11|-|%|10000|%|9500|-5%|8860
제주항공|2015/11/06|-|%|30000|%|49500|65%|48100
에이치엠씨스팩3호|2015/11/05|-|%|2000|%|2020|1%|2025
더블유게임즈|2015/11/04|-|%|65000|%|65100|0.15%|62500
연우|2015/11/02|-|%|25200|%|28150|11.71%|36550
키움스팩4호|2015/10/30|-|%|2000|%|2060|3%|2055
에이티젠|2015/10/23|-|%|17000|%|34000|100%|25800
현대드림스팩4호|2015/10/22|-|%|2000|%|2090|4.5%|2075
엑시콘|2015/10/22|-|%|10000|%|10400|4%|8650
이베스트스팩3호|2015/10/19|-|%|2000|%|2090|4.5%|2085
에치디프로|2015/10/13|-|%|8900|%|9580|7.64%|8650
IBKS스팩3호|2015/10/08|-|%|2000|%|2100|5%|2100
동부스팩3호|2015/10/06|-|%|2000|%|2105|5.25%|2100
신영해피투모로우2호스팩|2015/10/05|-|%|2000|%|2090|4.5%|2100
엘아이지넥스원|2015/10/02|-|%|76000|%|68400|-10%|72800
엔에이치스팩9호|2015/09/25|-|%|2000|%|2070|3.5%|2090
제너셈|2015/09/25|-|%|10500|%|11000|4.76%|10500
타이거일렉|2015/09/25|-|%|6000|%|5720|-4.67%|7430
아이콘트롤스|2015/09/24|-|%|32000|%|31650|-1.09%|-
동일제강|2015/09/24|-|%|3000|%|3870|29%|-
인포마크|2015/09/23|-|%|14000|%|25000|78.57%|20100
유진스팩3호|2015/09/09|-|%|2000|%|2105|5.25%|2100
한국스팩3호|2015/09/02|-|%|2000|%|2125|6.25%|2160
케이티비스팩3호|2015/08/28|-|%|2000|%|2185|9.25%|2155
교보스팩5호|2015/08/27|-|%|2000|%|2300|15%|2190
웹스|2015/08/24|5980|-1.32%|7200|-16.94%|11400|58.33%|8000
에이제이네트웍스|2015/08/21|-|%|34300|%|30900|-9.91%|35500
현대드림스팩3호|2015/08/21|-|%|2000|%|2000|0%|2165
파인텍|2015/08/17|-|%|10500|%|21000|100%|17100
교보스팩4호|2015/08/13|-|%|2000|%|3365|68.25%|3150
흥국에프엔비|2015/08/07|-|%|20000|%|40000|100%|52000
미래에셋스팩4호|2015/08/06|-|%|2000|%|3130|56.5%|4065
케이비스팩8호|2015/08/05|-|%|2000|%|2370|18.5%|2345
칩스앤미디어|2015/08/05|-|%|10500|%|13700|30.48%|16400
아시아경제신문사|2015/07/31|-|%|3600|%|3240|-10%|4210
아이쓰리시스템|2015/07/30|-|%|36000|%|63000|75%|58000
로지시스|2015/07/29|-|%|2500|%|4180|67.2%|5430
엘아이지이에스스팩|2015/07/27|-|%|2000|%|2770|38.5%|2220
파마리서치프로덕트|2015/07/24|-|%|55000|%|110000|100%|114500
에스케이스팩2호|2015/07/23|-|%|2000|%|2140|7%|2150
펩트론|2015/07/22|-|%|16000|%|32000|100%|41600
한화에이스스팩2호|2015/07/20|-|%|2000|%|2125|6.25%|2160
이노션|2015/07/17|-|%|68000|%|66500|-2.21%|60500
유안타스팩2호|2015/07/17|-|%|2000|%|2125|6.25%|2140
키움스팩3호|2015/07/10|-|%|2000|%|2110|5.5%|2115
토니모리|2015/07/10|-|%|32000|%|64000|100%|50500
미래에셋생명보험|2015/07/08|-|%|7500|%|7400|-1.33%|7240
골든브릿지스팩3호|2015/06/30|-|%|2000|%|2035|1.75%|2050
동운아나텍|2015/06/30|-|%|10000|%|12500|25%|12800
유테크|2015/06/30|-|%|9000|%|12550|39.44%|10850
엔에이치스팩8호|2015/06/30|-|%|2000|%|2080|4%|2110
민앤지|2015/06/30|-|%|28000|%|56000|100%|44850
경보제약|2015/06/29|-|%|15000|%|30000|100%|34250
에스엔텍|2015/06/26|-|%|6500|%|10000|53.85%|13000
코아스템|2015/06/26|-|%|16000|%|32000|100%|41600
이베스트스팩2호|2015/06/26|-|%|2000|%|2020|1%|2055
세미콘라이트|2015/06/25|-|%|11300|%|11500|1.77%|14950
에스케이디앤디|2015/06/23|-|%|26000|%|52000|100%|67600
베셀|2015/06/19|-|%|9000|%|13400|48.89%|10400
대신밸런스스팩1호|2015/06/18|-|%|2000|%|2025|1.25%|2015
하나머스트스팩5호|2015/06/18|-|%|2000|%|2025|1.25%|2030
싸이맥스|2015/06/17|-|%|16300|%|15200|-6.75%|14000
하이스팩3호|2015/06/16|-|%|2000|%|2020|1%|2020
픽셀플러스|2015/06/12|-|%|30000|%|27000|-10%|29000
엔에이치스팩7호|2015/06/12|-|%|2000|%|2130|6.5%|2125
한화에이씨피씨스팩|2015/06/10|-|%|2000|%|2155|7.75%|2120
제노포커스|2015/05/29|-|%|11000|%|22000|100%|25300
미래에셋스팩3호|2015/05/22|-|%|2000|%|2255|12.75%|2230
대우스팩3호|2015/05/19|-|%|2000|%|2600|30%|2400
한화엠지아이스팩|2015/05/18|-|%|2000|%|2900|45%|2465
대우에스비아이스팩1호|2015/05/13|-|%|2000|%|2365|18.25%|-
엔에이치스팩5호|2015/05/08|-|%|2000|%|2250|12.5%|2230
유진에이씨피씨스팩2호|2015/04/28|-|%|2000|%|2315|15.75%|-
하나머스트스팩4호|2015/04/22|-|%|2000|%|3010|50.5%|2560
한화에이스스팩1호|2015/04/20|-|%|2000|%|2245|12.25%|-
유지인트|2015/04/13|-|%|15000|%|29150|94.33%|24800
케이티비스팩2호|2015/04/03|-|%|2000|%|2150|7.5%|2170
NS쇼핑(구.농수산홈쇼핑)|2015/03/27|11700|4.93%|235000|-95.02%|211500|-10%|215500
케이비스팩7호|2015/03/25|-|%|2000|%|2260|13%|2310
세화아이엠씨|2015/03/19|-|%|16300|%|18100|11.04%|16500
포시에스|2015/02/11|-|%|9100|%|15500|70.33%|16000
골든브릿지스팩2호|2015/02/05|-|%|2000|%|2220|11%|2165
현대드림스팩2호|2014/12/29|-|%|2000|%|1995|-0.25%|1995
케이비스팩6호|2014/12/29|-|%|2000|%|2030|1.5%|2105
국일신동|2014/12/29|-|%|1700|%|3225|89.71%|2745
영백씨엠|2014/12/29|-|%|5500|%|11000|100%|9510
NH스팩2호|2014/12/29|-|%|2000|%|2015|0.75%|2000
하이셈|2014/12/26|-|%|1500|%|2610|74%|2220
휴메딕스|2014/12/26|-|%|28000|%|43600|55.71%|39200
서전기전|2014/12/24|-|%|6500|%|8000|23.08%|9200
교보스팩3호|2014/12/24|-|%|2000|%|2005|0.25%|2010
오킨스전자|2014/12/24|-|%|7100|%|11000|54.93%|12650
하나머스트스팩3호|2014/12/24|-|%|2000|%|2015|0.75%|2010
아스트|2014/12/24|-|%|9500|%|8550|-10%|9000
케이비스팩5호|2014/12/24|-|%|2000|%|2000|0%|2000
넥스트엔터테인먼트월드|2014/12/23|-|%|16300|%|15800|-3.07%|18150
아이티센|2014/12/23|-|%|7500|%|8460|12.8%|8770
제일모직(구.삼성에버랜드)|2014/12/18|-|%|53000|%|106000|100%|113000
하이로닉|2014/12/17|-|%|51000|%|63800|25.1%|73300
하나머스트스팩2호|2014/12/17|-|%|2000|%|2000|0%|2000
우리에스엘스팩|2014/12/17|-|%|2000|%|2000|0%|2010
디티앤씨(구.디지털이엠씨)|2014/12/17|-|%|18500|%|30000|62.16%|26050
엘아이지스팩2호|2014/12/17|-|%|2000|%|2015|0.75%|2015
녹십자엠에스|2014/12/17|-|%|6000|%|9000|50%|10350
랩지노믹스|2014/12/16|-|%|13200|%|16650|26.14%|14250
에이디테크놀로지|2014/12/16|-|%|15000|%|13500|-10%|14000
비씨월드제약|2014/12/15|-|%|15700|%|18100|15.29%|17550
동부스팩2호|2014/12/12|-|%|2000|%|2010|0.5%|2
알테오젠|2014/12/12|-|%|26000|%|25150|-3.27%|21500
한국스팩2호|2014/12/10|-|%|2000|%|2015|0.75%|2005
에스케이씨코오롱피아이|2014/12/08|-|%|8000|%|7800|-2.5%|7580
대창스틸|2014/12/05|-|%|2500|%|3605|44.2%|4145
에프엔씨엔터테인먼트|2014/12/04|-|%|28000|%|25200|-10%|27600
하이스팩2호|2014/12/01|-|%|2000|%|2010|0.5%|2015
씨에스윈드|2014/11/27|-|%|43500|%|39150|-10%|33300
케이티비스팩1호|2014/11/24|-|%|2000|%|2030|1.5%|2025
텔콘|2014/11/24|-|%|14500|%|13800|-4.83%|11750
파티게임즈|2014/11/21|-|%|13000|%|26000|100%|29900
IBKS스팩2호|2014/11/20|-|%|2000|%|2030|1.5%|2015
유안타스팩1호|2014/11/19|-|%|2000|%|2045|2.25%|2055
디에이테크놀로지|2014/11/19|-|%|6600|%|7800|18.18%|6630
삼성SDS|2014/11/14|140500|1.81%|190000|-26.05%|380000|100%|327500
케이비스팩4호|2014/11/12|-|%|2000|%|2080|4%|2025
현대에이블스팩1호|2014/11/10|-|%|2000|%|3500|75%|2975
교보위드스팩|2014/11/07|-|%|2000|%|2250|12.5%|2585
테고사이언스|2014/11/06|-|%|13500|%|27000|100%|31050
슈피겐코리아|2014/11/05|-|%|27500|%|37100|34.91%|42650
테라셈|2014/10/30|-|%|3000|%|3200|6.67%|2745
영우디에스피|2014/10/29|-|%|5000|%|5500|10%|6320
대우스팩2호|2014/10/22|-|%|2000|%|2005|0.25%|-
신한스팩2호|2014/10/13|-|%|2000|%|1990|-0.5%|1995
메디아나|2014/10/07|-|%|6200|%|6370|2.74%|5850
데브시스터즈|2014/10/06|-|%|53000|%|71000|33.96%|61000
KB스팩3호|2014/09/30|-|%|2000|%|2045|2.25%|-
감마누|2014/08/14|-|%|11000|%|22000|100%|18700
우리스팩3호|2014/08/13|-|%|2000|%|2150|7.5%|2085
신화콘텍|2014/08/08|-|%|9100|%|8190|-10%|7100
쿠쿠전자|2014/08/06|-|%|104000|%|180000|73.08%|207000
파버나인|2014/08/04|-|%|12500|%|12300|-1.6%|12000
덕신하우징|2014/08/01|-|%|13000|%|21650|66.54%|20950
창해에탄올|2014/07/30|-|%|8300|%|16600|100%|14600
윈하이텍|2014/07/25|-|%|8300|%|13300|60.24%|15250
아진엑스텍|2014/07/24|-|%|7000|%|7900|12.86%|7060
미래에셋스팩2호|2014/07/23|-|%|2000|%|2110|5.5%|2160
화인베스틸|2014/07/22|-|%|4700|%|4490|-4.47%|5160
트루윈|2014/07/11|-|%|10500|%|17000|61.9%|14450
하나머스트스팩|2014/06/10|-|%|2000|%|2330|16.5%|2675
캐스텍코리아|2014/05/27|-|%|6500|%|11500|76.92%|9800
BGF리테일(구.보광훼미리마트)|2014/05/19|-|%|41000|%|57000|39.02%|55200
유진스팩1호|2014/05/08|-|%|2000|%|2090|4.5%|2065
KB스팩2호|2014/04/28|-|%|2000|%|2075|3.75%|2145
오이솔루션|2014/02/27|-|%|10000|%|20000|100%|23000
인터파크INT|2014/02/06|-|%|7700|%|15400|100%|17700
한국정보인증|2014/02/04|-|%|1800|%|2900|61.11%|3335
솔루에타|2013/12/27|-|%|24000|%|21600|-10%|22750
이지웰페어|2013/12/27|-|%|4400|%|7000|59.09%|8050
키움제2호스팩|2013/12/20|-|%|2000|%|2020|1%|1980
기가레인(구.맥시스)|2013/12/19|-|%|5500|%|4950|-10%|4280
인트로메딕|2013/12/19|-|%|6000|%|6700|11.67%|5700
알티캐스트|2013/12/06|-|%|8500|%|8500|0%|7940
현대공업|2013/12/04|-|%|7500|%|8850|18%|7610
엔브이에이치코리아|2013/12/03|-|%|4500|%|4440|-1.33%|4300
디엠티|2013/11/26|-|%|5700|%|5210|-8.6%|5990
우리기업인수목적2호|2013/11/21|-|%|2000|%|2005|0.25%|1970
신송홀딩스|2013/11/21|-|%|6500|%|10900|67.69%|10100
라이온켐텍|2013/11/19|-|%|12500|%|14200|13.6%|16050
램테크놀러지|2013/11/18|-|%|3900|%|6250|60.26%|5320
미동전자통신|2013/11/13|-|%|20000|%|19400|-3%|16500
에이씨티|2013/11/08|-|%|8100|%|12000|48.15%|10200
해성옵틱스|2013/11/06|-|%|6600|%|7800|18.18%|6850
내츄럴엔도텍|2013/10/31|-|%|40000|%|80000|100%|84700
현대로템|2013/10/30|-|%|23000|%|33700|46.52%|38750
테스나|2013/10/22|-|%|13500|%|15300|13.33%|13050
파수닷컴|2013/10/18|-|%|5800|%|6000|3.45%|6900
엘티씨|2013/10/08|-|%|20500|%|25000|21.95%|21250
지엔씨에너지|2013/10/02|-|%|6000|%|12000|100%|13800
아미코젠|2013/09/12|-|%|25000|%|50000|100%|57500
금호N.T|2013/08/02|-|%|3100|%|6200|100%|7130
파이오링크|2013/08/01|-|%|10500|%|18500|76.19%|15750
KG이티에스|2013/07/24|-|%|3800|%|4000|5.26%|4600
나스미디어|2013/07/17|-|%|8800|%|15050|71.02%|15350
엑세스바이오|2013/05/30|-|%|4500|%|9000|100%|10350
디에스알|2013/05/15|-|%|4000|%|5000|25%|5750
레고켐바이오사이언스|2013/05/10|-|%|15500|%|19900|28.39%|17500
삼목강업|2013/04/30|-|%|2600|%|3440|32.31%|3955
세호로보트|2013/04/03|-|%|7800|%|14000|79.49%|13050
윈팩|2013/03/07|-|%|4000|%|4050|1.25%|4340
코렌텍|2013/03/05|-|%|16000|%|15950|-0.31%|15550
제로투세븐|2013/02/19|-|%|8300|%|13050|57.23%|12000
지디|2013/02/13|-|%|18000|%|25150|39.72%|26200
아이원스|2013/02/07|-|%|4500|%|5500|22.22%|5200
우리이앤엘|2013/02/05|-|%|4900|%|4410|-10%|4790
아이센스|2013/01/30|-|%|19000|%|29200|53.68%|25950
포티스|2013/01/29|-|%|3900|%|5700|46.15%|6550
씨에스엘쏠라|2012/12/27|-|%|10000|%|12500|25%|11700
SBIAXES(구.AXES홀딩스)|2012/12/17|-|%|3600|%|3240|-10%|3725
우리로광통신|2012/11/27|-|%|10300|%|9270|-10%|8360
디젠스|2012/11/22|-|%|1800|%|2800|55.56%|2380
GMB코리아|2012/11/20|-|%|6000|%|5990|-0.17%|5810
맥스로텍|2012/11/16|-|%|7000|%|10650|52.14%|9100
와이엠씨|2012/11/15|-|%|6000|%|7090|18.17%|6030
CJ헬로비전|2012/11/09|-|%|16000|%|15100|-5.63%|15500
아바텍|2012/11/06|-|%|6300|%|10500|66.67%|12050
코이즈|2012/09/27|-|%|7500|%|9000|20%|9050
모다정보통신|2012/09/25|-|%|7000|%|8900|27.14%|7570
나노스|2012/08/02|-|%|7000|%|9280|32.57%|10650
에이제이렌터카(구.아주오토렌탈)|2012/07/27|-|%|7000|%|6460|-7.71%|6160
우양에이치씨|2012/07/26|-|%|5500|%|4950|-10%|5170
엠씨넥스|2012/07/25|-|%|15000|%|13500|-10%|11500
네이블커뮤니케이션즈|2012/07/19|-|%|9000|%|9920|10.22%|8730
디지탈옵틱|2012/07/13|2920|3.36%|11500|-74.61%|10900|-5.22%|12500
피엔티|2012/07/06|-|%|17000|%|22300|31.18%|19400
사조씨푸드|2012/06/29|-|%|10600|%|10000|-5.66%|8910
비아트론|2012/05/04|-|%|15900|%|25500|60.38%|21700
에스비아이모기지|2012/04/30|-|%|7000|%|6300|-10%|5360
코오롱패션머티리얼|2012/04/05|-|%|14500|%|20000|37.93%|23000
빛샘전자|2012/03/21|-|%|4400|%|8800|100%|10100
휴비스|2012/02/23|-|%|12200|%|12250|0.41%|11550
사람인에이치알|2012/02/21|-|%|5000|%|10000|100%|11500
뉴로스|2012/02/15|-|%|8500|%|13600|60%|12500
남화토건|2012/01/31|-|%|3000|%|4000|33.33%|4290
케이탑리츠|2012/01/31|-|%|5500|%|5550|0.91%|5130
동아팜텍|2012/01/20|-|%|24000|%|35000|45.83%|29750
원익머트리얼즈|2011/12/28|-|%|27000|%|40000|48.15%|38500
디엔에이링크|2011/12/26|-|%|7700|%|15400|100%|17700
GS리테일(지에스리테일)|2011/12/23|-|%|19500|%|19500|0%|22400
나이스디앤비|2011/12/22|-|%|1700|%|2450|44.12%|2815
시큐브|2011/12/21|-|%|4900|%|4410|-10%|5070
서암기계공업|2011/12/19|-|%|3800|%|4000|5.26%|3400
인터지스|2011/12/16|-|%|10000|%|9000|-10%|-
씨유메디칼시스템|2011/12/15|-|%|12000|%|16000|33.33%|18400
사파이어테크놀로지|2011/12/05|-|%|65000|%|58500|-10%|49800
넥스트리밍|2011/12/02|-|%|6000|%|5400|-10%|6210
티브이로직|2011/12/01|-|%|12000|%|10850|-9.58%|1530
에스에프씨|2011/11/30|-|%|14000|%|12600|-10%|10750
신진에스엠|2011/11/28|-|%|15000|%|15000|0%|13300
이엠넷|2011/11/25|-|%|6400|%|11400|78.13%|9700
와이지엔터테인먼트|2011/11/23|-|%|34000|%|68000|100%|78200
쎄미시스코|2011/11/18|-|%|9500|%|11100|16.84%|9900
아이테스트|2011/11/11|-|%|2400|%|2690|12.08%|-
테크윙|2011/11/10|-|%|23000|%|30000|30.43%|25500
신흥기계|2011/11/08|-|%|8500|%|16000|88.24%|17100
씨큐브|2011/11/08|-|%|5750|%|7000|21.74%|6140
씨엔플러스|2011/11/02|-|%|11500|%|15200|32.17%|14100
테라세미콘|2011/11/01|-|%|13500|%|23800|76.3%|24000
케이맥|2011/10/25|-|%|14500|%|24750|70.69%|28450
로보스타|2011/10/17|-|%|5800|%|7800|34.48%|8970
넥솔론|2011/10/14|-|%|4000|%|6000|50%|5200
대한과학|2011/10/11|-|%|3000|%|5010|67%|5760
피앤이솔루션|2011/09/27|-|%|8000|%|8110|1.38%|7070
화진|2011/08/10|-|%|4300|%|6330|47.21%|5390
제이씨케미칼|2011/08/08|-|%|7200|%|10300|43.06%|8800
아이씨디|2011/08/05|-|%|34000|%|62800|84.71%|72200
제닉|2011/08/03|-|%|22000|%|35600|61.82%|40900
경봉|2011/07/29|-|%|7100|%|10900|53.52%|9300
삼원강재|2011/07/22|-|%|4000|%|8000|100%|9200
상아프론테크|2011/07/21|-|%|6000|%|7680|28%|6700
신세계인터내셔날|2011/07/14|-|%|65000|%|103000|58.46%|118000
나이벡|2011/07/13|-|%|10000|%|15000|50%|12750
옵티시스|2011/07/12|-|%|7600|%|11000|44.74%|12100
대양전기공업|2011/07/08|-|%|9000|%|11200|24.44%|9550
한국항공우주산업|2011/06/30|-|%|15500|%|19300|24.52%|22150
하이마트|2011/06/29|-|%|59000|%|53100|-10%|57000
탑금속|2011/06/24|-|%|6500|%|8120|24.92%|8750
엠케이트렌드|2011/06/21|-|%|11000|%|15500|40.91%|13200
쓰리피시스템|2011/06/17|-|%|5800|%|5800|0%|4930
코오롱플라스틱|2011/06/15|-|%|4300|%|6900|60.47%|7150
리켐|2011/06/14|-|%|14000|%|18200|30%|20900
넥스트아이|2011/06/14|-|%|10000|%|9000|-10%|7740
완리인터내셔널홀딩스|2011/06/13|-|%|4100|%|3850|-6.1%|3275
KT스카이라이프|2011/06/03|-|%|17000|%|17500|2.94%|20100
엘티에스|2011/06/02|-|%|34000|%|30600|-10%|30200
세아특수강|2011/06/01|-|%|28000|%|32500|16.07%|37350
케이엠에이치|2011/05/25|-|%|9500|%|8550|-10%|7270
골프존|2011/05/20|-|%|85000|%|94400|11.06%|85500
한국종합기술|2011/04/28|-|%|7100|%|9300|30.99%|7910
이퓨쳐|2011/04/27|-|%|6400|%|12800|100%|10900
티케이케미칼|2011/04/26|-|%|5000|%|4850|-3%|5570
일진머티리얼즈|2011/03/04|-|%|15800|%|15300|-3.16%|14100
부스타|2011/02/23|-|%|4200|%|3780|-10%|4345
현대위아|2011/02/21|-|%|65000|%|76500|17.69%|70200
나노신소재|2011/02/09|-|%|17000|%|17550|3.24%|14950
케이아이엔엑스|2011/02/08|-|%|8000|%|8000|0%|6950
티피씨|2011/02/08|-|%|5200|%|7000|34.62%|5950
엘비세미콘|2011/01/31|-|%|4700|%|4650|-1.06%|4550
제이엔케이히터|2011/01/31|-|%|13600|%|12250|-9.93%|14050
딜리|2011/01/31|-|%|8000|%|7600|-5%|8740
블루콤|2011/01/26|-|%|12000|%|18850|57.08%|16050
인트론바이오테크놀로지|2011/01/26|-|%|6100|%|12200|100%|10400
중국고섬공고|2011/01/25|-|%|7000|%|6300|-10%|5900
씨그널정보통신|2011/01/24|-|%|8500|%|17000|100%|14450
다나와|2011/01/24|-|%|14000|%|25800|84.29%|21950
인텍플러스|2011/01/05|-|%|7000|%|14000|100%|16100
티에스이|2011/01/05|-|%|45000|%|66600|48%|76500
KB게임(KB스팩)|2011/01/05|-|%|2500|%|2700|8%|3105
두산엔진|2011/01/04|-|%|19300|%|22350|15.8%|25700
액트|2010/12/27|-|%|2700|%|2430|-10%|2790
대구도시가스|2010/12/24|-|%|5400|%|5560|2.96%|6390
현대HCN|2010/12/23|-|%|3800|%|3420|-10%|3600
IBKS스마트스팩|2010/12/22|-|%|1000|%|990|-1%|998
대정화금|2010/12/20|-|%|9200|%|13100|42.39%|13800
케이티스(구.한국인포서비스)|2010/12/17|-|%|2700|%|2920|8.15%|2635
한전산업개발|2010/12/16|-|%|5500|%|5490|-0.18%|5060
동부티에스블랙펄스팩|2010/12/08|-|%|2000|%|1970|-1.5%|1970
하이제1호스팩|2010/12/03|-|%|4000|%|4060|1.5%|4010
세우테크|2010/12/01|-|%|5500|%|6500|18.18%|7470
코라오홀딩스|2010/11/30|-|%|4800|%|7300|52.08%|6210
대구방송|2010/11/29|-|%|7500|%|7100|-5.33%|8160
케이티롤|2010/11/26|-|%|6800|%|8210|20.74%|9440
시그네틱스|2010/11/26|-|%|2600|%|2700|3.85%|2460
한국전자인증|2010/11/19|-|%|1600|%|1800|12.5%|2070
코프라|2010/11/12|-|%|7000|%|14000|100%|11950
디케이락|2010/11/12|-|%|7500|%|7480|-0.27%|6460
하나그린스팩1호|2010/11/10|-|%|4000|%|4210|5.25%|4220
아나패스|2010/11/05|-|%|52000|%|54400|4.62%|62500
삼본정밀전자|2010/11/05|-|%|8800|%|9300|5.68%|8600
케이엔엔|2010/11/03|-|%|9000|%|8800|-2.22%|8270
부국퓨쳐스타즈스팩|2010/10/29|-|%|2000|%|2300|15%|2305
아이텍반도체|2010/10/26|-|%|9100|%|9150|0.55%|8000
누리플랜|2010/10/26|-|%|5500|%|8400|52.73%|7800
인화정공|2010/10/22|-|%|26000|%|30200|16.15%|25700
코렌|2010/10/22|-|%|5800|%|6300|8.62%|5860
아이씨코리아|2010/10/19|-|%|2800|%|4500|60.71%|4740
키움제1호스팩|2010/10/05|-|%|2000|%|2100|5%|1985
휠라코리아|2010/09/28|-|%|35000|%|70000|100%|68700
포메탈|2010/09/17|-|%|6000|%|5710|-4.83%|6560
알파칩스|2010/09/17|-|%|12000|%|15500|29.17%|16550
케이티씨에스(구.한국인포데이타|2010/09/16|-|%|2600|%|3055|17.5%|2600
성융광전투자|2010/09/15|-|%|2800|%|2920|4.29%|2810
다원시스|2010/09/14|-|%|11000|%|11300|2.73%|12950
현대홈쇼핑|2010/09/13|-|%|90000|%|124500|38.33%|130500
이트레이드1호스팩|2010/09/10|-|%|2000|%|2005|0.25%|1995
씨젠|2010/09/10|-|%|30500|%|27450|-10%|31550
와이솔|2010/09/10|-|%|8000|%|7200|-10%|8280
에이치엠씨아이비1호스팩|2010/08/31|-|%|2000|%|2120|6%|2145
교보케이티비스팩|2010/08/27|-|%|4000|%|3950|-1.25%|3950
에스비아이앤솔로몬드림스팩|2010/08/24|-|%|1250|%|1235|-1.2%|1220
대신증권그로쓰알파|2010/08/24|-|%|2000|%|1990|-0.5%|1975
한국투자신성장1호스팩|2010/08/24|-|%|2200|%|2210|0.45%|2200
도화종합기술공사|2010/08/12|-|%|22000|%|19800|-10%|16900
엠에스오토텍|2010/08/06|-|%|5500|%|11000|100%|9350
이글루시큐리티|2010/08/04|-|%|14000|%|12600|-10%|10750
아이마켓코리아|2010/07/30|-|%|15300|%|22100|44.44%|25400
인터로조|2010/07/28|-|%|12000|%|10800|-10%|9200
하이텍팜|2010/07/28|-|%|11500|%|16200|40.87%|13800
우진|2010/07/26|-|%|15000|%|30000|100%|34500
웨이포트(홍콩)|2010/07/23|-|%|1400|%|1395|-0.36%|1190
크루셜텍|2010/07/21|-|%|23500|%|31900|35.74%|27150
에스디시스템|2010/07/16|-|%|14800|%|17500|18.24%|20100
한화스팩1호|2010/07/09|-|%|5000|%|4960|-0.8%|4985
신영증권스팩1호|2010/07/02|-|%|1000|%|1065|6.5%|1005
웅진에너지|2010/06/30|-|%|9500|%|12000|26.32%|13800
유비벨록스|2010/06/18|-|%|11000|%|12250|11.36%|12800
처음앤씨|2010/06/18|-|%|13000|%|12100|-6.92%|13900
케이엔디티앤아이|2010/06/15|-|%|8500|%|11000|29.41%|9350
히든챔피언제1호스팩|2010/06/11|-|%|2000|%|1960|-2%|1900
이연제약|2010/06/10|-|%|16500|%|16500|0%|14050
솔라시아|2010/06/09|-|%|5000|%|9500|90%|8080
실리콘웍스|2010/06/08|-|%|67000|%|66900|-0.15%|70900
투비소프트|2010/06/01|-|%|8000|%|16000|100%|18400
인피니트헬스케어(구.인피니트테|2010/05/26|-|%|5200|%|5940|14.23%|5050
신한제1호스팩|2010/05/25|-|%|5000|%|4500|-10%|4450
모바일리더|2010/05/25|-|%|15000|%|21000|40%|18900
만도|2010/05/19|-|%|83000|%|97000|16.87%|111500
삼성생명|2010/05/12|-|%|110000|%|119500|8.64%|114000
우리스팩1호|2010/05/11|-|%|10000|%|10500|5%|10050
동아체육용품유한공사|2010/04/23|-|%|5000|%|4500|-10%|3825
뉴프라이드|2010/04/21|-|%|7500|%|15000|100%|12750
케이씨에스|2010/04/14|-|%|1600|%|3200|100%|3680
차이나킹하이웨이|2010/03/31|-|%|3700|%|4100|10.81%|3485
디지탈아리아|2010/03/26|-|%|11000|%|22000|100%|25300
동양밸류오션SPAC|2010/03/25|-|%|10000|%|15000|50%|12750
현대드림투게더|2010/03/19|-|%|6000|%|6800|13.33%|7820
대한생명보험|2010/03/17|-|%|8200|%|8700|6.1%|8850
미래에셋스팩1호|2010/03/12|-|%|1500|%|1540|2.67%|1770
대우증권그린코리아SPAC|2010/03/03|-|%|3500|%|3705|5.86%|3550
이미지스테크놀로지|2010/02/26|-|%|6000|%|6000|0%|6900
하이소닉|2010/02/09|-|%|13000|%|14200|9.23%|12500
인포바인|2010/02/09|-|%|33000|%|36000|9.09%|30600
차이나하오란리사이클링|2010/02/05|-|%|4700|%|4350|-7.45%|5000
에스이티아이|2010/02/04|-|%|17500|%|15750|-10%|15450
모베이스|2010/02/04|-|%|13200|%|17000|28.79%|14900
에이치디시에스|2010/02/02|-|%|15000|%|18500|23.33%|15750
지역난방공사|2010/01/29|-|%|45000|%|90000|100%|76500
락앤락|2010/01/28|-|%|15700|%|20000|27.39%|23000
우리넷|2010/01/27|-|%|6700|%|9900|47.76%|9300
스타플렉스|2010/01/27|-|%|15000|%|15700|4.67%|13350
아세아텍|2010/01/26|-|%|4100|%|3985|-2.8%|3400
영흥철강|2010/01/25|-|%|12000|%|12400|3.33%|13700
우노앤컴퍼니|2010/01/15|-|%|6500|%|5850|-10%|6720
승화엘엠씨|2010/01/06|-|%|6700|%|8800|31.34%|7480
코디에스|2010/01/05|-|%|6000|%|9300|55%|7910
글로벌에스엠테크리미티드|2009/12/23|-|%|3200|%|3710|15.94%|3650
KPX라이프사이언스|2009/12/22|-|%|6200|%|7600|22.58%|6460
동양피엔에프|2009/12/22|-|%|12000|%|17000|41.67%|14450
아이티엑스시큐리티|2009/12/22|-|%|6000|%|7400|23.33%|8510
위메이드엔터테인먼트|2009/12/18|-|%|62000|%|57000|-8.06%|50700
멜파스|2009/12/18|-|%|43200|%|45000|4.17%|51700
현대푸드시스템|2009/12/17|-|%|11600|%|18000|55.17%|16800
한전기술|2009/12/14|-|%|21600|%|27000|25%|31050
디오텍|2009/12/10|-|%|9000|%|11000|22.22%|12650
중국엔진집단유한공사|2009/12/04|-|%|6000|%|8500|41.67%|7230
이원컴포텍|2009/12/01|-|%|2000|%|4000|100%|4600
강원비앤이|2009/11/20|-|%|4700|%|5000|6.38%|5750
GKL|2009/11/19|-|%|12000|%|15000|25%|15850
이너스텍|2009/11/13|-|%|10000|%|11500|15%|13200
에스케이씨앤씨|2009/11/11|-|%|30000|%|32250|7.5%|35650
동방선기|2009/11/10|-|%|4000|%|4055|1.38%|3450
디엠씨|2009/11/06|-|%|6300|%|5670|-10%|4855
진매트릭스|2009/11/06|-|%|8000|%|8100|1.25%|9000
비츠로셀|2009/10/28|-|%|5500|%|5870|6.73%|5040
스틸플라워|2009/10/27|-|%|13500|%|14050|4.07%|13150
진로|2009/10/19|-|%|41000|%|40100|-2.2%|42450
한스바이오메드|2009/10/09|-|%|5500|%|7150|30%|6310
동양생명|2009/10/08|-|%|17000|%|15700|-7.65%|14150
네오위즈벅스|2009/10/06|-|%|9000|%|8100|-10%|9310
아이앤씨테크놀로지|2009/10/06|-|%|16000|%|16000|0%|13650
케이엔더블유|2009/09/29|-|%|11000|%|16000|45.45%|13600
쌍용머티리얼|2009/09/29|-|%|17500|%|15750|-10%|13600
에리트베이직|2009/09/28|-|%|4000|%|5490|37.25%|4670
모린스|2009/09/25|-|%|39000|%|36100|-7.44%|31300
디에스케이|2009/09/23|-|%|5000|%|10000|100%|11500
톱텍|2009/09/15|-|%|10400|%|13350|28.37%|15350
제넥신|2009/09/15|-|%|27000|%|30500|12.96%|27100
동국S&amp;C|2009/08/31|-|%|11000|%|9900|-10%|9910
에스앤더블류|2009/08/05|-|%|6700|%|10000|49.25%|8500
게임빌|2009/07/30|-|%|15000|%|19800|32%|16850
동일금속|2009/07/28|-|%|8000|%|10000|25%|11500
대우캐피탈|2009/06/25|-|%|8000|%|7900|-1.25%|7000
한미파슨스건축사사무소|2009/06/23|-|%|14500|%|19150|32.07%|22000
동아지질|2009/06/12|-|%|14500|%|16000|10.34%|18400
어보브반도체|2009/06/05|-|%|3300|%|5200|57.58%|5980
조이맥스|2009/06/03|-|%|55000|%|110000|100%|93500
차이나그레이트스타인터내셔널리|2009/05/29|-|%|1700|%|3400|100%|3450
이엔에프테크놀로지|2009/05/28|-|%|5500|%|11000|100%|9350
뉴그리드테크놀로지|2009/05/26|-|%|3500|%|7000|100%|8050
중국원양자원유한공사|2009/05/22|-|%|3100|%|6200|100%|7130
해덕선기|2009/05/21|-|%|8500|%|17000|100%|16200
한국정밀기계|2009/05/19|-|%|22000|%|44000|100%|50600
서울마린|2009/05/19|-|%|10000|%|20000|100%|17000
STX엔파코|2009/05/15|-|%|13000|%|26000|100%|29900
흥국|2009/05/12|-|%|4200|%|8400|100%|9660
신텍|2009/04/30|-|%|12500|%|25000|100%|26300
우림기계|2009/04/28|-|%|10000|%|16000|60%|18400
네프로아이티|2009/04/24|-|%|4500|%|9000|100%|10350
티플랙스|2009/04/23|-|%|3000|%|6000|100%|6900
에이테크솔루션|2009/04/17|-|%|5400|%|10800|100%|12400
엔에스브이|2009/04/17|-|%|4300|%|8600|100%|9890
에스티오|2009/04/17|-|%|5000|%|10000|100%|11500
에스앤에스텍|2009/04/14|-|%|4000|%|8000|100%|9200
뷰웍스|2009/04/10|-|%|9000|%|18000|100%|20700
코오롱생명과학|2009/04/07|-|%|23500|%|47000|100%|54000
네오피델리티|2009/03/31|-|%|4500|%|9000|100%|10350
중국식품포장유한공사|2009/03/27|-|%|1500|%|2260|50.67%|2595
이수앱지스|2009/02/03|-|%|5500|%|8000|45.45%|9200
유비쿼스|2009/01/23|-|%|6100|%|7000|14.75%|8050
대성파인텍|2009/01/23|-|%|3500|%|4495|28.43%|4190
메디톡스|2009/01/16|-|%|14000|%|13500|-3.57%|15500
엠게임|2008/12/19|-|%|10000|%|15000|50%|14800
아이컴포넌트|2008/12/16|-|%|3500|%|4235|21%|4100
연합과기공고유한공사|2008/12/04|-|%|2200|%|2600|18.18%|2500
LG파워콤|2008/11/27|-|%|5700|%|7000|22.81%|6730
에너지솔루션즈|2008/11/25|11100|7.77%|3000|270%|4210|40.33%|3625
이크레더블|2008/10/24|-|%|18000|%|16200|-10%|13800
심팩에이앤씨|2008/10/17|-|%|12000|%|10800|-10%|9200
사이버다임|2008/10/06|-|%|3100|%|4015|29.52%|4210
세운메디칼|2008/09/30|-|%|5600|%|9800|75%|8700
마이크로컨텍솔루션|2008/09/23|-|%|2000|%|3500|75%|2975
케이제이프리텍|2008/09/18|-|%|3000|%|2800|-6.67%|3220
삼강엠앤티|2008/08/01|-|%|6500|%|8100|24.62%|8100
LG이노텍|2008/07/24|-|%|40500|%|43000|6.17%|44200
아이엠|2008/07/23|-|%|5000|%|5437|8.74%|5523
한텍엔지니어링|2008/07/18|-|%|8500|%|7900|-7.06%|6720
코리아에스이|2008/07/15|-|%|5500|%|6100|10.91%|5190
슈프리마|2008/07/11|-|%|27100|%|24400|-9.96%|23100
명문제약|2008/07/10|-|%|6000|%|5400|-10%|4700
이스트소프트|2008/07/01|-|%|9800|%|16000|63.27%|13600
서울옥션|2008/07/01|-|%|11000|%|9900|-10%|8420
비유와상징|2008/06/30|-|%|33000|%|29700|-10%|25250
씨디아이홀딩스|2008/06/27|-|%|33000|%|35100|6.36%|40350
윌덱스|2008/06/19|-|%|10000|%|9000|-10%|10350
쎄트렉아이|2008/06/13|-|%|43000|%|48000|11.63%|40800
브리지텍|2008/06/04|-|%|3100|%|3200|3.23%|3495
고영테크놀러지|2008/06/03|20500|2.24%|11500|78.26%|10350|-10%|10300
제이씨엔터테인먼트|2008/05/30|-|%|10500|%|10500|0%|8950
세미텍|2008/05/23|-|%|5000|%|5710|14.2%|5200
테스|2008/05/20|-|%|34000|%|38500|13.24%|32750
우진비앤지|2008/05/20|-|%|4000|%|7700|92.5%|6550
예스이십사|2008/05/07|-|%|6300|%|10000|58.73%|8500
엘디티|2008/05/02|-|%|3800|%|7250|90.79%|8330
실리콘화일|2008/04/25|-|%|6000|%|6100|1.67%|7010
메타바이오메드|2008/04/15|-|%|9000|%|12500|38.89%|10650
효성오앤비|2008/04/08|-|%|7500|%|9950|32.67%|8460
네패스신소재|2008/04/04|-|%|4400|%|7650|73.86%|8790
제너시스템즈|2008/03/26|-|%|3500|%|4700|34.29%|3995
텔레필드|2008/02/01|-|%|5000|%|5000|0%|4840
넥실리온|2008/01/30|-|%|3500|%|4200|20%|3610
코웰이홀딩스|2008/01/29|-|%|2000|%|1900|-5%|1615
네오엠텔|2008/01/25|-|%|8500|%|10000|17.65%|8500
마이스코|2008/01/25|-|%|18000|%|18000|0%|16650
엔케이|2008/01/24|-|%|10000|%|9000|-10%|10350
에스맥|2008/01/23|-|%|3500|%|3410|-2.57%|3450
일신랩|2007/12/26|-|%|4500|%|6000|33.33%|5100
쎄믹스|2007/12/26|-|%|3300|%|3900|18.18%|3315
미성포리테크|2007/12/20|-|%|6300|%|5900|-6.35%|5020
서원인텍|2007/12/20|-|%|6000|%|5500|-8.33%|5560
이씨에스텔레콤|2007/12/18|-|%|2500|%|3200|28%|2720
대창메탈|2007/12/17|-|%|6500|%|8500|30.77%|7230
한전KPS|2007/12/14|-|%|13300|%|17100|28.57%|19650
위즈위드|2007/12/05|-|%|5200|%|5650|8.65%|6490
성진지오텍|2007/11/29|-|%|14000|%|13400|-4.29%|11400
화풍방직|2007/11/26|-|%|5600|%|6300|12.5%|7240
세실|2007/11/20|-|%|11000|%|9900|-10%|11350
알에프세미|2007/11/20|-|%|4800|%|4600|-4.17%|5290
디엔에프|2007/11/16|-|%|12000|%|10800|-10%|9200
씨모텍|2007/11/14|-|%|23000|%|25000|8.7%|23000
제이에스전선|2007/11/12|-|%|24000|%|48000|100%|40800
일진정공|2007/11/06|-|%|5200|%|10400|100%|11950
비엠티|2007/11/02|-|%|8000|%|7200|-10%|8280
쉘라인|2007/11/01|-|%|17400|%|15700|-9.77%|13350
기신정기|2007/10/30|-|%|10000|%|14800|48%|12600
이엠코리아|2007/10/29|-|%|8500|%|9390|10.47%|7990
이엘케이|2007/10/29|-|%|10000|%|9000|-10%|7650
KSS해운|2007/10/26|-|%|65000|%|130000|100%|149500
효성ITX|2007/10/25|-|%|5000|%|10000|100%|11500
현우산업|2007/10/24|-|%|6800|%|6500|-4.41%|5530
다믈멀티미디어|2007/10/19|-|%|4500|%|5300|17.78%|6090
디아이씨|2007/10/18|-|%|63000|%|61000|-3.17%|51900
에스에너지|2007/10/16|-|%|19000|%|38000|100%|43700
성우전자|2007/10/12|-|%|11000|%|9900|-10%|8420
제이엠텔레콤|2007/10/12|-|%|5700|%|5700|0%|6550
엘지에스|2007/10/12|-|%|11000|%|9900|-10%|8420
오디텍|2007/10/08|-|%|10000|%|9320|-6.8%|9080
미래나노텍|2007/10/01|-|%|37000|%|38000|2.7%|32300
상보|2007/10/01|-|%|15000|%|16500|10%|14100
아이에스시테크놀러지|2007/10/01|-|%|21000|%|18900|-10%|16100
네오티스|2007/10/01|-|%|11500|%|11500|0%|9800
바이오톡스텍|2007/09/21|-|%|5500|%|7900|43.64%|9080
에스티엑스팬오션|2007/09/21|-|%|1720|%|1775|3.2%|2040
옴니시스템|2007/09/19|-|%|6500|%|7160|10.15%|6090
연이정보통신|2007/09/19|-|%|4000|%|3670|-8.25%|3120
푸른기술|2007/09/14|-|%|12500|%|12500|0%|14350
웨이브일렉트로닉스|2007/09/12|-|%|10000|%|10100|1%|8600
넥스지|2007/08/20|-|%|9600|%|12000|25%|10200
빅솔론|2007/08/20|-|%|10000|%|12000|20%|10200
3노드디지탈|2007/08/17|-|%|2500|%|3000|20%|3450
에스엔케이폴리텍|2007/07/30|-|%|8900|%|12500|40.45%|14350
아구스|2007/07/27|-|%|14500|%|19850|36.9%|16950
아로마소프트|2007/07/25|-|%|8200|%|12900|57.32%|11000
에코프로|2007/07/20|-|%|9000|%|16000|77.78%|18400
바로비젼|2007/07/20|-|%|8900|%|12000|34.83%|11700
메모리앤테스팅|2007/07/18|-|%|8000|%|15900|98.75%|13550
컴투스|2007/07/06|-|%|12000|%|24000|100%|20400
디지텍시스템스|2007/07/04|-|%|21000|%|37500|78.57%|43100
삼성카드|2007/06/27|-|%|48000|%|62200|29.58%|61200
넥스트칩|2007/06/26|-|%|15700|%|31400|100%|26700
엔텔스|2007/06/20|-|%|10000|%|20000|100%|23000
풍강|2007/06/01|-|%|3700|%|7300|97.3%|7800
케이프|2007/05/29|-|%|18000|%|36000|100%|30600
동국제약|2007/05/29|-|%|14000|%|28000|100%|32200
상신이디피|2007/05/23|-|%|7000|%|14000|100%|11900
잘만테크|2007/05/22|-|%|14000|%|24000|71.43%|24100
한라레벨|2007/05/22|-|%|8600|%|17200|100%|19750
에버테크노|2007/05/22|-|%|5200|%|8000|53.85%|8200
에프알텍|2007/05/18|-|%|3300|%|6000|81.82%|6900
이엠텍|2007/05/02|-|%|7100|%|11000|54.93%|9350
이트레이드증권|2007/02/21|-|%|6500|%|13000|100%|14950
오스템임플란트|2007/02/07|-|%|15000|%|16400|9.33%|17050
나노캠텍|2007/01/30|-|%|7000|%|13000|85.71%|11050
네오팜|2007/01/30|-|%|8000|%|12100|51.25%|10800
비에이치|2007/01/26|-|%|4600|%|4805|4.46%|4020
젯텍|2007/01/10|-|%|7000|%|8500|21.43%|9770
동아엘텍|2007/01/03|-|%|6000|%|7020|17%|6250
신양엔지니어링|2006/12/27|-|%|9100|%|9400|3.3%|10800
아비스타|2006/12/26|-|%|11100|%|13200|18.92%|11300
디앤티|2006/12/22|-|%|6200|%|9100|46.77%|7740
펜타마이크로|2006/12/19|-|%|10200|%|14000|37.25%|11900
휴온스|2006/12/19|-|%|9300|%|17100|83.87%|14550
한국컴퓨터|2006/12/13|-|%|23500|%|37000|57.45%|42550
파트론|2006/12/13|-|%|8300|%|10150|22.29%|11650
유니테스트|2006/12/05|-|%|22000|%|28000|27.27%|23800
다사테크|2006/12/05|-|%|12000|%|24000|100%|27600
에스에이티|2006/11/28|-|%|5200|%|10400|100%|11950
큐에스아이|2006/11/24|-|%|6800|%|13600|100%|11600
크레듀|2006/11/16|-|%|24000|%|48000|100%|55200
주연테크|2006/11/15|-|%|6400|%|10200|59.38%|11700
화신테크|2006/11/10|-|%|2700|%|5400|100%|6210
고려반도체시스템|2006/11/08|-|%|5500|%|8000|45.45%|9200
인천도시가스|2006/11/07|-|%|19000|%|34000|78.95%|28950
성창에어텍|2006/11/03|-|%|3400|%|6000|76.47%|6400
넥스턴|2006/11/01|-|%|4100|%|4600|12.2%|5290
제이티|2006/10/27|-|%|2700|%|4000|48.15%|3400
이녹스|2006/10/20|-|%|6500|%|9630|48.15%|8290
광진윈텍|2006/10/20|-|%|2600|%|5200|100%|5980
삼정펄프|2006/10/17|-|%|29000|%|55400|91.03%|48500
용현비엠|2006/10/10|-|%|9000|%|13000|44.44%|11400
바텍|2006/09/28|-|%|6700|%|8920|33.13%|9000
엠디에스테크놀로지|2006/09/26|-|%|13000|%|17500|34.62%|20100
현대EP|2006/09/25|-|%|18500|%|37000|100%|42550
평산|2006/08/22|-|%|15500|%|24400|57.42%|21400
엘씨텍|2006/08/08|-|%|1500|%|3000|100%|3450
지오텔|2006/08/01|-|%|9800|%|9250|-5.61%|7870
트라이콤|2006/07/25|-|%|4800|%|4320|-10%|3675
젠트로|2006/07/25|-|%|2200|%|2400|9.09%|2760
티엘아이|2006/07/25|-|%|11400|%|11000|-3.51%|9820
엑스씨이|2006/07/21|-|%|7500|%|6900|-8%|6850
한국전자금융|2006/07/14|-|%|20500|%|32950|60.73%|28050
미디어플렉스|2006/07/07|-|%|24000|%|37500|56.25%|34800
팬엔터테인먼트|2006/07/07|-|%|7000|%|9900|41.43%|8420
맥스엔지니어링|2006/07/04|-|%|2900|%|4285|47.76%|3645
사이버패스|2006/07/04|-|%|5200|%|4860|-6.54%|4140
인포뱅크|2006/07/04|-|%|4600|%|4610|0.22%|3920
켐트로닉스|2006/01/17|-|%|9500|%|9800|3.16%|11250
오스코텍|2006/01/17|-|%|9000|%|13000|44.44%|14950
