유일로보틱스|2022.03.07~03.08|-|7600~9200||한국투자증권
보로노이|2022.03.07~03.08|-|50000~65000||한국투자증권,미래에셋증권
대명에너지|2022.03.03~03.04|-|25000~29000||한국투자증권,삼성증권
지투파워|2022.03.02~03.03|-|13500~16400||한국투자증권,KB증권
모아데이타|2022.02.25~02.28|-|24000~28000||하나금융투자
SK증권스팩7호|2022.02.22~02.23|-|2000~2000||SK증권
노을|2022.02.21~02.22|-|13000~17000||한국투자증권㈜한국투자증권,삼성증권
비씨엔씨|2022.02.21~02.22|-|9000~11500||NH투자증권
풍원정밀|2022.02.17~02.18|-|13200~15200||대신증권
브이씨|2022.02.15~02.16|-|15000~19500||한국투자증권
스톤브릿지벤처스|2022.02.15~02.16|-|9000~10500||KB증권,삼성증권
하나금융스팩21호|2022.02.15~02.16|-|2000~2000||하나금융투자
퓨런티어|2022.02.14~02.15|-|11400~13700||유안타증권,신한금융투자
한국스팩10호|2022.02.10~02.11|2000|2000~2000||한국투자증권
바이오에프디엔씨|2022.02.09~02.10|28000|23000~29000||DB금융투자
IBKS스팩17호|2022.02.08~02.09|-|2000~2000||IBK투자증권
인카금융서비스|2022.02.07~02.08|18000|23000~27000||한국투자증권
나래나노텍|2022.01.24~01.25|17500|17500~20500|24.36:1|미래에셋증권
아셈스|2022.01.24~01.25|8000|7000~8000|2435.07:1|한국투자증권
스코넥엔터테인먼트|2022.01.20~01.21|13000|9000~12000|1751.25:1|신영증권
이지트로닉스|2022.01.20~01.21|22000|19000~22000|887.40:1|NH투자증권
LG에너지솔루션|2022.01.18~01.19|300000|257000~300000|69.34:1|KB증권,대신증권,신한금융,미래에셋증권,신영증권,하나금융,하이투자
애드바이오텍|2022.01.13~01.14|7000|7000~8000|27.20:1|대신증권
케이옥션|2022.01.12~01.13|20000|17000~20000|1408.33:1|신영증권
오토앤|2022.01.11~01.12|5300|4200~4800|2395.63:1|미래에셋증권,현대차증권
디비금융스팩10호|2022.01.10~01.11|2000|2000~2000|234.95:1|DB금융투자
래몽래인|2021.12.20~12.21|15000|11500~13000|2054.63:1|IBK투자증권
하나금융스팩20호|2021.12.16~12.17|2000|2000~2000|339.28:1|하나금융투자
NH스팩22호|2021.12.16~12.17|2000|2000~2000|362.29:1|NH투자증권
하이스팩7호|2021.12.09~12.10|2000|2000~2000|93.32:1|하이투자증권
교보스팩11호|2021.12.09~12.10|2000|2000~2000|107:1|교보증권
케이티비네트워크|2021.12.06~12.07|5800|5800~7200|327.26:1|한국투자증권,NH투자증권,삼성증권,유진투자증권,하이투자증권,KB증권
툴젠|2021.12.02~12.03|70000|100000~120000|164.13:1|한국투자증권
신한서부티엔디리츠|2021.11.24~11.26|5000|5000~5000|151.98:1|한국투자증권,신한금융투자,하나금융투자
대신밸런스스팩11호|2021.11.22~11.23|2000|2000~2000|150.83:1|대신증권
미래에셋글로벌리츠|2021.11.22~11.24|5000|5000~5000|753.4:1|미래에셋증권,KB증권,NH투자증권
알비더블유|2021.11.11~11.12|21400|18700~21400|3706.79:1|미래에셋증권
마인즈랩|2021.11.11~11.12|30000|26000~30000|89.9:1|NH투자증권,하나금융투자
바이옵트로|2021.11.09~11.10|7500|7500~8500|68.11:1|한국투자증권
트윔|2021.11.08~11.09|22000|17800~20400|2266.84:1|대신증권
NH올원리츠|2021.11.03~11.05|5000|5000~5000|453.48:1|한국투자증권,NH투자증권,대신증권
지오엘리먼트|2021.11.02~11.03|10000|7600~8700|1537.44:1|NH투자증권
비트나인|2021.11.01~11.02|11000|8700~9700|589.64:1|하나금융투자
디어유|2021.11.01~11.02|26000|18000~24000|1598.15:1|한국투자증권
아이티아이즈|2021.11.01~11.02|14300|12500~14300|633.61:1|신한금융투자
지니너스|2021.10.27~10.28|20000|24700~32200|162.5:1|대신증권,NH투자증권
카카오페이|2021.10.25~10.26|90000|60000~90000|29.6:1|삼성증권,대신증권,한국투자증권,신한금융투자
피코그램|2021.10.25~10.26|12500|11000~12500|1520.35:1|IBK투자증권
엔켐|2021.10.21~10.22|42000|30000~35000|1275.69:1|대신증권,신한금융투자
리파인|2021.10.20~10.21|21000|21000~24000|5.95:1|KB증권
지앤비에스엔지니어링|2021.10.19~10.20|17400|14300~17400|1479.87:1|삼성증권
아이패밀리에스씨|2021.10.18~10.19|25000|39000~48000|20.88:1|삼성증권
차백신연구소|2021.10.12~10.13|11000|11000~15000|42.16:1|삼성증권
지아이텍|2021.10.12~10.13|14000|11500~13100|2968.35:1|미래에셋증권
NH스팩21호|2021.10.05~10.06|2000|2000~2000|477.64:1|NH투자증권
케이카|2021.09.30~10.01|25000|34300~43200|8.72:1|NH투자증권,대신증권,삼성증권,하나금융투자
씨유테크|2021.09.28~09.29|6000|5100~5600|1408.69:1|대신증권
원준|2021.09.27~09.28|65000|52000~60000|1623.28:1|NH투자증권
하나금융스팩19호|2021.09.27~09.28|2000|2000~2000|95.76:1|하나금융투자
아스플로|2021.09.27~09.28|25000|19000~22000|2818.08:1|미래에셋증권
NH스팩20호|2021.09.23~09.24|2000|2000~2000|480.51:1|NH투자증권
에스앤디|2021.09.14~09.15|28000|30000~32000|4.20:1|유진투자증권
실리콘투|2021.09.14~09.15|27200|23800~27200|1701:1|삼성증권,미래에셋증권
프롬바이오|2021.09.14~09.15|18000|21500~24500|48.24:1|NH투자증권
신한스팩8호|2021.09.13~09.14|2000|2000~2000|361.39:1|신한금융투자
바이오플러스|2021.09.13~09.14|31500|28500~31500|1206.63:1|키움증권
현대중공업|2021.09.07~09.08|60000|52000~60000|404.29:1|미래에셋,한국투자,하나금융,KB증권,삼성증권,대신증권,DB금융,신영증권
대신밸런스스팩10호|2021.09.06~09.07|2000|2000~2000|207.57:1|대신증권
유진스팩7호|2021.09.02~09.03|2000|2000~2000|3921.38:1|유진증권
와이엠텍|2021.08.31~09.01|28000|21000~25000|2939.57:1|KB증권
에이비온|2021.08.30~08.31|17000|14500~17000|30.66:1|미래에셋증권,한화투자증권,유진투자증권
SK리츠|2021.08.30~09.01|5000|5000~5000|552:1|한국투자증권,삼성증권,SK증권,하나금융투자
일진하이솔루스|2021.08.24~08.25|34300|25700~34300|654.5:1|미래에셋증권,삼성증권,현대차증권,대신증권
IBKS스팩16호|2021.08.24~08.25|2000|2000~2000|388.37:1|IBK투자증권
바이젠셀|2021.08.12~08.13|52700|42800~52700|886.2:1|대신증권,KB증권
브레인즈컴퍼니|2021.08.09~08.10|25000|20000~22500|1190.39:1|키움증권
아주스틸|2021.08.09~08.10|15100|12700~15100|1419.73:1|미래에셋증권
롯데렌탈|2021.08.09~08.10|59000|47000~59000|65.81:1|NH투자증권,한국투자증권,KB증권,미래에셋증권,삼성증권,신한금융,키움증권,하나금융
딥노이드|2021.08.05~08.06|42000|31500~42000|834.86:1|KB증권
한컴라이프케어|2021.08.05~08.06|13700|10700~13700|109.8:1|미래에셋증권
디앤디플랫폼리츠|2021.08.05~08.09|5000|5000~5000|36.43:1|NH투자증권,신한금융투자,대신증권
플래티어|2021.08.04~08.05|11000|8500~10000|2498.8:1|KB증권,하나금융투자
엠로|2021.08.04~08.05|22600|20100~22600|250:1|한국투자증권
크래프톤|2021.08.02~08.03|498000|400000~498000|7.79:1|미래에셋증권,NH투자증권,삼성증권
원티드랩|2021.08.02~08.03|35000|28000~35000|1731.23:1|한국투자증권
에이치케이이노엔|2021.07.29~07.30|59000|50000~59000|388.9:1|한국투자증권,삼성증권
카카오뱅크|2021.07.26~07.27|39000|33000~39000|181.1:1|KB증권,한국투자증권,하나금융투자,현대차증권
한화플러스스팩2호|2021.07.26~07.27|2000|2000~2000|481.19:1|한화투자증권
에브리봇|2021.07.19~07.20|36700|32600~36700|159.42:1|NH투자증권
맥스트|2021.07.16~07.19|15000|11000~13000|6762.75:1|하나금융투자
큐라클|2021.07.13~07.14|25000|20000~25000|1546.9:1|삼성증권,NH투자증권
에스디바이오센서|2021.07.08~07.09|52000|45000~52000|274.02:1|NH투자증권,한국투자증권,삼성증권,KB증권
오비고|2021.07.01~07.02|14300|12400~14300|1485.15:1|NH투자증권
아모센스|2021.06.15~06.16|12400|12400~15200|26.55:1|신한금융투자
이노뎁|2021.06.09~06.10|18000|14000~18000|692.12:1|하이투자증권
삼성머스트스팩5호|2021.06.08~06.09|2000|2000~2000|908.55:1|삼성증권
라온테크|2021.06.07~06.08|18000|12800~15800|779.10:1|KB증권
엘비루셈|2021.06.02~06.03|14000|12000~14000|824.51:1|한국투자증권,KB증권
에이디엠코리아|2021.05.25~05.26|3800|2900~3300|2345.4:1|하나금융투자
제주맥주|2021.05.13~05.14|3200|2600~2900|1747.82:1|대신증권
진시스템|2021.05.13~05.14|20000|16000~20000|354.58:1|삼성증권
삼영에스앤씨|2021.05.11~05.12|11000|7800~10000|2392.84:1|미래에셋증권
삼성스팩4호|2021.05.11~05.12|2000|2000~2000|78.63:1|삼성증권
NH스팩19호|2021.05.11~05.12|2000|2000~2000|21.64:1|NH투자증권
샘씨엔에스|2021.05.10~05.11|6500|5000~5700|1104.29:1|대신증권
씨앤씨인터내셔널|2021.05.06~05.07|47500|35000~47500|898:1|NH투자증권,삼성증권,대신증권
에이치피오|2021.05.03~05.04|22200|22200~25400|95.01:1|대신증권,키움증권
하이스팩6호|2021.04.28~04.29|2000|2000~2000|7.63:1|하이투자증권
SK아이이테크놀로지|2021.04.28~04.29|105000|78000~105000|288.17:1|미래에셋증권,한국투자증권,SK증권,삼성증권,NH투자증권
쿠콘|2021.04.19~04.20|45000|31000~40000|1596.32:1|하나금융투자,삼성증권
해성티피씨|2021.04.12~04.13|13000|9500~11500|2053.27:1|한국투자증권
이삭엔지니어링|2021.04.12~04.13|11500|9500~11500|2262.09:1|신한금융투자
유진스팩6호|2021.03.30~03.31|2000|2000~2000|236.23:1|유진증권
유안타스팩8호|2021.03.25~03.26|2000|2000~2000|84.91:1|유안타증권
엔시스|2021.03.22~03.23|19000|13000~16500|2573.60:1|미래에셋증권
자이언트스텝|2021.03.15~03.16|11000|9000~11000|2342:1|한국투자증권
제노코|2021.03.15~03.16|36000|27000~33000|2095.45:1|DB금융투자
라이프시맨틱스|2021.03.11~03.12|12500|9000~12500|1774.57:1|한국투자증권
SK바이오사이언스|2021.03.09~03.10|65000|49000~65000|335.36:1|NH투자증권,한국투자증권,미래에셋증권,SK증권,삼성증권,하나금융투자
바이오다인|2021.03.08~03.09|30000|22500~28700|48.36:1|대신증권
디비금융스팩9호|2021.03.05~03.08|2000|2000~2000|8.56:1|DB금융투자
네오이뮨텍|2021.03.04~03.05|7500|5400~6400|664.65:1|하나금융투자,미래에셋대우
프레스티지바이오로직스|2021.03.02~03.03|12400|8700~12400|126.06:1|미래에셋증권,유안타증권
싸이버원|2021.03.02~03.03|9500|7600~8300|1880.43:1|키움증권
나노씨엠에스|2021.02.25~02.26|20000|14500~18500|1243.48:1|키움증권
하나머스트스팩7호|2021.02.23~02.24|2000|2000~2000|237.46:1|하나금융투자
IBKS스팩15호|2021.02.18~02.19|2000|2000~2000|101.73:1|IBK투자증권
뷰노|2021.02.16~02.17|21000|15000~19500|1102.7:1|미래에셋대우,삼성증권
씨이랩|2021.02.15~02.16|35000|23000~31000|195.53:1|아이비케이투자증권
유일에너테크|2021.02.15~02.16|16000|11000~14000|683.55:1|신영증권
오로스테크놀로지|2021.02.15~02.16|21000|17000~21000|1033.82:1|키움증권
피엔에이치테크|2021.02.03~02.04|18000|14000~17000|1528.76:1|한국투자증권
하나금융스팩17호|2021.01.29~02.01|2000|2000~2000|168.68:1|하나금융투자
아이퀘스트|2021.01.27~01.28|11000|9200~10600|2853.34:1|미래에셋대우
프레스티지바이오파마|2021.01.25~01.26|32000|25000~32000|237.13:1|삼성증권,KB증권
와이더플래닛|2021.01.25~01.26|16000|12000~15000|1357.98:1|한국투자증권
레인보우로보틱스|2021.01.25~01.26|10000|7000~9000|1201.26:1|미래에셋대우,대신증권
신한스팩7호|2021.01.25~01.26|2000|2000~2000|7.45:1|신한금융투자
솔루엠|2021.01.21~01.22|17000|13700~15500|1147.76:1|미래에셋대우,케이비증권,하나금융투자,신한금융투자,삼성증권
핑거|2021.01.21~01.22|16000|13000~15000|939.39:1|대신증권
씨앤투스성진|2021.01.19~01.20|32000|26000~32000|674.04:1|미래에셋대우
모비릭스|2021.01.19~01.20|14000|10500~14000|1485.51:1|한국투자증권,KB증권,신영증권
선진뷰티사이언스|2021.01.18~01.19|11500|10100~11500|1987.74:1|신한금융투자,삼성증권
엔비티|2021.01.12~01.13|19000|13200~17600|4397.67:1|미래에셋대우
한국스팩9호|2021.01.12~01.13|2000|2000~2000|46.54:1|한국투자증권
유안타스팩7호|2020.12.17~12.18|2000|2000~2000|0.22:1|유안타증권
석경에이티|2020.12.15~12.16|10000|8000~10000|1751.58:1|한국투자증권
지놈앤컴퍼니|2020.12.14~12.15|40000|36000~40000|1175.10:1|한국투자증권
프리시젼바이오|2020.12.14~12.15|12500|10500~12500|1557.29:1|한국투자증권
대신밸런스스팩9호|2020.12.14~12.15|2000|2000~2000|5.31:1|대신증권
엔에이치스팩18호|2020.12.11~12.14|2000|2000~2000|6.81:1|NH투자증권
알체라|2020.12.10~12.11|10000|8000~10000|1322.58:1|신영증권,NH투자증권
에프앤가이드|2020.12.08~12.09|7000|5200~6500|1353.9:1|신영증권,삼성증권
에이치엠씨아이비스팩5호|2020.12.07~12.08|2000|2000~2000|0.64:1|현대차증권
이에스알켄달스퀘어리츠|2020.12.04~12.08|5000|5000~5000|3.59:1|한국투자증권,씨티증권,모간스탠리
티엘비|2020.12.03~12.04|38000|33200~38000|1551.19:1|DB금융투자
인바이오|2020.12.02~12.03|5800|5100~5800|1414.15:1|한국투자증권
엔젠바이오|2020.12.01~12.02|14000|10500~14000|1502.4:1|삼성증권
퀀타매트릭스|2020.11.30~12.01|25500|19700~25500|167.87:1|미래에셋대우
디비금융스팩8호|2020.11.30~12.01|2000|2000~2000|0.71:1|DB금융투자
명신산업|2020.11.27~11.30|6500|4900~5800|1372.94:1|미래에셋대우,현대차증권,하나금융투자,케이비증권
엔에프씨|2020.11.23~11.24|13400|10200~13400|643.85:1|삼성증권
앱코|2020.11.23~11.24|24300|21400~24300|978.13:1|미래에셋대우
포인트모바일|2020.11.23~11.24|15000|13000~15000|1842.97:1|하나금융투자
클리노믹스|2020.11.23~11.24|13900|10900~13900|341.46:1|대신증권
제일전기공업|2020.11.17~11.18|17000|15000~17000|1396.1:1|하나금융투자,한화투자증권
하나기술|2020.11.13~11.16|35000|31000~35000|1802.10:1|하나금융투자
티앤엘|2020.11.12~11.13|36000|34000~38000|1109.19:1|한국투자증권
에이플러스에셋어드바이저|2020.11.10~11.11|7500|10500~12300|24.75:1|NH투자증권,IBK투자증권
네패스아크|2020.11.09~11.10|26500|23400~26500|830.21:1|미래에셋대우
고바이오랩|2020.11.09~11.10|15000|18000~23000|566.54:1|삼성증권,대신증권
교촌에프앤비|2020.11.03~11.04|12300|10600~12300|1318.29:1|미래에셋대우
소룩스|2020.10.29~10.30|10000|8000~10000|1660.08:1|미래에셋대우
위드텍|2020.10.20~10.21|25000|21000~25000|1185.51:1|하나금융투자
센코|2020.10.20~10.21|13000|10000~13000|366.42:1|한국투자증권
바이브컴퍼니|2020.10.19~10.20|28000|23000~28000|1266.22:1|한국투자증권,신영증권
미코바이오메드|2020.10.13~10.14|15000|12000~15000|41.74:1|KB증권
피플바이오|2020.10.07~10.08|20000|25000~30000|51.08:1|키움증권
하이브(구.빅히트)|2020.10.05~10.06|135000|105000~135000|606.97:1|NH투자증권,한국투자증권,미래에셋대우,키움증권
넥스틴|2020.09.24~09.25|75400|61500~75400|13.92:1|케이비증권
원방테크|2020.09.15~09.16|54300|43000~54300|348.77:1|미래에셋대우
엔에이치스팩17호|2020.09.14~09.15|2000|2000~2000|0.59:1|NH투자증권
비나텍|2020.09.14~09.15|33000|27000~32000|1386.85:1|대신증권
박셀바이오|2020.09.10~09.11|30000|30000~35000|96.44:1|하나금융투자
비비씨|2020.09.09~09.10|30700|27100~30700|464.19:1|미래에셋대우
핌스|2020.09.09~09.10|19000|15000~19000|1161.84:1|DB금융투자
교보스팩10호|2020.09.07~09.08|2000|2000~2000|0.17:1|교보증권
압타머사이언스|2020.09.07~09.08|25000|20000~25000|1251.29:1|키움증권
이오플로우|2020.09.03~09.04|19000|18000~21000|686.71:1|하나금융투자
카카오게임즈|2020.09.01~09.02|24000|20000~24000|1524.8:1|한국투자증권,삼성증권,KB증권
피엔케이피부임상연구센타|2020.08.31~09.01|18300|16100~18300|1727.11:1|미래에셋대우
미래에셋대우스팩5호|2020.08.18~08.19|2000|2000~2000|5.78:1|미래에셋대우
아이디피|2020.08.11~08.12|9800|8800~9800|1149.83:1|키움증권
셀레믹스|2020.08.10~08.11|20000|16100~20000|1176.45:1|대신증권
미투젠|2020.08.05~08.06|27000|21000~27000|1010.86:1|미래에셋대우
코람코에너지플러스리츠|2020.08.05~08.07|5000|5000~5000|1.54:1|NH투자증권,대신증권,신영증권,이베스트투자증권,한국투자증권
브랜드엑스코퍼레이션|2020.08.04~08.05|13000|12400~15300|8.54:1|대신증권,삼성증권
영림원소프트랩|2020.08.03~08.04|11500|9500~11500|2493.57:1|미래에셋대우
한국파마|2020.07.29~07.30|9000|6500~8500|2036:1|미래에셋대우,SK증권
이루다|2020.07.27~07.28|9000|7500~9000|3039.55:1|미래에셋대우
제이알글로벌리츠|2020.07.22~07.24|5000|5000~5000|0.23:1|KB증권,메리츠증권,대신증권
이엔드디|2020.07.21~07.22|14400|12350~14400|808.62:1|아이비케이투자증권
와이팜|2020.07.21~07.22|11000|9700~11000|712.13:1|NH투자증권
에이치엠씨아이비스팩4호|2020.07.20~07.21|2000|2000~2000|0.68:1|현대차증권
엠투아이|2020.07.16~07.17|15600|15600~18900|176.83:1|미래에셋대우
더네이쳐홀딩스|2020.07.15~07.16|46000|45000~50000|151.9:1|한국투자증권
하나금융스팩16호|2020.07.14~07.15|2000|2000~2000|5.51:1|하나금융투자
제놀루션|2020.07.14~07.15|14000|12000~14000|894.67:1|신영증권
솔트룩스|2020.07.13~07.14|25000|24000~30000|953.53:1|한국투자증권
티에스아이|2020.07.13~07.14|10000|7500~9500|1621.1:1|한국투자증권
미래에셋맵스리츠1호|2020.07.13~07.15|5000|5000~5000|9:1|미래에셋대우,신한금융투자,SK증권
에이프로|2020.07.08~07.09|21600|19000~21600|1582.52:1|NH투자증권
IBKS스팩13호|2020.07.06~07.07|2000|2000~2000|11.01:1|아이비케이투자증권
이지스레지던스리츠|2020.07.06~07.08|5000|5000~5000|2.6:1|삼성증권,디비금융투자,유안타증권
소마젠|2020.06.29~06.30|11000|11000~15000|4.42:1|신한금융투자
위더스제약|2020.06.25~06.26|15900|13900~15900|1082.03:1|NH투자증권,삼성증권
신도기연|2020.06.25~06.26|16000|14000~16000|955.01:1|한국투자증권
SK바이오팜|2020.06.23~06.24|49000|36000~49000|323.03:1|NH투자증권,한국투자증권,SK증권,하나금융투자
마크로밀엠브레인|2020.06.18~06.19|6800|5200~6400|888.01:1|NH투자증권
이지스밸류플러스리츠|2020.06.16~06.17|5000|5000~5000|26.86:1|삼성증권,한화투자증권,신영증권
젠큐릭스|2020.06.15~06.16|22700|22700~26100|12.35:1|미래에셋대우
IBKS스팩14호|2020.06.11~06.12|2000|2000~2000|2.06:1|아이비케이투자증권
엘이티|2020.06.11~06.12|7800|6400~7800|1552.16:1|미래에셋대우
에스씨엠생명과학|2020.06.08~06.09|17000|14000~17000|814.91:1|한국투자증권
엔에이치스팩16호|2020.06.08~06.09|2000|2000~2000|0.78:1|NH투자증권
드림씨아이에스|2020.05.12~05.13|14900|13000~14900|669.22:1|NH투자증권
이베스트스팩5호|2020.05.11~05.12|2000|2000~2000|0.21:1|이베스트투자증권
케이프이에스스팩4호|2020.03.12~03.13|2000|2000~2000|8.71:1|케이프증권
엔피디|2020.03.03~03.04|5400|5400~6300|32.65:1|유안타증권
플레이디|2020.03.02~03.03|8500|6800~7700|864.80:1|KB증권
에스케이스팩6호|2020.03.02~03.03|2000|2000~2000|0.36:1|SK증권
서울바이오시스|2020.02.26~02.27|7500|6500~7500|942.70:1|KB증권
제이앤티씨|2020.02.24~02.25|11000|8500~10500|3.48:1|신한금융투자,유진투자증권
켄코아에어로스페이스|2020.02.20~02.21|10000|13000~15000|256.68:1|NH투자증권
레몬|2020.02.19~02.20|7200|6200~7200|800.07:1|미래에셋대우,현대차증권
서남|2020.02.10~02.11|3100|2700~3100|881.6:1|한국투자증권
신영스팩6호|2020.02.03~02.04|2000|2000~2000|2.08:1|신영증권
위세아이텍|2020.01.29~01.30|12000|10000~11200|1076.62:1|교보증권
하나금융스팩15호|2020.01.16~01.17|2000|2000~2000|6.92:1|하나금융투자
케이비스팩20호|2020.01.16~01.17|2000|2000~2000|1.19:1|KB증권
천랩|2019.12.17~12.18|40000|63000~78000|638.63:1|한국투자증권
피피아이|2019.12.16~12.17|7000|6000~7000|1147.7:1|미래에셋대우
한화플러스스팩1호|2019.12.16~12.17|2000|2000~2000|9.00:1|한화투자증권
브릿지바이오테라퓨틱스|2019.12.12~12.13|60000|70000~80000|33.52:1|대신증권,KB증권
엔에이치스팩15호|2019.12.12~12.13|2000|2000~2000|1.43:1|NH투자증권
메탈라이프|2019.12.12~12.13|13000|10500~13000|1397.97:1|한국투자증권
하이스팩5호|2019.12.11~12.12|2000|2000~2000|0.37:1|하이투자증권
메드팩토|2019.12.10~12.11|40000|34000~43000|18.84:1|삼성증권
신테카바이오|2019.12.09~12.10|12000|15000~19000|123.20:1|케이비증권
대신밸런스스팩8호|2019.12.09~12.10|2000|2000~2000|0.67:1|대신증권
유안타스팩6호|2019.12.09~12.10|2000|2000~2000|0.37:1|유안타증권
제이엘케이인스펙션|2019.12.02~12.03|9000|11000~14500|8.49:1|한국투자증권
IBKS스팩12호|2019.11.28~11.29|2000|2000~2000|76.16:1|아이비케이투자증권
태웅로직스|2019.11.26~11.27|4500|3700~4500|618.52:1|아이비케이투자증권,BNK투자증권
에스케이스팩5호|2019.11.25~11.26|2000|2000~2000|0.37:1|SK증권
리메드|2019.11.25~11.26|13000|14500~16500|92.69:1|한국투자증권
코리아센터|2019.11.21~11.22|18000|24000~27200|4.13:1|NH투자증권,신한금융투자,삼성증권
IBKS스팩11호|2019.11.21~11.22|2000|2000~2000|6.97:1|아이비케이투자증권
유안타스팩5호|2019.11.18~11.19|2000|2000~2000|0.2:1|유안타증권
엔에이치프라임리츠|2019.11.18~11.20|5000|5000~5000|317.62:1|NH투자증권,키움증권,하나금융투자,한국투자증권
노터스|2019.11.14~11.15|20000|17000~20000|22.31:1|대신증권
센트랄모텍|2019.11.13~11.14|6000|5000~6000|580.5:1|한국투자증권,BNK투자증권
티움바이오|2019.11.11~11.12|12000|16000~20000|5.30:1|키움증권,삼성증권
코리아에셋투자증권|2019.11.11~11.12|10000|8000~10000|231.78|신영증권
씨에스베어링|2019.11.11~11.12|8400|7400~8400|699.67:1|한국투자증권
우양|2019.11.11~11.12|4200|3800~4200|1037.31|미래에셋대우
에스제이그룹|2019.11.07~11.08|38600|32000~38600|512.93:1|NH투자증권,아이비케이투자증권
현대에너지솔루션|2019.11.07~11.08|18000|24000~28000|126.68:1|한국투자증권,하나금융투자,KB증권,하이투자증권,유안타증권
제테마|2019.11.06~11.07|21000|36000~48000|590.02:1|한국투자증권,DB금융투자
한화시스템|2019.11.04~11.05|12250|12250~14000|16.84:1|NH투자증권,한국투자증권,한화투자증권,SK증권,대신증권,신영증권
라파스|2019.11.01~11.04|20000|24000~29000|813.16:1|DB금융투자
아이티엠반도체|2019.10.30~10.31|26000|23000~26000|321.09:1|케이비증권
자이에스앤디|2019.10.28~10.29|5200|4200~5200|665.41:1|한국투자증권
미래에셋대우스팩4호|2019.10.28~10.29|2000|2000~2000|30.10:1|미래에셋대우
하나금융스팩14호|2019.10.23~10.24|2000|2000~2000|80.74:1|하나금융투자
티라유텍|2019.10.23~10.24|12050|10550~12050|1164.16:1|미래에셋대우
미디어젠|2019.10.21~10.22|10600|9400~10600|573.16:1|교보증권
신한스팩6호|2019.10.21~10.22|2000|2000~2000|83.89:1|신한금융투자
캐리소프트|2019.10.21~10.22|9000|7000~9000|1067.00:1|미래에셋대우
지누스|2019.10.21~10.22|70000|80000~90000|0.63:1|NH투자증권,신한금융투자,대신증권,하나금융투자,삼성증권
케이엔제이|2019.10.16~10.17|11000|8400~11000|1104.68:1|미래에셋대우
교보스팩9호|2019.10.14~10.15|2000|2000~2000|134.98:1|교보증권
엔바이오니아|2019.10.14~10.15|8200|8200~10300|910.32:1|미래에셋대우
팜스빌|2019.10.10~10.11|14000|11000~14000|674.04:1|대신증권
라온피플|2019.10.10~10.11|14000|14000~17000|2.07:1|미래에셋대우
롯데리츠|2019.10.08~10.11|5000|4750~5000|63.28:1|한국투자증권,KB증권,삼성증권,하나금융투자
아톤|2019.10.07~10.08|43000|30000~43000|653.96:1|NH투자증권,KB증권
녹십자웰빙|2019.10.01~10.02|11300|9400~11300|657.66:1|하나금융투자
대신밸런스스팩7호|2019.09.30~10.01|2000|2000~2000|39.52:1|대신증권
유진스팩5호|2019.09.23~09.24|2000|2000~2000|268.73:1|유진증권
케이비스팩19호|2019.09.19~09.20|2000|2000~2000|177.51:1|KB증권
올리패스|2019.09.05~09.06|20000|37000~45000|419.4:1|미래에셋대우,키움증권
라닉스|2019.09.05~09.06|6000|8000~10500|770.88:1|한국투자증권
하나금융스팩13호|2019.09.05~09.06|2000|2000~2000|254.81:1|하나금융투자
한독크린텍|2019.08.27~08.28|15100|13300~15100|728.28:1|한국투자증권
상상인이안스팩2호|2019.08.20~08.21|2000|2000~2000|265:1|상상인증권
네오크레마|2019.08.12~08.13|8000|10000~11500|1.59:1|키움증권
미래에셋대우스팩3호|2019.08.07~08.08|2000|2000~2000|508:1|미래에셋대우
마니커에프앤지|2019.08.07~08.08|4000|3400~4000|1216.48:1|유진투자증권
나노브릭|2019.08.07~08.08|16000|18000~22000|2.58:1|KB증권
에스피시스템스|2019.08.05~08.06|4900|4300~4900|786.16:1|한국투자증권
레이|2019.07.29~07.30|20000|17000~20000|779.56:1|한국투자증권,DB금융투자
코윈테크|2019.07.25~07.26|34500|28400~34500|0.48:1|미래에셋대우
그린플러스|2019.07.25~07.26|10000|8500~10000|700.96:1|한국투자증권
슈프리마아이디|2019.07.23~07.24|27000|23000~27000|707.26:1|한국투자증권
덕산테코피아|2019.07.23~07.24|19000|17000~19000|1.96:1|NH투자증권
한국바이오젠|2019.07.23~07.24|6000|4700~5700|1019.62:1|미래에셋대우
세경하이테크|2019.07.22~07.23|35000|46000~52000|1.20:1|키움증권
윌링스|2019.07.16~07.17|12500|10000~12500|532.83:1|신영증권
대모(구.대모엔지니어링)|2019.07.15~07.16|5200|4800~5200|1268.53:1|신한금융투자
에이스토리|2019.07.09~07.10|14300|11600~14300|131.51:1|NH투자증권
플리토|2019.07.08~07.09|26000|19000~23000|710.71:1|한국투자증권
세틀뱅크|2019.07.04~07.05|55000|44000~49000|309.6:1|한국투자증권,신한금융투자
이베스트이안스팩1호|2019.07.02~07.03|2000|2000~2000|1431.05:1|이베스트투자증권㈜
아이스크림에듀|2019.07.01~07.02|15900|15900~18000|5.70:1|대신증권,삼성증권
펌텍코리아|2019.06.25~06.26|190000|240000~270000|0.51:1|한국투자증권
에이에프더블류|2019.06.19~06.20|22500|19500~22500|552.22:1|NH투자증권
신영스팩5호|2019.06.13~06.14|2000|2000~2000|596.8:1|신영증권
케이비스팩18호|2019.06.13~06.14|2000|2000~2000|279.11:1|KB증권
신한스팩5호|2019.06.10~06.11|2000|2000~2000|654:1|신한금융투자
압타바이오|2019.06.03~06.04|30000|21000~25000|663.03:1|삼성증권,미래에셋대우
까스텔바쟉|2019.05.30~05.31|12000|16000~19000|3.4:1|NH투자증권㈜
마이크로디지탈|2019.05.27~05.28|23000|20000~23000|1116.34:1|하나금융투자
디비금융스팩7호|2019.05.24~05.27|2000|2000~2000|269:1|DB금융투자
유진스팩4호|2019.05.22~05.23|2000|2000~2000|300.40:1|유진투자증권
수젠텍|2019.05.15~05.16|12000|12000~14000|1.48:1|한국투자증권
컴퍼니케이파트너스|2019.05.13~05.14|4500|3600~4000|850.46:1|NH투자증권
엔에이치스팩14호|2019.04.29~04.30|2000|2000~2000|51.89:1|NH투자증권
에스앤케이|2019.04.23~04.24|40400|30800~40400|185.17:1|NH투자증권,미래에셋대우
한화에스비아이스팩|2019.04.22~04.23|2000|2000~2000|6.66:1|한화투자증권
하이스팩4호|2019.04.17~04.18|2000|2000~2000|1.89:1|하이투자증권
아모그린텍|2019.03.19~03.20|9900|8800~9900|22.13:1|삼성증권
현대오토에버|2019.03.19~03.20|48000|40000~44000|345.24:1|NH투자증권,현대차투자증권,미래에셋대우
지노믹트리|2019.03.18~03.19|27000|17000~25000|13.10:1|키움증권
케이비스팩17호|2019.03.18~03.19|2000|2000~2000|1.49:1|KB증권
이지케어텍|2019.03.12~03.13|12300|10100~12300|1272.11:1|미래에셋대우
유안타스팩4호|2019.03.11~03.12|2000|2000~2000|1.81:1|유안타증권
미래에셋벤처투자|2019.03.07~03.08|4500|3700~4500|1021.77:1|KB증권,대신증권
드림텍|2019.03.04~03.05|13000|11000~13000|562.7:1|NH투자증권
에코프로비엠|2019.02.21~02.22|48000|37500~42900|273.78:1|대신증권,SK증권,유안타증권,하나금융투자
셀리드|2019.02.11~02.12|33000|25000~31000|818.83:1|삼성증권
천보|2019.01.28~01.29|40000|35000~40000|426.09:1|하나금융투자
이노테라피|2019.01.23~01.24|18000|20200~25200|463.37:1|대신증권
노랑풍선|2019.01.21~01.22|20000|15500~19000|1025.2:1|한국투자증권,KB증권
웹케시|2019.01.16~01.17|26000|24000~26000|947:13.1|하나금융투자,BNK투자증권
에어부산|2018.12.18~12.19|3600|3600~4000|36.5:1|NH투자증권,미래에셋대우,BNK투자증권
비피도|2018.12.17~12.18|18000|22100~28700|159.97:1|한국투자증권
키움스팩5호|2018.12.17~12.18|2000|2000~2000|2.04:1|키움증권
엔에이치스팩13호|2018.12.14~12.17|2000|2000~2000|39.57:1|NH투자증권
유틸렉스|2018.12.13~12.14|50000|38000~50000|322.96:1|NH투자증권
미래에셋대우스팩2호|2018.12.12~12.13|2000|2000~2000|67.95:1|미래에셋대우
디케이티|2018.12.12~12.13|7400|6000~7400|780.32:1|NH투자증권
위지윅스튜디오|2018.12.12~12.13|11000|9000~13000|6.84:1|삼성증권,NH투자증권
신영스팩4호|2018.12.11~12.12|2000|2000~2000|2.09:1|신영증권
에이비엘바이오|2018.12.11~12.12|15000|13000~17000|0.78:1|한국투자증권
대신밸런스스팩6호|2018.12.10~12.11|2000|2000~2000|4.37:1|대신증권
한국스팩8호|2018.12.10~12.11|2000|2000~2000|22.02:1|한국투자증권
삼성머스트스팩3호|2018.12.10~12.11|2000|2000~2000|4.16:1|삼성증권,신한금융투자
머큐리|2018.12.05~12.06|6100|5200~6100|930.39:1|미래에셋대우
전진바이오팜|2018.12.04~12.05|10000|15000~17000|24.80:1|미래에셋대우
이노메트리|2018.12.03~12.04|26000|21000~25000|791.16:1|유진투자증권
뉴트리|2018.12.03~12.04|14500|14500~17000|0.19:1|미래에셋대우
골든브릿지이안스팩5호|2018.11.28~11.29|2000|2000~2000|0.57:1|골든브릿지투자증권
대유에이피|2018.11.27~11.28|3000|2600~3300|11.12:1|신영증권
에스케이에이씨피씨스팩4호|2018.11.27~11.28|2000|2000~2000|2.65:1|SK증권
교보스팩8호|2018.11.26~11.27|2000|2000~2000|48.97:1|교보증권
윙입푸드|2018.11.21~11.22|2000|2000~3000|0.71:1|유진투자증권
하나머스트스팩6호|2018.11.21~11.22|2000|2000~2000|69.81:1|하나금융투자
베스파|2018.11.21~11.22|35000|44800~59700|3.30:1|미래에셋대우,교보증권
에코캡|2018.11.19~11.20|4200|4200~5200|0.35:1|IBK투자증권
엠아이텍|2018.11.19~11.20|4500|3900~4500|883.39:1|하나금융투자
네오펙트|2018.11.19~11.20|11000|10000~12500|400.8:1|한국투자증권,삼성증권
티로보틱스|2018.11.19~11.20|16000|16000~18000|177.86:1|키움증권
남화산업|2018.11.15~11.16|3700|3100~3700|858.4:1|대신증권
티앤알바이오팹|2018.11.15~11.16|18000|18000~23000|500.35:1|키움증권
아시아나IDT|2018.11.14~11.15|15000|19300~24100|1.21:1|KB증권
아주IB투자|2018.11.13~11.14|1500|2000~2400|63.76:1|미래에셋대우,대신증권
싸이토젠|2018.11.13~11.14|17000|13000~17000|705.49:1|키움증권
디알젬|2018.11.12~11.13|6500|5000~7000|832.96:1|한국투자증권
파멥신|2018.11.12~11.13|60000|43000~55000|322.78:1|KB증권,삼성증권
디자인|2018.11.07~11.08|10100|9000~10100|665.04:1|대신증권
디케이앤디|2018.11.07~11.08|6000|5800~6600|975.69:1|키움증권
노바렉스|2018.11.05~11.06|19000|19000~24000|631.42:1|NH투자증권
셀리버리|2018.10.29~10.30|25000|20000~25000|808.45:1|DB금융투자
대보마그네틱|2018.10.25~10.26|31000|22500~25500|837.58:1|한국투자증권
엘앤씨바이오|2018.10.23~10.24|24000|18000~20000|985.59:1|한국투자증권,DB금융투자
노바텍|2018.10.23~10.24|10000|12500~16500|326.67:1|하나금융투자
디비금융스팩6호|2018.10.22~10.23|2000|2000~2000|42.15:1|DB금융투자
로보티즈|2018.10.17~10.18|14000|9200~11300|1043.92:1|미래에셋대우,KTB투자증권
옵티팜|2018.10.16~10.17|10000|10000~12000|463.49:1|NH투자증권
에스퓨얼셀|2018.10.01~10.02|16500|10600~14000|857.78:1|한국투자증권,유진투자증권
푸드나무|2018.09.18~09.19|24000|18700~22700|914.05:1|미래에셋대우,신한금융투자
크리스에프앤씨|2018.09.17~09.18|30000|34000~38200|0.53:1|KB증권,KTB투자증권
나우아이비캐피탈|2018.09.17~09.18|8500|9500~11000|64.89:1|신영증권
하나제약|2018.09.17~09.18|26000|24500~28000|147.5:1|미래에셋대우
IBKS스팩10호|2018.09.13~09.14|2000|2000~2000|200.32:1|아이비케이투자증권
지티지웰니스|2018.09.12~09.13|11000|9000~9800|514.16:1|대신증권
우진아이엔에스|2018.09.05~09.06|15000|15000~17000|11.17:1|신영증권
명성티엔에스|2018.09.04~09.05|20000|16100~18700|804.79:1|KB증권
삼성스팩2호|2018.09.03~09.04|2000|2000~2000|20.65:1|삼성증권,신한금융투자
디지캡|2018.08.28~08.29|12000|8500~10500|931.79:1|KB증권
대신밸런스스팩5호|2018.08.21~08.22|2000|2000~2000|93.50:1|대신증권
액트로|2018.08.16~08.17|20000|20000~24000|545.42:1|키움증권
에이피티씨|2018.08.13~08.14|9000|11500~13000|22.69:1|대신증권
오파스넷|2018.08.13~08.14|11000|8500~9700|1401.36:1|교보증권
바이오솔루션|2018.08.09~08.10|29000|24000~29000|302.62:1|한국투자증권
대유|2018.08.01~08.02|9000|8900~10000|11.65:1|KB증권
에스에스알|2018.07.26~07.27|9000|6600~7500|1231.66:1|하나금융투자
디아이티|2018.07.25~07.26|10000|9400~10400|11.10:1|삼성증권
휴네시온|2018.07.25~07.26|10000|8700~10000|827.74:1|NH투자증권
신한알파리츠|2018.07.25~07.27|5000|5000~5000|4.32:1|신한금융투자
티웨이항공|2018.07.23~07.24|12000|14600~16700|1.15:1|신한금융투자,대신증권,하나금융투자
한국유니온제약|2018.07.17~07.18|18000|13500~16000|1015.13:1|DB금융투자
롯데정보통신|2018.07.17~07.18|29800|28300~33800|34.22:1|미래에셋대우,신한금융투자,케이비증권,하나금융투자
엠코르셋|2018.07.12~07.13|11500|10100~11500|51.47:1|대신증권
IBKS스팩9호|2018.07.11~07.12|2000|2000~2000||아이비케이투자증권
올릭스|2018.07.09~07.10|36000|26000~30000|847.09:1|NH투자증권
아이큐어|2018.07.04~07.05|65000|44000~55000|331.42:1|키움증권
에스브이인베스트먼트|2018.06.27~06.28|7000|5600~6300|974.23:1|미래에셋대우
이원다이애그노믹스|2018.06.18~06.19|6500|4700~5700|810.33:1|SK증권,삼성증권,하나금융투자
이리츠코크렙기업|2018.06.12~06.15|5000|4800~5200|0.45:1|NH투자증권,신영증권,이베스트투자증권,KB증권
파워넷|2018.05.29~05.30|6500|5500~6500|1144:1|DB금융투자
하나금융스팩11호|2018.05.29~05.30|2000|2000~2000|0.36:1|하나금융투자
현대사료|2018.05.23~05.24|6600|5700~6600|1690:1|신한금융투자
세종메디칼|2018.05.18~05.21|15000|10800~13700|922.71:1|한국투자증권
제노레이|2018.05.16~05.17|23000|17500~20500|1028.72:1|한국투자증권
한국스팩7호|2018.05.02~05.03|2000|2000~2000|0.16:1|한국투자증권
유안타스팩3호|2018.04.25~04.26|2000|2000~2000|0.13:1|유안타증권
제이티씨(JTC)|2018.03.26~03.27|8500|6200~7600|465.63:1|삼성증권
대신밸런스스팩3호|2018.03.26~03.27|2000|2000~2000|0.15:1|대신증권
케어랩스|2018.03.19~03.20|20000|15000~18000|886.14:1|한국투자증권
애경산업|2018.03.13~03.14|29100|29100~34100|6.73:1|대신증권,NH투자증권,신한금융투자,하나금융투자
린드먼아시아인베스트먼트|2018.03.05~03.06|6500|5000~5500|1039.51:1|키움증권
에코마이스터|2018.03.05~03.06|5200|6000~8500|213.78:1|대신증권,한화투자증권
엔지켐생명과학|2018.02.08~02.09|56000|45000~70000|342.31:1|한국투자증권
오스테오닉|2018.02.08~02.09|7700|5800~7500|998.83:1|키움증권㈜
동구바이오제약|2018.02.05~02.06|16000|12000~14500|836.67:1|NH투자증권
알리코제약|2018.02.01~02.02|12000|10000~13000|697.30:1|아이비케이투자증권
아시아종묘|2018.02.01~02.02|4500|4200~5200|243.2:1|대신증권,KTB증권
카페24|2018.01.30~01.31|57000|43000~57000|731.58:1|미래에셋대우,유안타증권,한화투자증권
링크제니시스|2018.01.25~01.26|30000|22000~25000|1184.36:1|하나금융투자
배럴|2018.01.22~01.23|9500|8000~9500|369.78:1|하나금융투자
에스지이|2018.01.18~01.19|6000|6300~7200|0.44:1|대신증권,KTB투자증권
씨앤지하이테크|2018.01.16~01.17|16000|16000~20000|625.64:1|신한금융투자
시스웍|2017.12.14~12.15|2800|3300~3900|830.31:1|하나금융투자
한국스팩6호|2017.12.13~12.14|2000|2000~2000|0.05:1|한국투자증권
디바이스이엔지|2017.12.11~12.12|12000|15500~17500|2.38:1|한국투자증권
동부스팩5호|2017.11.30~12.01|2000|2000~2000|0.12:1|DB금융투자
진에어|2017.11.29~11.30|31800|26800~31800|134.05:1|미래에셋대우,삼성증권,케이비증권,한국투자증권,NH투자증권
동양피스톤|2017.11.28~11.29|5700|5700~7300|20.36:1|아이비케이투자증권,대신증권
메카로|2017.11.27~11.28|33000|25000~30000|664.69:1|한국투자증권
씨티케이코스메틱스|2017.11.27~11.28|55000|46000~55000|145.75:1|미래에셋대우,신영증권
대원|2017.11.23~11.24|15000|13000~15000|460.24:1|신한금융투자,미래에셋대우
에스트래픽|2017.11.23~11.24|10000|8000~10000|1128.18:1|미래에셋대우
체리부로|2017.11.22~11.23|4700|4300~4700|616.60:1|미래에셋대우,케이비증권,케이티비투자증권
비즈니스온커뮤니케이션|2017.11.21~11.22|9000|8100~9000|1075.91:1|케이비증권
삼양패키징|2017.11.20~11.21|26000|26000~30000|2.74:1|한국투자증권
한화에이스스팩4호|2017.11.16~11.17|2000|2000~2000|0.73:1|한화투자증권
스튜디오드래곤|2017.11.16~11.17|35000|30900~35000|320.11:1|미래에셋대우,하나금융투자
IBKS스팩7호|2017.11.02~11.03|2000|2000~2000|79.91:1|아이비케이투자증권
비디아이|2017.10.30~10.31|10000|9500~12000|1239.8:1|신영증권
테이팩스|2017.10.24~10.25|23000|23000~26000|2.05:1|케이비증권,신한금융투자
티슈진|2017.10.23~10.24|27000|16000~27000|299.53:1|NH투자증권,한국투자증권,하나금융투자,한화투자증권,이베스트투자증권
영화테크|2017.10.17~10.18|12500|12500~15500|1011.76:1|신한금융투자
세원|2017.10.12~10.13|5700|5200~6200|640.36:1|현대차투자증권
신한스팩4호|2017.10.12~10.13|2000|2000~2000|8.74:1|신한금융투자
상신전자|2017.09.26~09.27|13300|11600~13300|1002.23:1|미래에셋대우
야스|2017.09.21~09.22|23500|23500~26500|0.52:1|한국투자증권
IBKS스팩8호|2017.09.21~09.22|2000|2000~2000|29.90:1|아이비케이투자증권
에스엔피월드|2017.09.19~09.20|5100|4300~5100|661.5:1|대신증권
유티아이|2017.09.18~09.19|25000|28000~33000|3.44:1|한국투자증권
신흥에스이씨|2017.09.18~09.19|16000|11000~14000|731.42:1|삼성증권
선익시스템|2017.09.11~09.12|37000|37000~44000|0.73:1|대신증권
엠플러스|2017.09.11~09.12|18000|14000~16000|1003.24:1|키움증권
샘코|2017.09.07~09.08|11000|14000~18000|207:1|한국투자증권,대신증권
앱클론|2017.09.07~09.08|10000|8000~10000|799.09:1|NH투자증권
펄어비스|2017.09.05~09.06|103000|80000~103000|0.43:1|한국투자증권
케이피에스|2017.08.28~08.29|14000|16000~20000|452.96:1|키움증권
덕우전자|2017.08.17~08.18|15500|13500~15500|586.43:1|한국투자증권
하나금융스팩10호|2017.08.10~08.11|2000|2000~2000|2.43:1|하나금융투자
이더블유케이|2017.08.09~08.10|5000|4200~5000|1160.15:1|신영증권
컬러레이|2017.07.31~08.01|3800|3800~5800|0.73:1|신한금융투자
알에스오토메이션|2017.07.31~08.01|6000|5250~6000|1058.82:1|미래에셋대우
모트렉스|2017.07.27~07.28|38300|31200~38300|422.73:1|미래에셋대우,HMC투자증권
엔에이치스팩12호|2017.07.27~07.28|2000|2000~2000|0.43:1|NH투자증권
지니언스|2017.07.24~07.25|13500|12000~13500|922.71:1|하나금융투자
데이타솔루션|2017.07.24~07.25|3300|2700~3300|733.74:1|미래에셋대우
디앤씨미디어|2017.07.24~07.25|20000|17000~20000|563.10:1|키움증권
셀트리온헬스케어|2017.07.19~07.20|41000|32500~41000|6.95:1|미래에셋대우,유비에스증권리미티드,맥쿼리증권,신한금융투자,한화투자증권
이즈미디어|2017.07.17~07.18|7500|7500~10000|13.87:1|한국투자증권
한국스팩5호|2017.07.13~07.14|2000|2000~2000|6.66:1|한국투자증권
힘스|2017.07.11~07.12|20000|15500~18800|795.94:1|KB증권,SK증권
아우딘퓨쳐스|2017.07.03~07.04|26000|26000~30000|2.99:1|하나금융투자
브이원텍|2017.07.03~07.04|17700|15200~17700|754.31:1|미래에셋대우
제일홀딩스|2017.06.19~06.20|20700|20700~22700|20.67:1|케이비증권,신한금융투자
하나금융스팩9호|2017.06.15~06.16|2000|2000~2000|0.19:1|하나금융투자
교보스팩7호|2017.06.13~06.14|2000|2000~2000|0.17:1|교보증권
한화수성스팩|2017.05.29~05.30|2000|2000~2000|0.74:1|한화투자증권
보라티알|2017.05.29~05.30|14300|12500~14300|1026.34:1|대신증권
필옵틱스|2017.05.23~05.24|48000|41000~48000|588.96:1|신한금융투자,삼성증권
삼양옵틱스|2017.05.23~05.24|16700|16700~20600|2.88:1|미래에셋대우
IBKS스팩6호|2017.05.22~05.23|2000|2000~2000|0.58:1|아이비케이투자증권
미래에셋대우스팩1호|2017.05.16~05.17|2000|2000~2000|86.39:1|미래에셋대우
ING생명보험|2017.04.27~04.28|33000|31500~40000|0.82:1|삼성증권,미래에셋대우,케이비증권
넷마블게임즈|2017.04.25~04.26|157000|121000~157000|29.17:1|NH투자증권,한국투자증권,SK증권
한화에이스스팩3호|2017.04.20~04.21|2000|2000~2000|130.07:1|한화투자증권
엔에이치스팩10호|2017.04.20~04.21|2000|2000~2000|1.21:1|NH투자증권
와이엠티|2017.04.18~04.19|21000|16500~18500|841.57:1|하나금융투자
하나머티리얼즈|2017.04.18~04.19|12000|10000~12000|955.33:1|NH투자증권,대신증권
케이비스팩11호|2017.04.18~04.19|2000|2000~2000|0.53:1|케이비증권
신영스팩3호|2017.03.28~03.29|2000|2000~2000|61.90:1|신영증권
이엘피|2017.03.28~03.29|20000|17000~20000|738.15:1|NH투자증권
서진시스템|2017.03.16~03.17|25000|21000~25000|742.06:1|NH투자증권
코미코|2017.03.14~03.15|13000|11000~13000|745.44:1|NH투자증권
아스타|2017.03.09~03.10|8000|13000~18000|484.52:1|키움증권
덴티움|2017.03.06~03.07|32000|45000~50000|364.19:1|NH투자증권
대신밸런스스팩4호|2017.02.21~02.22|2000|2000~2000|0.03:1|대신증권
에스디생명공학|2017.02.20~02.21|12000|15000~18000|2.38:1|한국투자증권,신한금융투자,대우증권
신신제약|2017.02.16~02.17|4500|5900~6700|72.50:1|케이비증권
에프엔에스테크|2017.02.16~02.17|14000|11000~13000|840.67:1|한국투자증권
모바일어플라이언스|2017.02.16~02.17|3500|3000~3500|636.77:1|NH투자증권
신한스팩3호|2017.02.14~02.15|2000|2000~2000|0.27:1|신한금융투자
피씨엘|2017.02.13~02.14|8000|10500~13000|2.01:1|한국투자증권
호전실업|2017.01.19~01.20|25000|30000~35000|331.3:1|NH투자증권
서플러스글로벌|2017.01.17~01.18|8000|7400~9400|548:1|한국투자증권
유바이오로직스|2017.01.16~01.17|6000|6000~6800|10.5:1|한국투자증권
엔에이치스팩11호|2016.12.19~12.20|2000|2000~2000|0.34:1|NH투자증권
퓨전데이타|2016.12.12~12.13|11500|10000~11500|572.56:1|한국투자증권
디에스씨인베스트먼트|2016.12.08~12.09|1700|2500~2800|10.77:1|키움증권
티에스인베스트먼트|2016.12.07~12.08|1300|1450~1550|2.02:1|한국투자증권
마이크로프랜드|2016.12.01~12.02|7300|7300~8500|1.17:1|키움증권
코썬바이오|2016.11.30~12.01|7000|7000~9000|5.78:1|NH투자증권
애니젠|2016.11.28~11.29|18000|22000~26000|812.5:1|키움증권
신라젠|2016.11.28~11.29|15000|15000~18000|172.52:1|NH투자증권,하나금융투자,동부증권,메리츠종금증권
유니온커뮤니티|2016.11.28~11.29|5000|4400~5000|1.96:1|미래에셋증권
퓨쳐켐|2016.11.23~11.24|15000|19000~22000|473.9:1|NH투자증권,이베스트투자증권
핸즈코퍼레이션|2016.11.22~11.23|12000|12000~14000|6.99:1|케이비투자증권,삼성증권
IBKS스팩5호|2016.11.22~11.23|2000|2000~2000|9.4:1|아이비케이투자증권
엘앤케이바이오|2016.11.21~11.22|15000|14500~18000|317.14:1|NH투자증권
뉴파워프라즈마|2016.11.21~11.22|17500|15000~17000|521.29:1|키움증권
오션브릿지|2016.11.21~11.22|6600|5400~6600|1135.44:1|대신증권
에이치엔티일렉트로닉스|2016.11.17~11.18|10000|14000~16000|996.23:1|키움증권
핸디소프트|2016.11.15~11.16|5600|4500~5600|1170.44:1|케이비투자증권
두산밥캣|2016.11.08~11.09|30000|29000~33000|0.29:1|한국투자증권,신영증권,한화투자증권
에스케이스팩3호|2016.11.07~11.08|2000|2000~2000|0.12:1|SK증권
삼성바이오로직스|2016.11.02~11.03|136000|113000~136000|45.34:1|한국투자증권,NH투자증권,삼성증권,신한금융투자,케이비투자증권,하나금융투자
클리오|2016.10.31~11.01|41000|36400~41000|5.68:1|NH투자증권
오가닉티코스메틱|2016.10.26~10.27|4000|3200~3700|672.42:1|유진투자증권
로고스바이오시스템스|2016.10.26~10.27|25500|22200~25500|208.48:1|신한금융투자
아이비케이에스지엠비스팩|2016.10.24~10.25|2000|2000~2000|17.51:1|아이비케이투자증권
인크로스|2016.10.20~10.21|43000|38000~43000|1047.5:1|신한금융투자
에이치엘사이언스(구.건강사랑)|2016.10.19~10.20|27000|23900~30700|174:1|미래에셋대우,케이비투자증권
코스메카코리아|2016.10.18~10.19|54000|48000~54000|391.4:1|삼성증권,이베스트투자증권
제이더블유생명과학|2016.10.18~10.19|30000|27000~32500|220.29:1|케이비투자증권,유안타증권
그레이트리치과기|2016.10.17~10.18|5000|4000~6000|7.01:1|NH투자증권
금세기차륜(골든센츄리)|2016.10.10~10.11|3500|3200~4200|345.4:1|유안타증권
인텔리안테크놀로지스|2016.10.06~10.07|19000|18000~20500|744.63:1|한국투자증권
에이치시티|2016.10.06~10.07|17000|19200~22500|127.28:1|미래에셋대우
잉글우드랩|2016.10.04~10.05|6000|6000~7000|350.46:1|하나금융투자
앤디포스|2016.10.04~10.05|14500|13000~14500|524.2:1|미래에셋대우
수산아이앤티(구.플러스기술)|2016.09.29~09.30|11500|10500~11500|12.97:1|삼성증권
미투온|2016.09.26~09.27|3800|3800~4300|1.15:1|미래에셋증권
화승엔터프라이즈|2016.09.21~09.22|15000|14600~16500|0.43:1|한국투자증권
케이비스팩10호|2016.09.20~09.21|2000|2000~2000|1.25:1|케이비투자증권
엘에스전선아시아|2016.09.08~09.09|8000|10000~11500|2.98:1|한국투자증권,하나금융투자,이베스트투자증권
유니테크노|2016.09.05~09.06|10300|10300~11500|1003.29:1|한국투자증권
모두투어리츠|2016.09.01~09.02|6000|6000~6000|0.98:1|교보증권,케이비투자증권
하나금융스팩8호|2016.08.30~08.31|2000|2000~2000|0.74:1|하나금융투자
교보비엔케이스팩|2016.08.29~08.30|2000|2000~2000|0.38:1|교보증권,BNK투자증권
자이글|2016.08.25~08.26|11000|20000~23000|610.76:1|하나금융투자,케이비투자증권
헝셩그룹|2016.08.08~08.09|3600|3400~5300|0.77:1|신한금융투자
에코마케팅|2016.07.26~07.27|35000|27000~31000|1103:1|한국투자증권
엔지스테크널러지|2016.07.19~07.20|10000|8900~10000|562.94:1|교보증권,엘아이지투자증권
팍스넷|2016.07.19~07.20|5200|4600~5200|946.51:1|한국투자증권
두올|2016.07.19~07.20|8500|7500~9000|2.17:1|미래에셋증권,HMC투자증권
우리손에프앤지|2016.07.18~07.19|2210|1935~2210|638.97:1|미래에셋대우
옵토팩|2016.07.11~07.12|5900|5000~5900|371.21:1|아이비케이투자증권
장원테크|2016.07.07~07.08|17500|15000~17500|854.49:1|신한금융투자
대유위니아(구.위니아만도)|2016.07.04~07.05|6800|6800~8300|409.31:1|신영증권
한국자산신탁|2016.06.30~07.01|10300|9100~10300|6.65:1|대신증권,신한금융투자,미래에셋대우
바이오리더스|2016.06.27~06.28|15000|11000~15000|1222.58:1|키움증권
피앤씨테크|2016.06.22~06.23|10200|9000~10200|679.77:1|케이비투자증권
로스웰|2016.06.17~06.20|3200|2100~3200|328.18:1|신한금융투자
녹십자랩셀|2016.06.15~06.16|18500|13600~15900|79976:1|하나금융투자,엘아이지투자증권
해성디에스|2016.06.15~06.16|12000|12000~15000|158.41:1|NH투자증권
에스티팜|2016.06.15~06.16|29000|24000~27000|236.85:1|유진투자증권,한국투자증권
한국스팩4호|2016.06.13~06.14|2000|2000~2000|0.37:1|한국투자증권
알엔투테크놀로지|2016.06.13~06.14|5800|5100~5800|1442.55:1|하나금융투자
미래에셋스팩5호|2016.05.30~05.31|2000|2000~2000|3.73:1|미래에셋증권
용평리조트|2016.05.17~05.18|7000|8100~9200|291.1:1|대우증권,대신증권
해태제과식품|2016.04.27~04.28|15100|12300~15100|264.9:1|NH투자증권,삼성증권
레이언스|2016.03.30~03.31|25000|22000~25000|328.14:1|대신증권
씨엠에스에듀|2016.03.29~03.30|23200|19000~23200|185.81:1|삼성증권,유안타증권
동양파일|2016.03.28~03.29|10000|10000~11600|2.03:1|대신증권
대림씨엔에스|2016.03.21~03.22|27700|23500~27700|25.5:1|대우증권
팬젠|2016.03.02~03.03|16500|12500~16500|1073:1|한국투자증권
에이피위성통신|2016.02.23~02.24|9700|8700~9700|869.66:1|현대증권
하이에이아이스팩1호|2016.02.23~02.24|2000|2000~2000|1.16:1|하이투자증권
IBKS스팩4호|2016.02.19~02.22|2000|2000~2000|23.76:1|아이비케이투자증권
케이비스팩9호|2016.02.18~02.19|2000|2000~2000|0.24:1|케이비투자증권
큐리언트|2016.02.18~02.19|21000|18000~21000|959.28:1|한국투자증권
안트로젠|2016.02.01~02.02|24000|17000~22000|1442.55:1|키움증권
제이에스코퍼레이션|2016.01.26~01.27|23000|19000~23000|477.76:1|NH투자증권
아이엠텍|2016.01.26~01.27|7500|6500~7500|138.9:1|대우증권
차이나크리스탈신소재|2016.01.21~01.22|3000|2900~4200|179.54:1|신한금융투자
유니트론텍|2016.01.21~01.22|14000|12300~14000|1112.76:1|하나금융투자
한솔씨앤피|2016.01.19~01.20|13000|13000~16800|789.84:1|신한금융투자,케이비투자증권
코리아오토글라스|2015.12.21~12.22|11000|10500~12000|430.14:1|NH투자증권
에스와이패널|2015.12.17~12.18|5000|7000~8000|363.49:1|미래에셋증권
잇츠스킨|2015.12.17~12.18|170000|208500~253000|219.27:1|대우증권,삼성증권
육일씨엔에쓰|2015.12.15~12.16|6000|6000~6700|21.02:1|엘아이지투자증권
휴젤|2015.12.15~12.16|150000|190000~210000|91.63:1|한국투자증권,대우증권,하나금융투자
코디엠|2015.12.15~12.16|4700|4700~5800|599.99:1|미래에셋증권
대신밸런스스팩2호|2015.12.15~12.16|2000|2000~2000|0.03:1|대신증권
이에스브이|2015.12.15~12.16|10000|13000~15000|558.9:1|NH투자증권
한국맥널티|2015.12.14~12.15|8000|10500~11500|479.79:1|키움증권
아진산업|2015.12.14~12.15|6500|6500~7500|0.47:1|미래에셋증권
덱스터|2015.12.14~12.15|14000|11000~14000|500.76:1|NH투자증권
메가엠디|2015.12.10~12.11|3000|3600~4600|280.82:1|NH투자증권
씨트리|2015.12.10~12.11|6500|8300~10200|199.96:1|신한금융투자
강스템바이오텍|2015.12.10~12.11|6000|8000~10000|40.92:1|키움증권
동부스팩4호|2015.12.09~12.10|2000|2000~2000|0.7:1|동부증권
파크시스템스|2015.12.09~12.10|9000|9000~11000|7.55:1|케이비투자증권
보광산업|2015.12.09~12.10|4000|6000~7000|172.98:1|하나금융투자
예스티|2015.12.08~12.09|14500|14500~18500|9.8:1|NH투자증권
하나금융스팩7호|2015.12.07~12.08|2000|2000~2000|0.86:1|하나금융투자
뉴트리바이오텍|2015.12.07~12.08|21000|21000~24000|2.38:1|동부증권
멕아이씨에스|2015.12.03~12.04|4500|7500~9000|174.29:1|키움증권
엔에스|2015.11.24~11.25|8000|6300~7200|29.5:1|케이비투자증권
세진중공업|2015.11.19~11.20|3500|3500~3900|2.29:1|대우증권,신한금융투자
미래테크놀로지|2015.11.19~11.20|16100|14300~16100|1.50:1|현대증권
하이즈항공|2015.11.12~11.13|18000|23000~26000|3.08:1|케이비투자증권
엠지메드|2015.11.11~11.12|40000|33000~40000|1350.05:1|신한금융투자
리드|2015.11.11~11.12|5100|4500~5100|45.64:1|대우증권
케이디켐|2015.11.10~11.11|16000|14700~17800|5.46:1|대신증권
매직마이크로|2015.11.10~11.11|5500|5200~6400|36.57:1|미래에셋증권
네오오토|2015.11.09~11.10|12000|11400~12800|34.44:1|신영증권
골든브릿지스팩4호|2015.11.09~11.10|2000|2000~2000|5.07:1|골든브릿지투자증권
케어젠|2015.11.04~11.05|110000|80000~90000|263.19:1|현대증권
아이진|2015.11.04~11.05|13500|12000~13500|267.72:1|NH투자증권
나무가|2015.11.03~11.04|37000|32000~37000|0.91:1|교보증권
금호에이치티|2015.11.02~11.03|10000|12700~15700|32.87:1|NH투자증권
유앤아이|2015.11.02~11.03|30000|25000~30000|638.25:1|키움증권
제주항공|2015.10.28~10.29|30000|23000~28000|448.5:1|NH투자증권
에이치엠씨스팩3호|2015.10.27~10.28|2000|2000~2000|34.40:1|HMC투자증권
더블유게임즈|2015.10.26~10.27|65000|51000~61000|241.18:1|한국투자증권,대우증권
연우|2015.10.22~10.23|25200|20300~25200|680:1|대우증권,HMC투자증권
키움스팩4호|2015.10.20~10.21|2000|2000~2000|127.04:1|키움증권
에이티젠|2015.10.14~10.15|17000|12500~14500|1166.97:1|NH투자증권
현대드림스팩4호|2015.10.13~10.14|2000|2000~2000|215.34:1|현대증권
엑시콘|2015.10.13~10.14|10000|13500~16500|9.05:1|아이비케이투자증권
이베스트스팩3호|2015.10.07~10.08|2000|2000~2000|143.73:1|이베스트투자증권
IBKS스팩3호|2015.10.01~10.02|2000|2000~2000|177.89:1|아이비케이투자증권
에치디프로|2015.10.01~10.02|8900|7800~8900|843.36:1|대신증권
엘아이지넥스원|2015.09.22~09.23|76000|66000~76000|4.74:1|NH투자증권,한국투자증권
신영해피투모로우2호스팩|2015.09.22~09.23|2000|2000~2000|198:1|신영증권
동부스팩3호|2015.09.21~09.22|2000|2000~2000|163.23:1|동부증권
동일제강|2015.09.17~09.18|3000|2700~3300|789.49:1|NH투자증권
타이거일렉|2015.09.16~09.17|6000|6000~6900|241.92:1|한국투자증권
엔에이치스팩9호|2015.09.15~09.16|2000|2000~2000|96.5:1|NH투자증권
아이콘트롤스|2015.09.15~09.16|32000|28000~32000|280.11:1|대우증권,신영증권
제너셈|2015.09.15~09.16|10500|9000~10500|797.33:1|하나금융투자
인포마크|2015.09.15~09.16|14000|12000~14000|381:1|삼성증권
유진스팩3호|2015.08.31~09.01|2000|2000~2000|265.32:1|유진투자증권
한국스팩3호|2015.08.24~08.25|2000|2000~2000|349.09:1|한국투자증권
케이티비스팩3호|2015.08.17~08.18|2000|2000~2000|260:1|KTB투자증권
교보스팩5호|2015.08.17~08.18|2000|2000~2000|485.34:1|교보증권
웹스|2015.08.12~08.13|7200|6500~7200|1114.21:1|한국투자증권
현대드림스팩3호|2015.08.12~08.13|2000|2000~2000|234.75:1|현대증권
에이제이네트웍스|2015.08.10~08.11|34300|30200~34300|83.3:1|한국투자증권,미래에셋증권,신영증권
교보스팩4호|2015.08.04~08.05|2000|2000~2000|447.18:1|교보증권
파인텍|2015.08.04~08.05|10500|9000~10500|1041.73:1|NH투자증권
흥국에프엔비|2015.07.29~07.30|20000|14500~17500|1001.61:1|NH투자증권
미래에셋스팩4호|2015.07.28~07.29|2000|2000~2000|190.30:1|미래에셋증권
케이비스팩8호|2015.07.27~07.28|2000|2000~2000|221.90:1|케이비투자증권
칩스앤미디어|2015.07.27~07.28|10500|9300~10500|82.85:1|한국투자증권
아시아경제신문사|2015.07.22~07.23|3600|3200~3600|12.31:1|한국투자증권
로지시스|2015.07.20~07.21|2500|2000~2500|396.82:1|삼성증권
아이쓰리시스템|2015.07.20~07.21|36000|28500~31500|1506.57:1|키움증권
엘아이지이에스스팩|2015.07.16~07.17|2000|2000~2000|30.99:1|엘아이지투자증권
파마리서치프로덕트|2015.07.15~07.16|55000|40000~47000|561:1|NH투자증권,하나대투증권
에스케이스팩2호|2015.07.13~07.14|2000|2000~2000|130.38:1|SK증권
펩트론|2015.07.13~07.14|16000|9000~12000|1093.01:1|NH투자증권
한화에이스스팩2호|2015.07.09~07.10|2000|2000~2000|54.46:1|한화투자증권
이노션|2015.07.08~07.09|68000|64000~71000|204.13:1|NH투자증권,대우증권
유안타스팩2호|2015.07.06~07.07|2000|2000~2000|132.03:1|유안타증권
토니모리|2015.07.01~07.02|32000|26400~30200|771.08:1|대우증권
미래에셋생명보험|2015.06.29~06.30|7500|8200~10000|38.01:1|삼성증권
키움스팩3호|2015.06.25~06.26|2000|2000~2000|61.23:1|키움증권
골든브릿지스팩3호|2015.06.22~06.23|2000|2000~2000|2.75:1|골든브릿지투자증권
동운아나텍|2015.06.22~06.23|10000|10000~12000|47.76:1|키움증권
엔에이치스팩8호|2015.06.22~06.23|2000|2000~2000|35:1|NH투자증권
민앤지|2015.06.22~06.23|28000|21200~24000|1107.81:1|신한금융투자
경보제약|2015.06.18~06.19|15000|13000~15000|263.87:1|NH투자증권
유테크|2015.06.18~06.19|9000|8000~9000|21.14:1|대신증권
에스엔텍|2015.06.17~06.18|6500|5600~6300|22.9:1|케이비투자증권
코아스템|2015.06.17~06.18|16000|10800~13200|751.91:1|한국투자증권
세미콘라이트|2015.06.16~06.17|11300|11300~13700|143.52:1|NH투자증권
이베스트스팩2호|2015.06.15~06.16|2000|2000~2000|30.84:1|이베스트투자증권
에스케이디앤디|2015.06.10~06.11|26000|20200~24300|574.68:1|대신증권,신한금융투자
대신밸런스스팩1호|2015.06.08~06.09|2000|2000~2000|272.26:1|대신증권
하나머스트스팩5호|2015.06.08~06.09|2000|2000~2000|392:1|하나대투증권
베셀|2015.06.08~06.09|9000|8000~9000|680.95:1|키움증권
하이스팩3호|2015.06.04~06.05|2000|2000~2000|112.60:1|하이투자증권
싸이맥스|2015.06.04~06.05|16300|14300~16300|178.03:1|대신증권
엔에이치스팩7호|2015.06.03~06.04|2000|2000~2000|289.38:1|NH투자증권
픽셀플러스|2015.06.02~06.03|30000|33000~37000|68.09:1|한국투자증권
한화에이씨피씨스팩|2015.06.01~06.02|2000|2000~2000|310.63:1|한화투자증권
제노포커스|2015.05.18~05.19|11000|8000~9000|1206.75:1|한국투자증권
미래에셋스팩3호|2015.05.13~05.14|2000|2000~2000|329.33:1|미래에셋증권
한화엠지아이스팩|2015.05.07~05.08|2000|2000~2000|392.78:1|한화투자증권
대우스팩3호|2015.05.06~05.07|2000|2000~2000|365.65:1|대우증권
대우에스비아이스팩1호|2015.04.28~04.29|2000|2000~2000|226.7:1|대우증권
엔에이치스팩5호|2015.04.27~04.28|2000|2000~2000|378.79:1|NH투자증권
유진에이씨피씨스팩2호|2015.04.16~04.17|2000|2000~2000|240.01:1|유진투자증권
하나머스트스팩4호|2015.04.13~04.14|2000|2000~2000|427.53:1|하나대투증권
한화에이스스팩1호|2015.04.09~04.10|2000|2000~2000|357.52:1|한화투자증권
유지인트|2015.04.02~04.03|15000|12400~14000|857.34:1|한국투자증권
케이티비스팩2호|2015.03.24~03.25|2000|2000~2000|285:1|KTB투자증권
NS쇼핑(구.농수산홈쇼핑)|2015.03.16~03.17|235000|205000~235000|236.82:1|한국투자증권,미래에셋증권,하나대투증권
케이비스팩7호|2015.03.16~03.17|2000|2000~2000|195:1|케이비투자증권
세화아이엠씨|2015.03.10~03.11|16300|14500~16300|731.79:1|한국투자증권
포시에스|2015.02.02~02.03|9100|7500~9100|1162.83:1|동부증권
골든브릿지스팩2호|2015.01.27~01.28|2000|2000~2000|210:6|골든브릿지투자증권
국일신동|2014.12.18~12.19|1700|1400~1700|90.83:1|아이비케이투자증권
영백씨엠|2014.12.18~12.19|5500|6500~7500|358:1|하나대투증권
NH스팩2호|2014.12.18~12.19|2000|2000~2000|0.55:1|NH농협증권
현대드림스팩2호|2014.12.17~12.18|2000|2000~2000|0.9:1|현대증권
케이비스팩6호|2014.12.17~12.18|2000|2000~2000|2.42:1|케이비투자증권
서전기전|2014.12.15~12.16|6500|10500~12000|8.89:1|동부증권
하이셈|2014.12.15~12.16|1500|1500~1900|72.16:1|대우증권
교보스팩3호|2014.12.15~12.16|2000|2000~2000|20.77:1|교보증권
휴메딕스|2014.12.15~12.16|28000|22700~25500|571.55:1|한국투자증권
오킨스전자|2014.12.15~12.16|7100|6000~6900|9.08:1|미래에셋증권
넥스트엔터테인먼트월드|2014.12.15~12.16|16300|12700~16300|33.55:1|우리투자증권
하나머스트스팩3호|2014.12.15~12.16|2000|2000~2000|27.54:1|하나대투증권
아스트|2014.12.15~12.16|9500|7000~10000|4.11:1|케이비투자증권
케이비스팩5호|2014.12.15~12.16|2000|2000~2000|0.54:1|케이비투자증권
아이티센|2014.12.15~12.16|7500|7000~8500|2.63:1|아이비케이투자증권
제일모직(구.삼성에버랜드)|2014.12.10~12.11|53000|45000~53000|194.9:1|대우증권,우리투자증권,씨티그룹글로벌마켓증권,제이피모간증권회사
하이로닉|2014.12.08~12.09|51000|43000~47400|219.96:1|신한금융투자
하나머스트스팩2호|2014.12.08~12.09|2000|2000~2000|1.69:1|하나대투증권
우리에스엘스팩|2014.12.08~12.09|2000|2000~2000|2.51:1|우리투자증권
디티앤씨(구.디지털이엠씨)|2014.12.08~12.09|18500|14500~18500|620.63:1|키움증권
엘아이지스팩2호|2014.12.08~12.09|2000|2000~2000|2.1:1|엘아이지투자증권
녹십자엠에스|2014.12.08~12.09|6000|5000~5800|477.08:1|한국투자증권
랩지노믹스|2014.12.05~12.08|13200|12000~13200|305.88:1|한국투자증권
에이디테크놀로지|2014.12.04~12.05|15000|16000~18000|12.4:1|한국투자증권
비씨월드제약|2014.12.03~12.04|15700|12000~15700|681:1|대우증권,대신증권
동부스팩2호|2014.12.02~12.03|2000|2000~2000|2.45:1|동부증권
알테오젠|2014.12.02~12.03|26000|23000~26000|564.78:1|한국투자증권
한국스팩2호|2014.12.01~12.02|2000|2000~2000|1.21:1|한국투자증권
에스케이씨코오롱피아이|2014.11.26~11.27|8000|12500~15000|45.53:1|한국투자증권
대창스틸|2014.11.25~11.26|2500|2000~2500|568:1|하나대투증권
에프엔씨엔터테인먼트|2014.11.24~11.25|28000|24000~28000|577.37:1|유진투자증권
하이스팩2호|2014.11.20~11.21|2000|2000~2000|19.86:1|하이투자증권
씨에스윈드|2014.11.19~11.20|43500|31000~43500|66.4:1|미래에셋증권,삼성증권
케이티비스팩1호|2014.11.13~11.14|2000|2000~2000|39.46:1|KTB투자증권
텔콘|2014.11.13~11.14|14500|12500~14500|482.06:1|대신증권
파티게임즈|2014.11.11~11.12|13000|10500~13000|735.99:1|우리투자증권
IBKS스팩2호|2014.11.11~11.12|2000|2000~2000|60.22:1|아이비케이투자증권
유안타스팩1호|2014.11.10~11.11|2000|2000~2000|62.9:1|유안타증권
디에이테크놀로지|2014.11.10~11.11|6600|6600~8500|488.77:1|대신증권
삼성SDS|2014.11.05~11.06|190000|150000~190000|134.19:1|한국투자증권,골드만삭스증권,제이피모간증권
케이비스팩4호|2014.11.03~11.04|2000|2000~2000|0.17:1|케이비투자증권
현대에이블스팩1호|2014.10.28~10.29|2000|2000~2000|0.49:1|현대증권
테고사이언스|2014.10.28~10.29|13500|10500~12500|622.14:1|우리투자증권
교보위드스팩|2014.10.28~10.29|2000|2000~2000|8.89:1|교보증권
슈피겐코리아|2014.10.27~10.28|27500|22500~27500|360.12:1|삼성증권
테라셈|2014.10.20~10.21|3000|3600~4100|54.22:1|한국투자증권
영우디에스피|2014.10.16~10.17|5000|8000~9500|32.32:1|키움증권
대우스팩2호|2014.10.13~10.14|2000|2000~2000|0.49:1|대우증권
신한스팩2호|2014.09.29~09.30|2000|2000~2000|64.46:1|신한금융투자
데브시스터즈|2014.09.24~09.25|53000|43000~50000|285.28:1|우리투자증권
메디아나|2014.09.24~09.25|6200|5500~6500|12.88:1|케이비투자증권
KB스팩3호|2014.09.22~09.23|2000|2000~2000|98.86:1|케이비투자증권
감마누|2014.08.04~08.05|11000|10000~11500|1389.86:1|한국투자증권
우리스팩3호|2014.08.04~08.05|2000|2000~2000|284.88:1|우리투자증권
신화콘텍|2014.07.30~07.31|9100|8100~9100|99.3:1|현대증권
쿠쿠전자|2014.07.29~07.30|104000|80000~104000|175.1:1|우리투자증권
덕신하우징|2014.07.23~07.24|13000|9600~11000|899.07:1|현대증권
파버나인|2014.07.23~07.24|12500|12100~13600|173.89:1|한국투자증권,케이비투자증권
창해에탄올|2014.07.21~07.22|8300|6000~6900|675.79:1|우리투자증권
윈하이텍|2014.07.16~07.17|8300|6600~7500|589.58:1|우리투자증권
미래에셋스팩2호|2014.07.14~07.15|2000|2000~2000|186.41:1|미래에셋증권
아진엑스텍|2014.07.14~07.15|7000|5000~6000|876.27:1|신한금융투자
화인베스틸|2014.07.09~07.10|4700|4500~5100|248.12:1|현대증권
트루윈|2014.07.01~07.02|10500|8000~9400|1018.09:1|하나대투증권
하나머스트스팩|2014.05.28~05.29|2000|2000~2000|284.5:1|하나대투증권
캐스텍코리아|2014.05.15~05.16|6500|5000~5800|807.11:1|한국투자증권
BGF리테일(구.보광훼미리마트)|2014.05.07~05.08|41000|41000~46000|181.3:1|삼성증권
유진스팩1호|2014.04.24~04.25|2000|2000~2000|36.11:1|유진투자증권
KB스팩2호|2014.04.17~04.18|2000|2000~2000|79.87:1|케이비투자증권
오이솔루션|2014.02.17~02.18|10000|8500~9800|1253.41:1|대신증권
인터파크INT|2014.01.23~01.24|7700|5700~6700|492.5:1|대우증권
한국정보인증|2014.01.21~01.22|1800|1600~1800|922:1|현대증권
이지웰페어|2013.12.17~12.18|4400|3300~4000|568.42:1|한국투자증권
솔루에타|2013.12.16~12.17|24000|28000~32000|20.79;1|키움증권
인트로메딕|2013.12.11~12.12|6000|4500~6000|256.35:1|한국투자증권
키움제2호스팩|2013.12.09~12.10|2000|2000~2000|0.39:1|키움증권
기가레인(구.맥시스)|2013.12.04~12.05|5500|6300~7700|14.9:1|하나대투증권
알티캐스트|2013.11.27~11.28|8500|7500~8500|572.09:1|한국투자증권
엔브이에이치코리아|2013.11.25~11.26|4500|4000~4600|18.37:1|미래에셋증권
현대공업|2013.11.25~11.26|7500|6500~7500|697:1|신영증권
디엠티|2013.11.14~11.15|5700|5200~6200|535.94:1|하나대투증권
우리기업인수목적2호|2013.11.13~11.14|2000|2000~2000|1.55:1|우리투자증권
신송홀딩스|2013.11.11~11.12|6500|5200~6000|548.34:1|우리투자증권
라이온켐텍|2013.11.07~11.08|12500|10000~12000|606.37:1|하나대투증권
램테크놀러지|2013.11.06~11.07|3900|3500~3900|640.94:1|한국투자증권
미동전자통신|2013.11.04~11.05|20000|18500~21000|585.2:1|우리투자증권
에이씨티|2013.10.30~10.31|8100|11000~14000|472.29:1|한국투자증권
해성옵틱스|2013.10.28~10.29|6600|6000~6800|249.01:1|우리투자증권
현대로템|2013.10.22~10.23|23000|17000~23000|54.53:1|우리투자증권,대우증권
내츄럴엔도텍|2013.10.21~10.22|40000|32000~38000|609.82:1|키움증권
테스나|2013.10.10~10.11|13500|12000~13500|643.73:1|키움증권
파수닷컴|2013.10.07~10.08|5800|5400~6200|449.72:1|삼성증권
엘티씨|2013.09.26~09.27|20500|17500~19500|702.54:1|키움증권
지엔씨에너지|2013.09.23~09.24|6000|5000~5800|1251:1|교보증권
아미코젠|2013.09.04~09.05|25000|20800~23800|641.43:1|우리투자증권
파이오링크|2013.07.24~07.25|10500|9500~10500|720.3:1|LIG투자증권
금호N.T|2013.07.24~07.25|3100|2700~3100|987.83:1|미래에셋증권
KG이티에스|2013.07.15~07.16|3800|3000~3900|390.88:1|우리투자증권
나스미디어|2013.07.08~07.09|8800|7500~9000|781:1|KB투자증권
엑세스바이오|2013.05.13~05.14|4500|3600~4100|692:1|우리투자증권,유진투자증권
디에스알|2013.05.06~05.07|4000|4150~4650|406.30:1|우리투자증권
레고켐바이오사이언스|2013.05.02~05.03|15500|13800~15500|604.97:1|한국투자증권
삼목강업|2013.04.18~04.19|2600|3500~3900|276:1|교보증권
세호로보트|2013.03.26~03.27|7800|6500~7500|514.5:1|IBK투자증권
윈팩|2013.02.25~02.26|4000|4200~5100|39.65:1|키움증권
코렌텍|2013.02.21~02.22|16000|13000~16000|586.12:1|한국투자증권
제로투세븐|2013.02.06~02.07|8300|7200~8300|750.87:1|현대증권
지디|2013.01.31~02.01|18000|14500~16500|536.3:1|미래에셋증권
아이원스|2013.01.28~01.29|4500|4300~4800|638.66:1|우리투자증권
우리이앤엘|2013.01.24~01.25|4900|4900~5700|3.04:1|현대증권
아이센스|2013.01.21~01.22|19000|16000~19000|714.5:1|우리투자증권
포티스|2013.01.17~01.18|3900|3500~3900|834.7:1|하나대투증권
씨에스엘쏠라|2012.12.17~12.18|10000|10000~11000|12.15:1|키움증권
SBIAXES(구.AXES홀딩스)|2012.11.28~11.29|3600|3000~3600|2.4:1|하나대투증권
우리로광통신|2012.11.15~11.16|10300|9000~10300|195:1|미래에셋증권
디젠스|2012.11.13~11.14|1800|1800~2300|710.64:1|우리투자증권
맥스로텍|2012.11.07~11.08|7000|6000~7000|1132:1|미래에셋증권
GMB코리아|2012.11.07~11.08|6000|7600~9200|191.21:1|신한금융투자
와이엠씨|2012.11.05~11.06|6000|5100~6000|557.18:1|우리투자증권
CJ헬로비전|2012.10.31~11.01|16000|14000~19000|0.26:1|하이투자
아바텍|2012.10.25~10.26|6300|5100~5800|551.8:1|한국투자증권
코이즈|2012.09.18~09.19|7500|6500~7400|609.99:1|한국투자증권
모다정보통신|2012.09.13~09.14|7000|7000~8500|499.89:1|키움증권
나노스|2012.07.24~07.25|7000|6000~7000|438.54:1|한화증권
에이제이렌터카(구.아주오토렌탈)|2012.07.18~07.19|7000|8000~9000|0.23:1|한국투자증권
우양에이치씨|2012.07.18~07.19|5500|4000~6500|5.64:1|한화증권
엠씨넥스|2012.07.16~07.17|15000|16200~18600|1.70:1|한국투자증권
네이블커뮤니케이션즈|2012.07.10~07.11|9000|7500~9000|241.42:1|한국투자증권
디지탈옵틱|2012.07.04~07.05|11500|9500~11500|596.87:1|신한금융투자
피엔티|2012.06.27~06.28|17000|14000~16000|1116.89:1|하나대투증권
사조씨푸드|2012.06.19~06.20|10600|8600~10050|218.3:1|미래에셋증권
비아트론|2012.04.25~04.26|15900|12900~14600|834.68:1|한국투자증권
에스비아이모기지|2012.04.16~04.17|7000|7700~9200|1.81:1|하나대투증권
코오롱패션머티리얼|2012.03.27~03.28|14500|12000~14500|691.76:1|우리투자증권
빛샘전자|2012.03.12~03.13|4400|4000~4400|1000.47:1|미래에셋증권
휴비스|2012.02.13~02.14|12200|11700~13200|25.32:1|대우증권
사람인에이치알|2012.02.09~02.10|5000|4000~5000|1057.8:1|현대증권
뉴로스|2012.02.06~02.07|8500|7500~8500|1255.32:1|교보증권
남화토건|2012.01.17~01.18|3000|2600~3000|1269.57:1|HMC투자증권
케이탑리츠|2012.01.16~01.17|5500|0||한국투자증권
동아팜텍|2012.01.10~01.11|24000|20000~24000|543:1|우리투자증권
원익머트리얼즈|2011.12.15~12.16|27000|23000~26000|417.16:1|동양증권
디엔에이링크|2011.12.14~12.15|7700|6000~7000|836.99:1|미래에셋증권
나이스디앤비|2011.12.14~12.15|1700|1400~1700|216.35:1|대신증권
GS리테일(지에스리테일)|2011.12.14~12.15|19500|18000~21000|5.69:1|우리투자증권
시큐브|2011.12.12~12.13|4900|4200~4900|6.48:1|SK증권
서암기계공업|2011.12.07~12.08|3800|3200~3800|183.36:1|한국투자증권
씨유메디칼시스템|2011.12.06~12.07|12000|10000~11500|568.84:1|현대증권
인터지스|2011.12.06~12.07|10000|10000~12200|3.14:1|삼성증권
사파이어테크놀로지|2011.11.23~11.24|65000|55000~65000|300.33:1|한국투자증권
티브이로직|2011.11.22~11.23|12000|10000~11200|652.7:1|한국투자증권
넥스트리밍|2011.11.22~11.23|6000|5000~6000|306.71:1|신한금융투자
에스에프씨|2011.11.21~11.22|14000|13500~17000|82.8:1|우리투자증권
이엠넷|2011.11.17~11.18|6400|5800~6400|862.5:1|KB투자증권
신진에스엠|2011.11.17~11.18|15000|12500~15000|443.77:1|한화증권
와이지엔터테인먼트|2011.11.14~11.15|34000|22100~28800|560:1|대우증권
쎄미시스코|2011.11.09~11.10|9500|7000~8000|781:1|하이투자증권
아이테스트|2011.11.02~11.03|2400|2000~2400|446.2:1|미래에셋증권
테크윙|2011.11.01~11.02|23000|18000~20000|801.89:1|한국투자증권
신흥기계|2011.10.27~10.28|8500|7000~7700|1014.97:1|한국투자증권
씨큐브|2011.10.27~10.28|5750|4200~5000|791.35:1|대신증권
씨엔플러스|2011.10.24~10.25|11500|10000~11300|1221.89:1|한국투자증권
테라세미콘|2011.10.20~10.21|13500|10000~12000|864:1|LIG투자증권
케이맥|2011.10.13~10.14|14500|13000~15000|745:1|현대증권
로보스타|2011.10.05~10.06|5800|4500~6000|184:1|미래에셋증권
넥솔론|2011.10.05~10.06|4000|6700~8000|68.7:1|우리투자증권
대한과학|2011.09.29~09.30|3000|2400~3200|414:1|대우증권
피앤이솔루션|2011.09.15~09.16|8000|7000~8000|867.62:1|교보증권
화진|2011.07.28~07.29|4300|3700~4300|1166.02:1|HMC투자증권
제이씨케미칼|2011.07.28~07.29|7200|6000~7200|545.66:1|삼성증권
아이씨디|2011.07.26~07.27|34000|23000~27000|512.93:1|동양증권
제닉|2011.07.25~07.26|22000|19000~22000|330.49:1|교보증권
경봉|2011.07.19~07.20|7100|6000~7100|965.5:1|동양증권
상아프론테크|2011.07.13~07.14|6000|6300~6900|670.85:1|한국투자증권
삼원강재|2011.07.11~07.12|4000|3700~4200|707.07:1|대우증권
나이벡|2011.07.05~07.06|10000|8400~10200|481.43:1|대신증권
옵티시스|2011.07.04~07.05|7600|6700~7600|907.98:1|키움증권
신세계인터내셔날|2011.06.30~07.01|65000|50000~65000|290.07:1|한국투자증권
대양전기공업|2011.06.28~06.29|9000|8200~10000|18.3:1|삼성증권
한국항공우주산업|2011.06.23~06.24|15500|14000~16000|48.95:1|우리투자,현대증권
하이마트|2011.06.21~06.22|59000|59000~67700|2.6:1|대우증권
탑금속|2011.06.15~06.16|6500|5800~6500|531:1|현대증권
쓰리피시스템|2011.06.09~06.10|5800|4500~6000|0.45:1|부국증권
엠케이트렌드|2011.06.08~06.09|11000|9000~11000|352:1|우리투자증권
리켐|2011.06.02~06.03|14000|11000~14000|444:1|SK증권
완리인터내셔널홀딩스|2011.06.02~06.03|4100|4100~5500|1.07:1|삼성증권
코오롱플라스틱|2011.06.02~06.03|4300|3800~4300|579:1|대우증권
넥스트아이|2011.06.01~06.02|10000|9700~10800|4.59:1|한국투자증권
엘티에스|2011.05.25~05.26|34000|32500~34500|6.78:1|우리투자증권
KT스카이라이프|2011.05.23~05.24|17000|13500~18500|97.7:1|대우증권
세아특수강|2011.05.23~05.24|28000|24000~28000|363.9:1|하나대투증권
케이엠에이치|2011.05.16~05.17|9500|9500~11500|14.08:1|IBK투자증권
골프존|2011.05.11~05.12|85000|65000~79000|209.64:1|한국투자증권
한국종합기술|2011.04.18~04.19|7100|6800~9200|184.33:1|우리투자증권
이퓨쳐|2011.04.18~04.19|6400|5200~6400|573.64:1|삼성증권
티케이케미칼|2011.04.14~04.15|5000|4500~5000|1.94:1|우리투자증권
일진머티리얼즈|2011.02.23~02.24|15800|14100~15800|2.917:1|미래에셋증권
부스타|2011.02.14~02.15|4200|3500~4200|440.26:1|HMC투자증권
현대위아|2011.02.09~02.10|65000|53000~60000|103.66:1|미래에셋증권
나노신소재|2011.01.26~01.27|17000|14500~16500|673.1:1|한국투자증권
케이아이엔엑스|2011.01.24~01.25|8000|6900~7500|588.1:1|하나대투증권
티피씨|2011.01.24~01.25|5200|4500~5200|1413.24:1|신영증권
제이엔케이히터|2011.01.20~01.21|13600|10500~13600|621:1|우리투자증권
엘비세미콘|2011.01.19~01.20|4700|4000~4500|304:1|한국투자증권
딜리|2011.01.19~01.20|8000|7000~8000|237.85|현대증권
블루콤|2011.01.17~01.18|12000|9000~12000|645.86:1|우리투자증권
인트론바이오테크놀로지|2011.01.17~01.18|6100|4800~6100|943.9:1|신한금융투자
씨그널정보통신|2011.01.13~01.14|8500|7500~8500|1118.70:1|신영증권
다나와|2011.01.13~01.14|14000|12000~14000|672.02:1|한국투자증권
중국고섬공고|2011.01.12~01.13|7000|5970~5970|0.46:1|대우증권
티에스이|2010.12.23~12.24|45000|45000~52000|47.90:1|한국투자증권
KB게임(KB스팩)|2010.12.23~12.24|2500|2500~2500|1.21:1|KB투자증권
인텍플러스|2010.12.21~12.22|7000|6000~7000|57.87:1|한국투자증권
두산엔진|2010.12.21~12.22|19300|17200~20900|47.29:1|대우증권
대구도시가스|2010.12.15~12.16|5400|4400~5400|356.78:1|신한금융투자
액트|2010.12.15~12.16|2700|2400~2700|12.93:1|한국투자증권
현대HCN|2010.12.14~12.15|3800|3800~4500|21.1:1|현대증권
IBKS스마트스팩|2010.12.13~12.14|1000|1000~1000|4.84:1|IBK투자증권
한전산업개발|2010.12.08~12.09|5500|4500~5500|127.26:1|신한금융투자
대정화금|2010.12.08~12.09|9200|8100~9200|697.93:1|HMC투자증권
케이티스(구.한국인포서비스)|2010.12.08~12.09|2700|2500~3100|64.8:1|우리투자증권
동부티에스블랙펄스팩|2010.11.29~11.30|2000|2000~2000|138.8:1|동부증권
하이제1호스팩|2010.11.23~11.24|4000|4000~4000|247.66:1|하이투자증권
세우테크|2010.11.22~11.23|5500|5500~6500|32.25:1|신한금융투자
코라오홀딩스|2010.11.18~11.19|4800|3800~4800|395:1|IBK투자증권
대구방송|2010.11.18~11.19|7500|7500~9500|4.3:1|부국증권
케이티롤|2010.11.17~11.18|6800|6000~6800|42.82:1|대신증권
시그네틱스|2010.11.16~11.17|2600|2300~2600|23.9:1|미래에셋증권
한국전자인증|2010.11.10~11.11|1600|1300~1500|303.38:1|한국투자증권
코프라|2010.11.04~11.05|7000|5500~6500|1464:1|미래에셋증권
디케이락|2010.11.01~11.02|7500|7000~8000|169.58:1|신한금융투자
하나그린스팩1호|2010.11.01~11.02|4000|4000~4000|535.36:1|하나대투
삼본정밀전자|2010.10.27~10.28|8800|7800~8800|452:1|현대증권
케이엔엔|2010.10.25~10.26|9000|8000~10000|170.13:1|미래에셋증권
아나패스|2010.10.25~10.26|52000|47000~52000|376.3:1|대우증권
부국퓨쳐스타즈스팩|2010.10.19~10.20|2000|2000~2000|321:1|부국증권
아이텍반도체|2010.10.14~10.15|9100|8700~9100|548.21:1|대우증권
인화정공|2010.10.13~10.14|26000|22000~26000|582.41:1|신한금융투자
누리플랜|2010.10.13~10.14|5500|4600~5500|843.62:1|HMC투자증권
코렌|2010.10.11~10.12|5800|5800~6600|191.28:1|대우증권
아이씨코리아|2010.10.07~10.08|2800|2400~3000|1105.27:1|한화증권
휠라코리아|2010.09.14~09.15|35000|30000~35000|330:1|삼성증권
키움제1호스팩|2010.09.14~09.15|2000|2000~2000|0.13:1|키움증권
포메탈|2010.09.09~09.10|6000|6000~6800|15.91:1|IBK투자증권
케이티씨에스(구.한국인포데이타|2010.09.07~09.08|2600|2600~3100|382.82:1|한국투자증권
알파칩스|2010.09.07~09.08|12000|10500~12000|941.45:1|현대증권
다원시스|2010.09.06~09.07|11000|9000~12000|3.21:1|하이투자증권
성융광전투자|2010.09.06~09.07|2800|2700~3300|1.32:1|대우증권
현대홈쇼핑|2010.09.02~09.03|90000|80000~90000|147.21:1|현대증권
씨젠|2010.09.01~09.02|30500|28000~35000|3.42:1|대우증권
와이솔|2010.09.01~09.02|8000|7000~9000|12.75:1|한화증권
이트레이드1호스팩|2010.08.31~09.01|2000|2000|0.31:1|이트레이드증권
에이치엠씨아이비1호스팩|2010.08.19~08.20|2000|2000|180:1|HMC투자증권
교보케이티비스팩|2010.08.18~08.19|4000|4000|0.84:1|교보증권,KTB투자증권
한국투자신성장1호스팩|2010.08.16~08.17|2200|2200|5.18:1|한국투자증권
에스비아이앤솔로몬드림스팩|2010.08.12~08.13|1250|1250|0.48:1|솔로몬투자
대신증권그로쓰알파|2010.08.12~08.13|2000|2000|0.77:1|대신증권
도화종합기술공사|2010.08.03~08.04|22000|20000~23000|24.96:1|우리투자증권
엠에스오토텍|2010.07.27~07.28|5500|4500~5500|1257.45:1|HMC투자증권
이글루시큐리티|2010.07.26~07.27|14000|11000~14000|59.2:1|미래에셋증권
아이마켓코리아|2010.07.22~07.23|15300|12300~15300|245.4:1|미래에셋증권
하이텍팜|2010.07.20~07.21|11500|10000~11500|877.70:1|HMC투자증권
인터로조|2010.07.19~07.20|12000|9000~12000|107.02:1|한화증권
우진|2010.07.15~07.16|15000|13600~15200|723.42:1|한국투자증권
웨이포트(홍콩)|2010.07.14~07.15|1400|1400~1800|66.58:1|메리츠증권
크루셜텍|2010.07.12~07.13|23500|20000~23500|554.7:1|미래에셋증권
에스디시스템|2010.07.07~07.08|14800|13000~14800|491.68:1|대우증권
한화스팩1호|2010.06.29~06.30|5000|5000|40.63:1|한화증권
신영증권스팩1호|2010.06.22~06.23|1000|1000|6.99:1|신영증권
웅진에너지|2010.06.21~06.22|9500|7500~8500|162.69:1|대신증권
처음앤씨|2010.06.10~06.11|13000|10500~13000|497.28:1|우리투자증권
유비벨록스|2010.06.09~06.10|11000|9500~10500|1198.94:1|한국투자증권
케이엔디티앤아이|2010.06.03~06.04|8500|7000~8500|1059.2:1|교보증권
히든챔피언제1호스팩|2010.06.03~06.04|2000|2000~2000|0.66:1|삼성증권
이연제약|2010.05.31~06.01|16500|16500~18000|64.47:1|현대증권
솔라시아|2010.05.28~05.31|5000|4600~5100|976.35:1|한국투자증권
실리콘웍스|2010.05.26~05.27|67000|61000~67000|113.89:1|한국투자증권
투비소프트|2010.05.24~05.25|8000|6500~7500|1259.04:1|한국투자증권
인피니트헬스케어(구.인피니트테|2010.05.17~05.18|5200|4200~5200|696.17:1|삼성증권
모바일리더|2010.05.13~05.14|15000|13000~15000|746.94:1|한화증권
만도|2010.05.11~05.12|83000|75000~90000|124.63:1|우리투자증권
신한제1호스팩|2010.05.10~05.11|5000|4000~5000|8.48:1|신한금융투자
삼성생명|2010.05.03~05.04|110000|90000~115000|40.6:1|한국투자증권
우리스팩1호|2010.04.29~04.30|10000|10000|193.4:1|우리투자증권
동아체육용품유한공사|2010.04.14~04.15|5000|4600~5200|25.4:1|교보증권
뉴프라이드|2010.04.12~04.13|7500|6000~7700|322:1|골든브릿지
케이씨에스|2010.04.05~04.06|1600|1200~1600|781.6:1|삼성증권
차이나킹하이웨이|2010.03.22~03.23|3700|3000~3500|301.75:1|우리투자증권
디지탈아리아|2010.03.17~03.18|11000|8000~10000|897.4:1|교보증권
동양밸류오션SPAC|2010.03.16~03.17|10000|10000|101.94:1|동양증권
현대드림투게더|2010.03.10~03.11|6000|6000|2;1|현대증권
대한생명보험|2010.03.09~03.10|8200|9000~11000|23.7:1|대우증권
미래에셋스팩1호|2010.03.03~03.04|1500|1500|163.68:1|미래에셋증권
대우증권그린코리아SPAC|2010.02.22~02.23|3500|2500~3500|86.9:1|대우증권
이미지스테크놀로지|2010.02.17~02.18|6000|6000~7500|195.36:1|교보증권
하이소닉|2010.01.28~01.29|13000|11000~13000|525.81:1|한화증권
인포바인|2010.01.28~01.29|33000|26000~31000|791.12:1|한국투자증권
에스이티아이|2010.01.26~01.27|17500|16500~18000|52.2:1|삼성증권
모베이스|2010.01.26~01.27|13200|9000~12000|704:1|미래에셋증권
차이나하오란리사이클링|2010.01.26~01.27|4700|4300~5600|42.5:1|신한금융
지역난방공사|2010.01.21~01.22|45000|33400~40800|127.3:1|삼성증권
에이치디시에스|2010.01.21~01.22|15000|11000~15000|227.32:1|하이투자증권
락앤락|2010.01.20~01.21|15700|14000~15700|24.85:1|한국투자증권
우리넷|2010.01.18~01.19|6700|6000~7000|725.91:1|한국투자증권
스타플렉스|2010.01.18~01.19|15000|13100~15600|216:1|대신증권
영흥철강|2010.01.15~01.18|12000|12000~16000|491.86:1|대우증권
아세아텍|2010.01.14~01.15|4100|4700~5400|79.21:1|IBK투자증권
우노앤컴퍼니|2010.01.05~01.06|6500|7000~10000|562.95:1|SK증권
승화엘엠씨|2009.12.23~12.24|6700|6000~7000|611.88:1|한화증권
코디에스|2009.12.22~12.23|6000|5000~6000|953:1|동부증권
글로벌에스엠테크리미티드|2009.12.14~12.15|3200|2800~3200|522:1|미래에셋증권
아이티엑스시큐리티|2009.12.14~12.15|6000|6500~8000|413:1|한화증권
KPX라이프사이언스|2009.12.10~12.11|6200|5000~6500|252.62:1|미래에셋증권
동양피엔에프|2009.12.10~12.11|12000|10000~12000|373.92:1|HMC투자증권
위메이드엔터테인먼트|2009.12.09~12.10|62000|60000~65000|5.63:1|우리투자증권
멜파스|2009.12.09~12.10|43200|43200~48800|2.47:1|한국투자증권
현대푸드시스템|2009.12.07~12.08|11600|10000~11600|337.83:1|현대증권
한전기술|2009.12.03~12.04|21600|21600~24400|124:1|동양증권
디오텍|2009.12.02~12.03|9000|10000~12000|346.23:1|한화증권
중국엔진집단유한공사|2009.11.23~11.24|6000|10000~11000|272.57:1|신한금융투자
이원컴포텍|2009.11.19~11.20|2000|2000~2200|1035:1|신영증권
GKL|2009.11.11~11.12|12000|9500~12000|20.4:1|미래에셋증권
강원비앤이|2009.11.10~11.11|4700|4800~6000|14.26:1|현대증권
에스케이씨앤씨|2009.11.03~11.04|30000|28000~32000|20.87:1|우리,한국,대신
이너스텍|2009.11.02~11.03|10000|10000~13000|369.6:1|대우증권
동방선기|2009.11.02~11.03|4000|5000~5800|85.35:1|신한금융투자
디엠씨|2009.10.28~10.29|6300|7500~8600|22.3:1|미래에셋증권
진매트릭스|2009.10.28~10.29|8000|11000~14000|228.3:1|삼성증권
비츠로셀|2009.10.19~10.20|5500|6700~8000|20.36:1|현대증권
스틸플라워|2009.10.15~10.16|13500|17500~21500|7.88:1|미래에셋증권
진로|2009.10.08~10.09|41000|45000~50000|9.4:1|삼성,우리투자
한스바이오메드|2009.09.29~09.30|5500|4500~5100|1041:1|한국투자증권
동양생명|2009.09.29~09.30|17000|17000~22000|12.67:1|대우증권외2
네오위즈벅스|2009.09.24~09.25|9000|9000~11000|104.02:1|우리투자증권
아이앤씨테크놀로지|2009.09.23~09.24|16000|14000~16000|349.93:1|미래에셋증권
케이엔더블유|2009.09.17~09.18|11000|9000~11000|538.61:1|키움닷컴증권
에리트베이직|2009.09.17~09.18|4000|3400~4200|260.76:1|신한금융투자
쌍용머티리얼|2009.09.16~09.17|17500|14500~17500|13.73:1|대우증권
모린스|2009.09.15~09.16|39000|30000~39000|35.05:1|우리투자,현대
디에스케이|2009.09.14~09.15|5000|4000~5000|497.85:1|신한금융투자
제넥신|2009.09.07~09.08|27000|22000~27000|525.05:1|대우,교보증권
톱텍|2009.09.03~09.04|10400|9100~10400|440.12:1|HMC투자증권
동국S&amp;C|2009.08.20~08.21|11000|9000~12000|10.58:1|삼성증권
에스앤더블류|2009.07.27~07.28|6700|5600~6700|995.16:1|대신증권
게임빌|2009.07.22~07.23|15000|13000~15500|622.78:1|동양증권
동일금속|2009.07.16~07.17|8000|7000~8000|243.26:1|동양증권
대우캐피탈|2009.06.17~06.18|8000|7000~8500|216.27:1|한국투자증권
한미파슨스건축사사무소|2009.06.11~06.12|14500|10000~13000|513.93:1|삼성증권
동아지질|2009.06.02~06.03|14500|12500~14000|357.95:1|대우증권
어보브반도체|2009.05.27~05.28|3300|2500~3000|2423.32:1|한국투자증권
조이맥스|2009.05.25~05.26|55000|40000~50000|631.97:1|교보증권
이엔에프테크놀로지|2009.05.20~05.21|5500|4500~5100|696.2:1|한국투자증권
차이나그레이트스타인터내셔널리|2009.05.19~05.20|1700|1200~1600|205.77:1|NH투자증권
뉴그리드테크놀로지|2009.05.14~05.15|3500|2800~3200|1061.76:1|미래에셋증권
중국원양자원유한공사|2009.05.13~05.14|3100|2300~2900|243.5:1|현대증권
해덕선기|2009.05.11~05.12|8500|7500~8500|180.4:1|메리츠증권
서울마린|2009.05.11~05.12|10000|8000~10000|412.3:1|미래에셋증권
한국정밀기계|2009.05.06~05.07|22000|18000~22000|252.4:1|현대증권
STX엔파코|2009.05.06~05.07|13000|10000~13000|357.57:1|굿모닝신한,우리
흥국|2009.04.29~04.30|4200|3200~3800|1989.74:1|한국투자증권
신텍|2009.04.21~04.22|12500|9500~12500|384.23:1|우리투자증권
우림기계|2009.04.16~04.17|10000|8000~10000|583.99:1|동양증권
티플랙스|2009.04.14~04.15|3000|2200~2600|2493.46:1|미래에셋증권
네프로아이티|2009.04.13~04.14|4500|3500~4500|403.78:1|삼성증권
에스티오|2009.04.08~04.09|5000|4000~5000|361.01:1|삼성증권
엔에스브이|2009.04.07~04.08|4300|3600~4300|561.15:1|대우증권
에이테크솔루션|2009.04.06~04.07|5400|5000~5800|1495:1|현대증권
뷰웍스|2009.04.02~04.03|9000|8000~10000|1163.17:1|한국투자증권
에스앤에스텍|2009.04.01~04.02|4000|3500~4500|460.23:1|대우증권
코오롱생명과학|2009.03.26~03.27|23500|19500~23500|283.19:1|삼성증권
네오피델리티|2009.03.19~03.20|4500|4000~5000|569.26:1|한화증권
중국식품포장유한공사|2009.03.16~03.17|1500|2700~3700|230.91:1|굿모닝신한증권
이수앱지스|2009.01.19~01.20|5500|5000~5500|232.19:1|삼성증권
유비쿼스|2009.01.14~01.15|6100|6000~7000|239.29:1|미래에셋증권
대성파인텍|2009.01.13~01.14|3500|4000~4500|181.23:1|현대증권
메디톡스|2009.01.07~01.08|14000|13200~14700|297.14:1|한국투자증권
엠게임|2008.12.09~12.10|10000|11000~13000|663.54:1|미래에셋증권
아이컴포넌트|2008.12.04~12.05|3500|5100~5600|437.9:1|한국투자증권
연합과기공고유한공사|2008.11.25~11.26|2200|4000~5000|82.17:1|대우증권
LG파워콤|2008.11.18~11.19|5700|8500~10000|19.07:1|우리투자증권
에너지솔루션즈|2008.11.13~11.14|3000|5000~6000|385:1|현대증권
이크레더블|2008.10.13~10.14|18000|20000~25000|538.63:1|한화증권
심팩에이앤씨|2008.10.07~10.08|12000|18000~20000|0.56:1|동양증권
사이버다임|2008.09.24~09.25|3100|4000~5000|191.2:1|우리투자증권
세운메디칼|2008.09.18~09.19|5600|6000~7000|583.4:1|한화증권
마이크로컨텍솔루션|2008.09.09~09.10|2000|2400~3100|447.44:1|HMC투자증권
케이제이프리텍|2008.09.08~09.09|3000|5000~6000|1.51:1|교보증권
삼강엠앤티|2008.07.21~07.22|6500|8200~10000|157.13:1|신영증권
아이엠|2008.07.14~07.15|5000|7700~9100|19.86:1|한국투자증권
LG이노텍|2008.07.14~07.15|40500|50000~60000|0.66:1|대우증권
한텍엔지니어링|2008.07.07~07.08|8500|10200~11500|0.41:1|굿모닝신한증권
코리아에스이|2008.07.03~07.04|5500|6000~7000|2.65:1|동양증권
슈프리마|2008.07.02~07.03|27100|27100~34000|0.73:1|한국투자증권
명문제약|2008.07.01~07.02|6000|6300~7100|1.82:1|우리투자증권
이스트소프트|2008.06.19~06.20|9800|9000~12000|298.48:1|한화증권
서울옥션|2008.06.19~06.20|11000|9000~12000|3.09:1|우리투자증권
비유와상징|2008.06.19~06.20|33000|36000~40000|0.67:1|현대증권
씨디아이홀딩스|2008.06.16~06.17|33000|30000~33000|290.24:1|삼성증권
윌덱스|2008.06.11~06.12|10000|9100~10300|4.28:1|한국투자증권
쎄트렉아이|2008.06.04~06.05|43000|33500~43000|636.52:1|한국투자증권
브리지텍|2008.05.26~05.27|3100|2700~3100|366.98:1|굿모닝신한
고영테크놀러지|2008.05.22~05.23|11500|10000~11500|291.55:1|한국투자증권
제이씨엔터테인먼트|2008.05.21~05.22|10500|8500~10500|175:1|삼성증권
세미텍|2008.05.13~05.14|5000|6000~7000|988.71:1|동양증권
테스|2008.05.07~05.08|34000|33000~38000|323:1|하나IB증권
우진비앤지|2008.05.07~05.08|4000|3600~4100|659.15:1|한국투자증권
엘디티|2008.04.23~04.24|3800|3700~4300|569.84:1|한국투자증권
예스이십사|2008.04.23~04.24|6300|6500~7500|302.7:1|동양증권
실리콘화일|2008.04.16~04.17|6000|9000~12000|261.81:1|현대증권
메타바이오메드|2008.04.03~04.04|9000|10500~13000|980:1|한국투자증권
효성오앤비|2008.03.26~03.27|7500|8500~11000|269.18:1|SK증권
네패스신소재|2008.03.25~03.26|4400|6200~6800|167:1|우리투자증권
제너시스템즈|2008.03.17~03.18|3500|5500~6500|176.8:1|한국투자증권
텔레필드|2008.01.22~01.23|5000|11000~13000|7.82:1|굿모닝신한증권
넥실리온|2008.01.21~01.22|3500|6200~7200|20.3:1|한국투자증권
네오엠텔|2008.01.16~01.17|8500|13000~14200|345:1|삼성증권
엔케이|2008.01.16~01.17|10000|11900~15500|4.08:1|한국투자증권
코웰이홀딩스|2008.01.16~01.18|2000|3000~3500|6.62:1|교보증권
마이스코|2008.01.15~01.16|18000|25000~30000|0.75:1|교보증권
에스맥|2008.01.14~01.15|3500|7200~8200|82.4:1|한국투자증권
일신랩|2007.12.13~12.14|4500|6000~7000|536:1|현대증권
쎄믹스|2007.12.12~12.13|3300|5500~7000|381:1|CJ투자증권
미성포리테크|2007.12.10~12.11|6300|7000~8000|18.06:1|굿모닝신한증권
서원인텍|2007.12.10~12.11|6000|7000~8000|0.59:1|교보증권
이씨에스텔레콤|2007.12.07~12.10|2500|3200~4000|435:1|현대증권
대창메탈|2007.12.04~12.05|6500|9500~11500|187:1|미래에셋증권
한전KPS|2007.12.03~12.05|13300|11000~13300|112:1|굿모닝신한증권
위즈위드|2007.11.26~11.27|5200|6500~7500|17.6:1|굿모닝신한증권
성진지오텍|2007.11.19~11.20|14000|14000~17000|2.33:1|대우증권
화풍방직|2007.11.13~11.15|5600|5212~5212|151:1|대우증권
세실|2007.11.08~11.09|11000|11000~13000|21:1|CJ투자증권
알에프세미|2007.11.08~11.09|4800|6500~7500|84:1|대우증권
디엔에프|2007.11.07~11.08|12000|18700~21500|2.78:1|한국투자증권
씨모텍|2007.11.01~11.02|23000|32000~37000|2.78:1|동양증권
제이에스전선|2007.11.01~11.02|24000|20000~24000|383:1|삼성증권
일진정공|2007.10.25~10.26|5200|5000~5600|529:1|신흥증권
비엠티|2007.10.24~10.25|8000|8500~10000|3.59:1|동양증권
쉘라인|2007.10.24~10.25|17400|18300~20600|152:1|삼성증권
기신정기|2007.10.18~10.19|10000|9500~11500|223:1|동양증권
이엠코리아|2007.10.17~10.18|8500|8300~9300|2.73:1|한국투자증권
KSS해운|2007.10.17~10.18|65000|60000~65000|205:1|우리투자증권
이엘케이|2007.10.17~10.18|10000|10500~12500|0.62:1|한화증권
현우산업|2007.10.15~10.16|6800|7400~9600|5.57:1|대신증권
효성ITX|2007.10.15~10.16|5000|4000~5150|454:1|삼성증권
디아이씨|2007.10.10~10.11|63000|55000~65000|4.45:1|동양증권
다믈멀티미디어|2007.10.10~10.11|4500|5000~6500|166:1|미래에셋증권
에스에너지|2007.10.04~10.05|19000|17000~19000|853:1|한화증권
제이엠텔레콤|2007.10.02~10.04|5700|5000~6000|25:1|대우증권
성우전자|2007.10.01~10.02|11000|9000~11000|4.53:1|CJ투자증권
엘지에스|2007.10.01~10.02|11000|10000~12000|17:1|한화증권
오디텍|2007.09.27~09.28|10000|8300~10300|316:1|미래에셋증권
상보|2007.09.17~09.18|15000|12000~15000|25:1|한화증권
미래나노텍|2007.09.14~09.17|37000|32000~37000|133:1|한국투자증권
네오티스|2007.09.14~09.17|11500|10000~12000|58:1|대우증권
아이에스시테크놀러지|2007.09.13~09.14|21000|17000~21000|15:1|현대증권
에스티엑스팬오션|2007.09.13~09.14|1720|1270~1270|9.47:1|삼성증권
바이오톡스텍|2007.09.12~09.13|5500|4000~5500|445:1|한화증권
옴니시스템|2007.09.10~09.11|6500|5500~6500|787:1|한국투자증권
연이정보통신|2007.09.10~09.11|4000|3500~4000|257:1|교보증권
푸른기술|2007.09.05~09.06|12500|11000~13000|989:1|한국투자증권
웨이브일렉트로닉스|2007.09.03~09.04|10000|9300~10300|526:1|한국투자증권
넥스지|2007.08.08~08.09|9600|7500~9100|386:1|동부증권
빅솔론|2007.08.07~08.08|10000|8000~9000|841:1|교보증권
3노드디지탈|2007.08.02~08.03|2500|1800~2200|407:1|신영증권
에스엔케이폴리텍|2007.07.19~07.20|8900|6500~7500|305:1|키움증권
아구스|2007.07.18~07.19|14500|11000~13000|479:1|미래에셋증권
아로마소프트|2007.07.16~07.16|8200|7000~7500|837:1|교보증권
바로비젼|2007.07.11~07.12|8900|7000~8500|209.6:1|우리투자증권
에코프로|2007.07.09~07.10|9000|7000~8000|874.5:1|동양종합
메모리앤테스팅|2007.07.03~07.05|8000|7000~8000|1134:1|동양증권
컴투스|2007.06.27~06.28|12000|8000~10300|846.8:1|한국투자증권
디지텍시스템스|2007.06.20~06.22|21000|18500~22500|128.61:1|교보증권
삼성카드|2007.06.18~06.21|48000|40000~45000|103:1|한국투자증권
넥스트칩|2007.06.12~06.14|15700|14500~16200|970.4:1|한국투자증권
엔텔스|2007.06.05~06.08|10000|9500~10500|1078.2:1|한국투자증권
풍강|2007.05.21~05.23|3700|3600~4100|826.64:1|서울증권
케이프|2007.05.15~05.17|18000|14500~16500|591.2:1|미래에셋증권
동국제약|2007.05.15~05.17|14000|11800~14400|545.73:1|삼성증권
상신이디피|2007.05.11~05.15|7000|6300~7300|587.08:1|대한투자증권
한라레벨|2007.05.09~05.11|8600|8000~9000|602.61:1|대우증권
잘만테크|2007.05.08~05.10|14000|12500~14000|544.48:1|CJ투자증권
에버테크노|2007.05.08~05.10|5200|4500~5500|456.95:1|미래에셋증권
에프알텍|2007.05.07~05.09|3300|3000~3800|888:1|동양증권
이엠텍|2007.04.18~04.20|7100|7000~8000|700.5:1|하나증권
이트레이드증권|2007.02.06~02.08|6500|7400~9800|1095.93:1|한국투자증권
오스템임플란트|2007.01.24~01.26|15000|13800~16400|233.80:1|한국투자증권
나노캠텍|2007.01.16~01.18|7000|7900~8800|1113.83:1|한국투자증권
네오팜|2007.01.16~01.18|8000|7500~9200|524.61:1|삼성증권
비에이치|2007.01.15~01.17|4600|5500~6500|278.56:1|대우증권
켐트로닉스|2007.01.03~01.05|9500|9000~11000|143.19:1|교보증권
오스코텍|2007.01.03~01.05|9000|17000~21000|605.94:1|대우증권,신흥증권
젯텍|2006.12.26~12.28|7000|6500~8000|402.02:1|미래에셋증권
동아엘텍|2006.12.18~12.20|6000|5500~6500|746.55:1|교보증권
아비스타|2006.12.13~12.15|11100|10000~12000|389.19:1|대우증권
신양엔지니어링|2006.12.12~12.14|9100|8500~10000|737.12:1|CJ투자증권
디앤티|2006.12.11~12.13|6200|6000~7000|624.68:1|동양증권
펜타마이크로|2006.12.05~12.07|10200|10000~11000|541.83:1|한화증권
휴온스|2006.12.04~12.06|9300|8000~9500|1171.1:1|한국투자증권
한국컴퓨터|2006.11.29~12.01|23500|20000~25000|708.09:1|교보증권
파트론|2006.11.29~12.01|8300|7500~8500|1071.3:1|한국투자증권
유니테스트|2006.11.22~11.24|22000|23000~26000|659.01:1|동양증권
다사테크|2006.11.22~11.24|12000|12000~16400|1416.29:1|한국투자증권
에스에이티|2006.11.15~11.17|5200|5500~6500|965.69:1|키움증권
큐에스아이|2006.11.14~11.16|6800|7500~8500|882.1:1|한국투자증권
크레듀|2006.11.06~11.08|24000|22500~25500|710.8:1|한국투자증권
주연테크|2006.10.31~11.02|6400|6000~8000|533.25:1|하나증권
화신테크|2006.10.31~11.02|2700|2500~3000|661.87:1|대우증권
성창에어텍|2006.10.25~10.27|3400|3300~4000|611.74:1|동양증권
인천도시가스|2006.10.24~10.26|19000|18000~22000|557.93:1|한양증권
고려반도체시스템|2006.10.24~10.26|5500|6050~7150|409.69:1|한화증권
넥스턴|2006.10.23~10.25|4100|3700~4700|485.67:1|동양증권
제이티|2006.10.17~10.19|2700|2700~3700|621.81:1|한화증권
이녹스|2006.10.10~10.12|6500|7000~8000|514.2:1|한국투자증권
광진윈텍|2006.10.10~10.12|2600|2400~2800|903.07:1|신영증권
삼정펄프|2006.09.26~09.28|29000|28000~32000|610.31:1|서울증권
용현비엠|2006.09.25~09.27|9000|8000~9000|896.38:1|동양증권
바텍|2006.09.19~09.21|6700|7000~9000|481.62:1|교보증권
엠디에스테크놀로지|2006.09.13~09.15|13000|13000~16000|341.19:1|교보증권
현대EP|2006.09.11~09.13|18500|17200~21000|712.86:1|현대증권
평산|2006.08.08~08.10|15500|13500~15000|262:1|미래에셋증권
엘씨텍|2006.07.26~07.28|1500|1600~2100|896.95:1|신영증권
지오텔|2006.07.19~07.21|9800|10000~11000|30:1|한국증권
트라이콤|2006.07.12~07.14|4800|6000~7000|10.57:1|굿모닝신한증권
젠트로|2006.07.11~07.13|2200|3000~4000|348.68:1|키움닷컴
엑스씨이|2006.07.11~07.13|7500|7500~8500|4.71:1|동양증권
티엘아이|2006.07.11~07.13|11400|12000~15000|407.16:1|미래에셋증권
한국전자금융|2006.07.04~07.06|20500|20000~25000|631:1|현대증권
미디어플렉스|2006.06.26~06.29|24000|23000~29000|177.3:1|한국투자증권
화풍방직국제집단유한공사|2006.06.26~06.27|0|4400~6400||대우증권
팬엔터테인먼트|2006.06.21~06.23|7000|7000~8500|317.52:1|NH투자증권
맥스엔지니어링|2006.06.21~06.23|2900|3500~4500|84.53:1|한화증권
사이버패스|2006.06.21~06.23|5200|5500~7500|16.36:1|교보증권
온미디어|2006.06.21~06.23|5200|4500~5500|230.29:1|삼성증권
인포뱅크|2006.06.21~06.23|4600|6000~7000|34.02:1|동양증권
에이치앤티|2006.06.19~06.21|6800|7000~9000|4.42:1|교보증권
오엘케이|2006.06.14~06.16|4000|4400~5700|280.55:1|한국증권
포인트아이|2006.06.14~06.16|7300|9000~10000|74.84:1|교보증권
동우|2006.06.12~06.14|3000|3700~4800|4.81:1|대신증권
제이브이엠|2006.05.24~05.26|17000|14000~18000|55.91:1|교보증권
롯데관광개발|2006.05.23~05.25|18000|15000~17000|551.09:1|우리투자증권
씨앤비텍|2006.05.23~05.25|5600|5000~6000|98.14:1|한화증권
엔트로피|2006.05.10~05.12|8500|7000~9000|588.95:1|키움닷컴증권
팅크웨어|2006.05.09~05.11|10000|8500~9500|691.3:1|한국투자증권
진바이오텍|2006.04.17~04.19|5000|4500~6500|1012.73:1|한국투자증권
애강|2006.03.29~03.31|2800|2400~3000|835.64:1|한화증권
미래에셋증권|2006.02.06~02.08|48000|43000~53000|293.5:1|삼성증권
롯데쇼핑|2006.02.01~02.03|400000|340000~430000|77.04:1|대우증권
엠비즈네트웍스글로벌|2006.01.20~01.24|15000|12000~15000|596.73:1|한국투자증권
글로벌스탠다드테크놀로지|2006.01.18~01.20|5800|5000~6000|683.26:1|우리투자증권
제우스|2006.01.18~01.20|13500|13000~18000|291.13:1|교보증권
모건코리아|2006.01.18~01.20|1600|1300~1700|765.11:1|신영증권
모빌탑|2006.01.13~01.17|12400|9100~12400|902.88:1|한국투자
오늘과내일|2006.01.10~01.12|4100|3600~4400|490.17:1|굿모닝신한
유진테크|2006.01.04~01.06|7800|7000~8000|758.11:1|현대증권
뉴프렉스|2006.01.04~01.06|7100|7000~8000|1059.1:1|한국투자증권
크리스탈지노믹스|2005.12.27~12.29|18000|18000~23000|700.52:1|대우증권
바이로메드|2005.12.21~12.23|15000|14000~17000|430.79:1|현대증권
바이오니아|2005.12.19~12.21|11000|6000~11000|287.38:1|대우증권
글로비스|2005.12.14~12.16|21300|19000~21000|150.14:1|대우증권
윈포넷|2005.12.14~12.16|8600|8000~9000|233.1:1|미래에셋증권
드림씨티방송|2005.12.13~12.15|0|39100~47900||삼성증권
와이엔텍|2005.12.13~12.15|2700|2300~2700|261.52:1|교보증권
모젬|2005.12.13~12.15|17000|12000~16000|161.05:1|대투증권
디오스텍|2005.12.13~12.15|6200|5000~5700|591.10:1|미래에셋증권
대봉엘에스|2005.12.13~12.15|4200|3400~4200|353.30:1|한국투자증권
더베이직하우스|2005.12.07~12.09|11|9000~11000|356.38:1|대우증권
우진ACT|2005.12.07~12.09|8|6000~8000|429.56:1|교보증권
수성|2005.12.07~12.09|3|2500~3100|367.57:1|부국증권
엠피씨|2005.11.30~12.02|4300|3600~4500|1193.86:1|교보증권
제일연마공업|2005.11.23~11.25|5300|5000~6000|508.28:1|대신증권
이노칩테크놀로지|2005.11.23~11.25|14500|11000~15000|617.68:1|대우증권
범우이엔지|2005.11.22~11.24|15200|12000~16000|527.38:1|동원증권
화우테크놀러지|2005.11.16~11.18|3700|3100~3700|653.37:1|우리투자증권
아이디에스|2005.11.16~11.18|13500|13000~16000|225.75:1|교보증권
이엠따블유안테나|2005.11.15~11.17|11000|9000~11000|705.65:1|한화증권
리바트|2005.11.08~11.10|11|10000~12000|551.50:1|우리증권
자연과환경|2005.11.08~11.10|3700|3000~4000|379.96:1|하나증권
루미마이크로|2005.11.07~11.09|6|6000~9000|478.14:1|교보증권
와토스코리아|2005.11.02~11.04|7|6000~9000|457.2:1|sk증권
아이피에스|2005.11.01~11.03|9|8000~9000|418.68:1|동양증권
대한제강|2005.10.18~10.20|17|15000~18000|243.5:1|삼성증권
인프라웨어|2005.10.18~10.20|7|6000~7000|547.94:1|대우증권
성일텔레콤|2005.10.17~10.19|3|3600~4000|413.30:1|교보증권
두올산업|2005.10.17~10.19|1|1200~1600|510.19:1|메리츠증권
서린바이오사이언스|2005.10.11~10.13|10|10000~12000|1044.68:1|대신증권
가비아|2005.10.10~10.12|5|6000~7500|503.29:1|교보증권
그린소프트켐|2005.10.05~10.07|11|10700~12700|416.17:1|굿모닝신한
에스에스씨피|2005.10.05~10.07|7|6000~8000|417.05:1|미래에셋증권
덕산하이메탈|2005.10.04~10.06|9|7500~10000|318.1:1|삼성증권
아바코|2005.09.28~09.30|5700|5500~6400|533.72:1|현대증권
하나마이크론|2005.09.28~09.30|7|6500~8000|435.50:1|대우증권
이상네트웍스|2005.09.21~09.23|9500|10000~12000|527:1|현대증권
엘오티베큠|2005.09.21~09.23|7700|7000~8500|476.78:1|한투증권
참테크|2005.09.21~09.23|9700|11000~13000|362.36:1|교보증권
실리샌드|2005.09.21~09.23|4500|4500~5500|273.47:1|한화증권
테스텍|2005.05.09~05.10|1260|0||대우증권
금호타이어|2005.02.11~02.14|13|13250~16000||대신증권
에이블씨엔씨|2005.01.24~01.26|20|18000~24000|722:1|미래에셋증권
이노와이어리스|2005.01.24~01.26|13|11000~14000|479:1|동원증권
에이디피엔지니어링|2005.01.24~01.26|10|10000~10500|550:1|우리증권
이엠엘에스아이|2005.01.20~01.21|18|0|395.09:1|대우증권
동양계전공업|2005.01.20~01.21|7|7000~9000|301:1|교보증권
한창산업|2005.01.19~01.21|2|2300~2700|218:1|LG투자증권
디이엔티|2005.01.17~01.18|4|4200~5000|529:1|대우증권
에스엔유프리시젼|2005.01.12~01.14|27|25000~29000|631.18:1|동원증권
인터넷엠비씨|2005.01.11~01.13|3|4000~4800|516.03:1|미래에셋
서산|2005.01.11~01.13|12|0|161.5:1|미래에셋
인프라밸리|2005.01.10~01.11|8|10000~12000|404:1|교보증권
비아이이엠티|2005.01.05~01.06|3|3700~4500|455.68:1|대신증권
손오공|2004.12.27~12.29|9300|9000~11000||한양증권
아이크래프트|2004.12.21~12.23|6|6500~8000||미래에셋증권
메가스터디|2004.12.08~12.09|18|19000~23000|254.03:1|굿모닝신한증권
대주전자재료|2004.12.02~12.03|3|3200~4000|120:1|한투증권
모빌리언스|2004.12.01~12.02|4|6500~8500|91:1|교보증권
텔레칩스|2004.12.01~12.02|4|5000~6000|325:1|대우증권
넥스트인스트루먼트|2004.11.29~11.30|2|3200~4100|63:1|교보증권
유니드|2004.11.23~11.24|14|14200~17400|95.5:1|삼성증권
화인에이티씨|2004.11.22~11.23|2|2800~3200||LG투자증권
토비스|2004.11.09~11.10|2|2600~3300|7.17:1|브릿지증권
한서제약|2004.11.09~11.10|1|0||
케이이엔지|2004.10.20~10.21|2|3000~4000||동양증권
모코코|2004.10.20~10.21|2|3000~3800||동원증권
신지소프트|2004.10.19~10.20|9|9000~12000||미래에셋증권
디지탈디바이스|2004.10.19~10.20|3|3500~4500||우리증권
태양기전|2004.10.18~10.19|14|16000~21000|241.25:1|교보증권
국일제지|2004.10.12~10.13|15|0|251:1|현대증권
디엠에스|2004.09.15~09.16|28|0|192:1|한화증권
코아로직|2004.08.03~08.04|23|28000~32000|0.84:1|미래에셋증권
신성델타테크|2004.07.27~07.28|1|1700~2200||하나증권
유니퀘스트|2004.07.22~07.23|4|5500~6500||LG증권
한국경제티브이|2004.07.21~07.22|10|10600~13000|152.33:1|삼성증권
동아에스텍|2004.07.21~07.22|1|1800~2100|23.34:1|동원증권
LG필립스엘시디|2004.07.19~07.20|34|37100~52600|7.23:1|동원증권
다날|2004.07.13~07.14|8|10000~12000|68.25:1|LG증권
텔코웨어|2004.07.08~07.09|12|12000~15500|45.72:1|삼성증권
아이레보|2003.12.15~12.16|6|5000~6500||교보증권
레인콤|2003.12.09~12.10|47|37000~47000||현대증권
비트윈|2003.12.09~12.10|4|3500~4500||미래에셋
